dataset_source,source_mode,source_event_index,cohort,student_id,session_id,task_id,problem_id,problem_slug,problem_title,difficulty,concept,stage,scenario,error_type,severity,compile_success,tests_passed,tests_failed,same_error_count,total_errors_seen,attempt_no,last_feedback_action,last_feedback_success,has_suspicious_region,code_lines,total_feedback_count_in_session,analysis_time_ms,total_latency_ms,feedback_action,target_feedback_action,agreement,suspicious_region
problem_suite_http,RULE,1,1,501001,problem_suite_http:RULE:c1:s501001:p301,301,301,palindrome,Valid Palindrome,easy,two pointers and string normalization,syntax,missing_statement_ending,SYNTAX_ERROR,HIGH,False,0,0,1,0,1,,,True,1,0,216,353,CODE_HIGHLIGHT,CODE_HIGHLIGHT,true,statement ending
problem_suite_http,RULE,2,1,501001,problem_suite_http:RULE:c1:s501001:p301,301,301,palindrome,Valid Palindrome,easy,two pointers and string normalization,planning,unfinished_implementation,STUCK_NO_PROGRESS,LOW,True,0,3,1,1,2,CODE_HIGHLIGHT,true,True,2,1,330,392,GUIDING_QUESTION,GUIDING_QUESTION,true,unfinished implementation
problem_suite_http,RULE,3,1,501001,problem_suite_http:RULE:c1:s501001:p301,301,301,palindrome,Valid Palindrome,easy,two pointers and string normalization,first_conceptual_error,possible_null_access_first,POSSIBLE_NULL_ACCESS,MEDIUM,True,3,0,1,2,3,GUIDING_QUESTION,true,True,1,2,298,349,CODE_HIGHLIGHT,CODE_HIGHLIGHT,true,missing null or empty guard
problem_suite_http,RULE,4,1,501001,problem_suite_http:RULE:c1:s501001:p301,301,301,palindrome,Valid Palindrome,easy,two pointers and string normalization,repeated_conceptual_error,possible_null_access_repeat,POSSIBLE_NULL_ACCESS,MEDIUM,True,3,0,2,3,4,CODE_HIGHLIGHT,true,True,1,3,293,349,CONCEPTUAL_HINT,CONCEPTUAL_HINT,true,missing null or empty guard
problem_suite_http,RULE,5,1,501001,problem_suite_http:RULE:c1:s501001:p301,301,301,palindrome,Valid Palindrome,easy,two pointers and string normalization,partial_logic,partial_but_compiling,UNKNOWN,MEDIUM,True,1,2,1,4,5,CONCEPTUAL_HINT,true,True,1,4,288,343,CONCEPTUAL_HINT,CONCEPTUAL_HINT,true,logic block
problem_suite_http,RULE,6,1,501001,problem_suite_http:RULE:c1:s501001:p301,301,301,palindrome,Valid Palindrome,easy,two pointers and string normalization,local_completion,locally_complete,WRONG_CONDITION,LOW,True,1,2,1,5,6,CONCEPTUAL_HINT,true,True,1,5,302,358,CONCEPTUAL_HINT,NO_FEEDBACK,false,while condition
problem_suite_http,RULE,7,1,501002,problem_suite_http:RULE:c1:s501002:p302,302,302,two-sum,Two Sum,easy,hash map lookup and pair search,syntax,missing_statement_ending,SYNTAX_ERROR,HIGH,False,0,0,1,0,1,,,True,1,0,49,81,CODE_HIGHLIGHT,CODE_HIGHLIGHT,true,statement ending
problem_suite_http,RULE,8,1,501002,problem_suite_http:RULE:c1:s501002:p302,302,302,two-sum,Two Sum,easy,hash map lookup and pair search,planning,unfinished_implementation,STUCK_NO_PROGRESS,LOW,True,0,3,1,1,2,CODE_HIGHLIGHT,true,True,2,1,253,278,GUIDING_QUESTION,GUIDING_QUESTION,true,unfinished implementation
problem_suite_http,RULE,9,1,501002,problem_suite_http:RULE:c1:s501002:p302,302,302,two-sum,Two Sum,easy,hash map lookup and pair search,first_conceptual_error,off_by_one_first,OFF_BY_ONE,MEDIUM,True,1,2,1,2,3,GUIDING_QUESTION,true,True,1,2,262,305,CODE_HIGHLIGHT,CODE_HIGHLIGHT,true,for loop condition
problem_suite_http,RULE,10,1,501002,problem_suite_http:RULE:c1:s501002:p302,302,302,two-sum,Two Sum,easy,hash map lookup and pair search,repeated_conceptual_error,off_by_one_repeat,OFF_BY_ONE,MEDIUM,True,1,2,2,3,4,CODE_HIGHLIGHT,true,True,1,3,255,302,CONCEPTUAL_HINT,CONCEPTUAL_HINT,true,for loop condition
problem_suite_http,RULE,11,1,501002,problem_suite_http:RULE:c1:s501002:p302,302,302,two-sum,Two Sum,easy,hash map lookup and pair search,partial_logic,partial_but_compiling,UNKNOWN,MEDIUM,True,1,2,1,4,5,CONCEPTUAL_HINT,true,True,1,4,265,314,CONCEPTUAL_HINT,CONCEPTUAL_HINT,true,logic block
problem_suite_http,RULE,12,1,501002,problem_suite_http:RULE:c1:s501002:p302,302,302,two-sum,Two Sum,easy,hash map lookup and pair search,local_completion,locally_complete,UNKNOWN,LOW,True,3,0,2,5,6,CONCEPTUAL_HINT,true,True,1,5,261,300,NO_FEEDBACK,NO_FEEDBACK,true,logic block
problem_suite_http,RULE,13,1,501003,problem_suite_http:RULE:c1:s501003:p303,303,303,valid-parentheses,Valid Parentheses,easy,stack state and matching brackets,syntax,missing_statement_ending,SYNTAX_ERROR,HIGH,False,0,0,1,0,1,,,True,1,0,49,100,CODE_HIGHLIGHT,CODE_HIGHLIGHT,true,statement ending
problem_suite_http,RULE,14,1,501003,problem_suite_http:RULE:c1:s501003:p303,303,303,valid-parentheses,Valid Parentheses,easy,stack state and matching brackets,planning,unfinished_implementation,STUCK_NO_PROGRESS,LOW,True,0,3,1,1,2,CODE_HIGHLIGHT,true,True,2,1,254,297,GUIDING_QUESTION,GUIDING_QUESTION,true,unfinished implementation
problem_suite_http,RULE,15,1,501003,problem_suite_http:RULE:c1:s501003:p303,303,303,valid-parentheses,Valid Parentheses,easy,stack state and matching brackets,first_conceptual_error,possible_null_access_first,UNKNOWN,MEDIUM,True,3,0,1,2,3,GUIDING_QUESTION,true,True,1,2,249,302,NO_FEEDBACK,CODE_HIGHLIGHT,false,logic block
problem_suite_http,RULE,16,1,501003,problem_suite_http:RULE:c1:s501003:p303,303,303,valid-parentheses,Valid Parentheses,easy,stack state and matching brackets,repeated_conceptual_error,possible_null_access_repeat,UNKNOWN,MEDIUM,True,3,0,2,3,4,NO_FEEDBACK,false,True,1,3,262,302,NO_FEEDBACK,CONCEPTUAL_HINT,false,logic block
problem_suite_http,RULE,17,1,501003,problem_suite_http:RULE:c1:s501003:p303,303,303,valid-parentheses,Valid Parentheses,easy,stack state and matching brackets,partial_logic,partial_but_compiling,UNKNOWN,MEDIUM,True,1,2,3,4,5,NO_FEEDBACK,false,True,1,4,251,300,CONCEPTUAL_HINT,CONCEPTUAL_HINT,true,logic block
problem_suite_http,RULE,18,1,501003,problem_suite_http:RULE:c1:s501003:p303,303,303,valid-parentheses,Valid Parentheses,easy,stack state and matching brackets,local_completion,locally_complete,UNKNOWN,LOW,True,3,0,4,5,6,CONCEPTUAL_HINT,true,True,1,5,257,296,CONCEPTUAL_HINT,NO_FEEDBACK,false,logic block
problem_suite_http,RULE,19,1,501004,problem_suite_http:RULE:c1:s501004:p304,304,304,binary-search,Binary Search,easy,search interval invariant,syntax,missing_statement_ending,SYNTAX_ERROR,HIGH,False,0,0,1,0,1,,,True,1,0,49,79,CODE_HIGHLIGHT,CODE_HIGHLIGHT,true,statement ending
problem_suite_http,RULE,20,1,501004,problem_suite_http:RULE:c1:s501004:p304,304,304,binary-search,Binary Search,easy,search interval invariant,planning,unfinished_implementation,STUCK_NO_PROGRESS,LOW,True,0,3,1,1,2,CODE_HIGHLIGHT,true,True,2,1,255,308,GUIDING_QUESTION,GUIDING_QUESTION,true,unfinished implementation
problem_suite_http,RULE,21,1,501004,problem_suite_http:RULE:c1:s501004:p304,304,304,binary-search,Binary Search,easy,search interval invariant,first_conceptual_error,wrong_loop_boundary_first,WRONG_LOOP_BOUNDARY,MEDIUM,True,1,2,1,2,3,GUIDING_QUESTION,true,True,1,2,255,303,CODE_HIGHLIGHT,CODE_HIGHLIGHT,true,binary search loop boundary
problem_suite_http,RULE,22,1,501004,problem_suite_http:RULE:c1:s501004:p304,304,304,binary-search,Binary Search,easy,search interval invariant,repeated_conceptual_error,wrong_loop_boundary_repeat,WRONG_LOOP_BOUNDARY,MEDIUM,True,1,2,2,3,4,CODE_HIGHLIGHT,true,True,1,3,250,290,CONCEPTUAL_HINT,CONCEPTUAL_HINT,true,binary search loop boundary
problem_suite_http,RULE,23,1,501004,problem_suite_http:RULE:c1:s501004:p304,304,304,binary-search,Binary Search,easy,search interval invariant,partial_logic,partial_but_compiling,UNKNOWN,MEDIUM,True,1,2,1,4,5,CONCEPTUAL_HINT,true,True,1,4,252,288,CONCEPTUAL_HINT,CONCEPTUAL_HINT,true,logic block
problem_suite_http,RULE,24,1,501004,problem_suite_http:RULE:c1:s501004:p304,304,304,binary-search,Binary Search,easy,search interval invariant,local_completion,locally_complete,UNKNOWN,LOW,True,3,0,2,5,6,CONCEPTUAL_HINT,true,True,1,5,253,301,NO_FEEDBACK,NO_FEEDBACK,true,logic block
problem_suite_http,RULE,25,1,501005,problem_suite_http:RULE:c1:s501005:p305,305,305,merge-sorted-array,Merge Sorted Array,easy,array index management,syntax,missing_statement_ending,SYNTAX_ERROR,HIGH,False,0,0,1,0,1,,,True,1,0,48,76,CODE_HIGHLIGHT,CODE_HIGHLIGHT,true,statement ending
problem_suite_http,RULE,26,1,501005,problem_suite_http:RULE:c1:s501005:p305,305,305,merge-sorted-array,Merge Sorted Array,easy,array index management,planning,unfinished_implementation,STUCK_NO_PROGRESS,LOW,True,0,3,1,1,2,CODE_HIGHLIGHT,true,True,2,1,253,297,GUIDING_QUESTION,GUIDING_QUESTION,true,unfinished implementation
problem_suite_http,RULE,27,1,501005,problem_suite_http:RULE:c1:s501005:p305,305,305,merge-sorted-array,Merge Sorted Array,easy,array index management,first_conceptual_error,off_by_one_first,OFF_BY_ONE,MEDIUM,True,1,2,1,2,3,GUIDING_QUESTION,true,True,1,2,251,308,CODE_HIGHLIGHT,CODE_HIGHLIGHT,true,for loop condition
problem_suite_http,RULE,28,1,501005,problem_suite_http:RULE:c1:s501005:p305,305,305,merge-sorted-array,Merge Sorted Array,easy,array index management,repeated_conceptual_error,off_by_one_repeat,OFF_BY_ONE,MEDIUM,True,1,2,2,3,4,CODE_HIGHLIGHT,true,True,1,3,258,311,CONCEPTUAL_HINT,CONCEPTUAL_HINT,true,for loop condition
problem_suite_http,RULE,29,1,501005,problem_suite_http:RULE:c1:s501005:p305,305,305,merge-sorted-array,Merge Sorted Array,easy,array index management,partial_logic,partial_but_compiling,UNKNOWN,MEDIUM,True,1,2,1,4,5,CONCEPTUAL_HINT,true,True,1,4,246,294,CONCEPTUAL_HINT,CONCEPTUAL_HINT,true,logic block
problem_suite_http,RULE,30,1,501005,problem_suite_http:RULE:c1:s501005:p305,305,305,merge-sorted-array,Merge Sorted Array,easy,array index management,local_completion,locally_complete,UNKNOWN,LOW,True,3,0,2,5,6,CONCEPTUAL_HINT,true,True,1,5,248,276,NO_FEEDBACK,NO_FEEDBACK,true,logic block
problem_suite_http,RULE,31,1,501006,problem_suite_http:RULE:c1:s501006:p306,306,306,trapping-rain-water,Trapping Rain Water,hard,two pointers and running maxima,syntax,missing_statement_ending,SYNTAX_ERROR,HIGH,False,0,0,1,0,1,,,True,1,0,46,96,CODE_HIGHLIGHT,CODE_HIGHLIGHT,true,statement ending
problem_suite_http,RULE,32,1,501006,problem_suite_http:RULE:c1:s501006:p306,306,306,trapping-rain-water,Trapping Rain Water,hard,two pointers and running maxima,planning,unfinished_implementation,STUCK_NO_PROGRESS,LOW,True,0,3,1,1,2,CODE_HIGHLIGHT,true,True,2,1,260,300,GUIDING_QUESTION,GUIDING_QUESTION,true,unfinished implementation
problem_suite_http,RULE,33,1,501006,problem_suite_http:RULE:c1:s501006:p306,306,306,trapping-rain-water,Trapping Rain Water,hard,two pointers and running maxima,first_conceptual_error,wrong_condition_first,WRONG_CONDITION,MEDIUM,True,1,2,1,2,3,GUIDING_QUESTION,true,True,1,2,261,307,CONCEPTUAL_HINT,CONCEPTUAL_HINT,true,while condition
problem_suite_http,RULE,34,1,501006,problem_suite_http:RULE:c1:s501006:p306,306,306,trapping-rain-water,Trapping Rain Water,hard,two pointers and running maxima,repeated_conceptual_error,wrong_condition_repeat,WRONG_CONDITION,MEDIUM,True,1,2,2,3,4,CONCEPTUAL_HINT,true,True,1,3,262,310,CONCEPTUAL_HINT,CONCEPTUAL_HINT,true,while condition
problem_suite_http,RULE,35,1,501006,problem_suite_http:RULE:c1:s501006:p306,306,306,trapping-rain-water,Trapping Rain Water,hard,two pointers and running maxima,partial_logic,partial_but_compiling,UNKNOWN,MEDIUM,True,1,2,1,4,5,CONCEPTUAL_HINT,true,True,1,4,246,288,CONCEPTUAL_HINT,CONCEPTUAL_HINT,true,logic block
problem_suite_http,RULE,36,1,501006,problem_suite_http:RULE:c1:s501006:p306,306,306,trapping-rain-water,Trapping Rain Water,hard,two pointers and running maxima,local_completion,locally_complete,UNKNOWN,LOW,True,1,2,2,5,6,CONCEPTUAL_HINT,true,True,1,5,255,308,CONCEPTUAL_HINT,NO_FEEDBACK,false,logic block
problem_suite_http,RULE,37,1,501007,problem_suite_http:RULE:c1:s501007:p307,307,307,lru-cache,LRU Cache,medium,state update and eviction policy,syntax,missing_statement_ending,SYNTAX_ERROR,HIGH,False,0,0,1,0,1,,,True,1,0,49,98,CODE_HIGHLIGHT,CODE_HIGHLIGHT,true,statement ending
problem_suite_http,RULE,38,1,501007,problem_suite_http:RULE:c1:s501007:p307,307,307,lru-cache,LRU Cache,medium,state update and eviction policy,planning,unfinished_implementation,STUCK_NO_PROGRESS,LOW,True,0,3,1,1,2,CODE_HIGHLIGHT,true,True,2,1,249,293,GUIDING_QUESTION,GUIDING_QUESTION,true,unfinished implementation
problem_suite_http,RULE,39,1,501007,problem_suite_http:RULE:c1:s501007:p307,307,307,lru-cache,LRU Cache,medium,state update and eviction policy,first_conceptual_error,unknown_logic_first,UNKNOWN,MEDIUM,True,3,0,1,2,3,GUIDING_QUESTION,true,True,1,2,244,269,NO_FEEDBACK,CONCEPTUAL_HINT,false,logic block
problem_suite_http,RULE,40,1,501007,problem_suite_http:RULE:c1:s501007:p307,307,307,lru-cache,LRU Cache,medium,state update and eviction policy,repeated_conceptual_error,unknown_logic_repeat,UNKNOWN,MEDIUM,True,3,0,2,3,4,NO_FEEDBACK,false,True,1,3,252,274,NO_FEEDBACK,CONCEPTUAL_HINT,false,logic block
problem_suite_http,RULE,41,1,501007,problem_suite_http:RULE:c1:s501007:p307,307,307,lru-cache,LRU Cache,medium,state update and eviction policy,partial_logic,partial_but_compiling,UNKNOWN,MEDIUM,True,1,2,3,4,5,NO_FEEDBACK,false,True,1,4,249,304,CONCEPTUAL_HINT,CONCEPTUAL_HINT,true,logic block
problem_suite_http,RULE,42,1,501007,problem_suite_http:RULE:c1:s501007:p307,307,307,lru-cache,LRU Cache,medium,state update and eviction policy,local_completion,locally_complete,UNKNOWN,LOW,True,3,0,4,5,6,CONCEPTUAL_HINT,true,True,1,5,248,288,CONCEPTUAL_HINT,NO_FEEDBACK,false,logic block
problem_suite_http,RULE,43,1,501008,problem_suite_http:RULE:c1:s501008:p308,308,308,longest-substring,Longest Substring Without Repeating Characters,medium,sliding window invariant,syntax,missing_statement_ending,SYNTAX_ERROR,HIGH,False,0,0,1,0,1,,,True,1,0,54,100,CODE_HIGHLIGHT,CODE_HIGHLIGHT,true,statement ending
problem_suite_http,RULE,44,1,501008,problem_suite_http:RULE:c1:s501008:p308,308,308,longest-substring,Longest Substring Without Repeating Characters,medium,sliding window invariant,planning,unfinished_implementation,STUCK_NO_PROGRESS,LOW,True,0,3,1,1,2,CODE_HIGHLIGHT,true,True,2,1,296,320,GUIDING_QUESTION,GUIDING_QUESTION,true,unfinished implementation
problem_suite_http,RULE,45,1,501008,problem_suite_http:RULE:c1:s501008:p308,308,308,longest-substring,Longest Substring Without Repeating Characters,medium,sliding window invariant,first_conceptual_error,off_by_one_first,OFF_BY_ONE,MEDIUM,True,1,2,1,2,3,GUIDING_QUESTION,true,True,1,2,275,327,CODE_HIGHLIGHT,CODE_HIGHLIGHT,true,for loop condition
problem_suite_http,RULE,46,1,501008,problem_suite_http:RULE:c1:s501008:p308,308,308,longest-substring,Longest Substring Without Repeating Characters,medium,sliding window invariant,repeated_conceptual_error,off_by_one_repeat,OFF_BY_ONE,MEDIUM,True,1,2,2,3,4,CODE_HIGHLIGHT,true,True,1,3,245,290,CONCEPTUAL_HINT,CONCEPTUAL_HINT,true,for loop condition
problem_suite_http,RULE,47,1,501008,problem_suite_http:RULE:c1:s501008:p308,308,308,longest-substring,Longest Substring Without Repeating Characters,medium,sliding window invariant,partial_logic,partial_but_compiling,UNKNOWN,MEDIUM,True,1,2,1,4,5,CONCEPTUAL_HINT,true,True,1,4,243,296,CONCEPTUAL_HINT,CONCEPTUAL_HINT,true,logic block
problem_suite_http,RULE,48,1,501008,problem_suite_http:RULE:c1:s501008:p308,308,308,longest-substring,Longest Substring Without Repeating Characters,medium,sliding window invariant,local_completion,locally_complete,UNKNOWN,LOW,True,3,0,2,5,6,CONCEPTUAL_HINT,true,True,1,5,257,304,NO_FEEDBACK,NO_FEEDBACK,true,logic block
problem_suite_http,RULE,49,1,501009,problem_suite_http:RULE:c1:s501009:p309,309,309,reverse-linked-list,Reverse Linked List,easy,pointer update order,syntax,missing_statement_ending,SYNTAX_ERROR,HIGH,False,0,0,1,0,1,,,True,1,0,50,99,CODE_HIGHLIGHT,CODE_HIGHLIGHT,true,statement ending
problem_suite_http,RULE,50,1,501009,problem_suite_http:RULE:c1:s501009:p309,309,309,reverse-linked-list,Reverse Linked List,easy,pointer update order,planning,unfinished_implementation,STUCK_NO_PROGRESS,LOW,True,0,3,1,1,2,CODE_HIGHLIGHT,true,True,2,1,260,299,GUIDING_QUESTION,GUIDING_QUESTION,true,unfinished implementation
problem_suite_http,RULE,51,1,501009,problem_suite_http:RULE:c1:s501009:p309,309,309,reverse-linked-list,Reverse Linked List,easy,pointer update order,first_conceptual_error,wrong_condition_first,WRONG_CONDITION,MEDIUM,True,1,2,1,2,3,GUIDING_QUESTION,true,True,1,2,253,302,CONCEPTUAL_HINT,CONCEPTUAL_HINT,true,while condition
problem_suite_http,RULE,52,1,501009,problem_suite_http:RULE:c1:s501009:p309,309,309,reverse-linked-list,Reverse Linked List,easy,pointer update order,repeated_conceptual_error,wrong_condition_repeat,WRONG_CONDITION,MEDIUM,True,1,2,2,3,4,CONCEPTUAL_HINT,true,True,1,3,273,320,CONCEPTUAL_HINT,CONCEPTUAL_HINT,true,while condition
problem_suite_http,RULE,53,1,501009,problem_suite_http:RULE:c1:s501009:p309,309,309,reverse-linked-list,Reverse Linked List,easy,pointer update order,partial_logic,partial_but_compiling,UNKNOWN,MEDIUM,True,1,2,1,4,5,CONCEPTUAL_HINT,true,True,1,4,300,341,CONCEPTUAL_HINT,CONCEPTUAL_HINT,true,logic block
problem_suite_http,RULE,54,1,501009,problem_suite_http:RULE:c1:s501009:p309,309,309,reverse-linked-list,Reverse Linked List,easy,pointer update order,local_completion,locally_complete,UNKNOWN,LOW,True,3,0,2,5,6,CONCEPTUAL_HINT,true,True,1,5,275,323,NO_FEEDBACK,NO_FEEDBACK,true,logic block
problem_suite_http,RULE,55,1,501010,problem_suite_http:RULE:c1:s501010:p310,310,310,matrix-diagonal-sum,Matrix Diagonal Sum,easy,nested indexing and double counting,syntax,missing_statement_ending,SYNTAX_ERROR,HIGH,False,0,0,1,0,1,,,True,1,0,48,74,CODE_HIGHLIGHT,CODE_HIGHLIGHT,true,statement ending
problem_suite_http,RULE,56,1,501010,problem_suite_http:RULE:c1:s501010:p310,310,310,matrix-diagonal-sum,Matrix Diagonal Sum,easy,nested indexing and double counting,planning,unfinished_implementation,STUCK_NO_PROGRESS,LOW,True,0,3,1,1,2,CODE_HIGHLIGHT,true,True,2,1,252,290,GUIDING_QUESTION,GUIDING_QUESTION,true,unfinished implementation
problem_suite_http,RULE,57,1,501010,problem_suite_http:RULE:c1:s501010:p310,310,310,matrix-diagonal-sum,Matrix Diagonal Sum,easy,nested indexing and double counting,first_conceptual_error,off_by_one_first,OFF_BY_ONE,MEDIUM,True,1,2,1,2,3,GUIDING_QUESTION,true,True,1,2,252,291,CODE_HIGHLIGHT,CODE_HIGHLIGHT,true,for loop condition
problem_suite_http,RULE,58,1,501010,problem_suite_http:RULE:c1:s501010:p310,310,310,matrix-diagonal-sum,Matrix Diagonal Sum,easy,nested indexing and double counting,repeated_conceptual_error,off_by_one_repeat,OFF_BY_ONE,MEDIUM,True,1,2,2,3,4,CODE_HIGHLIGHT,true,True,1,3,246,296,CONCEPTUAL_HINT,CONCEPTUAL_HINT,true,for loop condition
problem_suite_http,RULE,59,1,501010,problem_suite_http:RULE:c1:s501010:p310,310,310,matrix-diagonal-sum,Matrix Diagonal Sum,easy,nested indexing and double counting,partial_logic,partial_but_compiling,UNKNOWN,MEDIUM,True,1,2,1,4,5,CONCEPTUAL_HINT,true,True,1,4,248,289,CONCEPTUAL_HINT,CONCEPTUAL_HINT,true,logic block
problem_suite_http,RULE,60,1,501010,problem_suite_http:RULE:c1:s501010:p310,310,310,matrix-diagonal-sum,Matrix Diagonal Sum,easy,nested indexing and double counting,local_completion,locally_complete,UNKNOWN,LOW,True,3,0,2,5,6,CONCEPTUAL_HINT,true,True,1,5,256,301,NO_FEEDBACK,NO_FEEDBACK,true,logic block
problem_suite_http,RULE,61,1,501011,problem_suite_http:RULE:c1:s501011:p311,311,311,roman-to-integer,Roman to Integer,easy,lookahead condition,syntax,missing_statement_ending,SYNTAX_ERROR,HIGH,False,0,0,1,0,1,,,True,1,0,48,87,CODE_HIGHLIGHT,CODE_HIGHLIGHT,true,statement ending
problem_suite_http,RULE,62,1,501011,problem_suite_http:RULE:c1:s501011:p311,311,311,roman-to-integer,Roman to Integer,easy,lookahead condition,planning,unfinished_implementation,STUCK_NO_PROGRESS,LOW,True,0,3,1,1,2,CODE_HIGHLIGHT,true,True,2,1,245,292,GUIDING_QUESTION,GUIDING_QUESTION,true,unfinished implementation
problem_suite_http,RULE,63,1,501011,problem_suite_http:RULE:c1:s501011:p311,311,311,roman-to-integer,Roman to Integer,easy,lookahead condition,first_conceptual_error,off_by_one_first,OFF_BY_ONE,MEDIUM,True,1,2,1,2,3,GUIDING_QUESTION,true,True,1,2,249,273,CODE_HIGHLIGHT,CODE_HIGHLIGHT,true,for loop condition
problem_suite_http,RULE,64,1,501011,problem_suite_http:RULE:c1:s501011:p311,311,311,roman-to-integer,Roman to Integer,easy,lookahead condition,repeated_conceptual_error,off_by_one_repeat,OFF_BY_ONE,MEDIUM,True,1,2,2,3,4,CODE_HIGHLIGHT,true,True,1,3,250,305,CONCEPTUAL_HINT,CONCEPTUAL_HINT,true,for loop condition
problem_suite_http,RULE,65,1,501011,problem_suite_http:RULE:c1:s501011:p311,311,311,roman-to-integer,Roman to Integer,easy,lookahead condition,partial_logic,partial_but_compiling,UNKNOWN,MEDIUM,True,1,2,1,4,5,CONCEPTUAL_HINT,true,True,1,4,252,294,CONCEPTUAL_HINT,CONCEPTUAL_HINT,true,logic block
problem_suite_http,RULE,66,1,501011,problem_suite_http:RULE:c1:s501011:p311,311,311,roman-to-integer,Roman to Integer,easy,lookahead condition,local_completion,locally_complete,UNKNOWN,LOW,True,3,0,2,5,6,CONCEPTUAL_HINT,true,True,1,5,248,283,NO_FEEDBACK,NO_FEEDBACK,true,logic block
problem_suite_http,RULE,67,1,501012,problem_suite_http:RULE:c1:s501012:p312,312,312,climbing-stairs,Climbing Stairs,easy,base cases and recurrence,syntax,missing_statement_ending,SYNTAX_ERROR,HIGH,False,0,0,1,0,1,,,True,1,0,49,97,CODE_HIGHLIGHT,CODE_HIGHLIGHT,true,statement ending
problem_suite_http,RULE,68,1,501012,problem_suite_http:RULE:c1:s501012:p312,312,312,climbing-stairs,Climbing Stairs,easy,base cases and recurrence,planning,unfinished_implementation,STUCK_NO_PROGRESS,LOW,True,0,3,1,1,2,CODE_HIGHLIGHT,true,True,2,1,244,267,GUIDING_QUESTION,GUIDING_QUESTION,true,unfinished implementation
problem_suite_http,RULE,69,1,501012,problem_suite_http:RULE:c1:s501012:p312,312,312,climbing-stairs,Climbing Stairs,easy,base cases and recurrence,first_conceptual_error,wrong_condition_first,WRONG_CONDITION,MEDIUM,True,1,2,1,2,3,GUIDING_QUESTION,true,True,1,2,257,293,CONCEPTUAL_HINT,CONCEPTUAL_HINT,true,while condition
problem_suite_http,RULE,70,1,501012,problem_suite_http:RULE:c1:s501012:p312,312,312,climbing-stairs,Climbing Stairs,easy,base cases and recurrence,repeated_conceptual_error,wrong_condition_repeat,WRONG_CONDITION,MEDIUM,True,1,2,2,3,4,CONCEPTUAL_HINT,true,True,1,3,259,291,CONCEPTUAL_HINT,CONCEPTUAL_HINT,true,while condition
problem_suite_http,RULE,71,1,501012,problem_suite_http:RULE:c1:s501012:p312,312,312,climbing-stairs,Climbing Stairs,easy,base cases and recurrence,partial_logic,partial_but_compiling,UNKNOWN,MEDIUM,True,1,2,1,4,5,CONCEPTUAL_HINT,true,True,1,4,248,281,CONCEPTUAL_HINT,CONCEPTUAL_HINT,true,logic block
problem_suite_http,RULE,72,1,501012,problem_suite_http:RULE:c1:s501012:p312,312,312,climbing-stairs,Climbing Stairs,easy,base cases and recurrence,local_completion,locally_complete,OFF_BY_ONE,LOW,True,1,2,1,5,6,CONCEPTUAL_HINT,true,True,1,5,254,300,CODE_HIGHLIGHT,NO_FEEDBACK,false,for loop condition
problem_suite_http,RULE,73,2,502001,problem_suite_http:RULE:c2:s502001:p301,301,301,palindrome,Valid Palindrome,easy,two pointers and string normalization,syntax,missing_statement_ending,SYNTAX_ERROR,HIGH,False,0,0,1,0,1,,,True,1,0,46,86,CODE_HIGHLIGHT,CODE_HIGHLIGHT,true,statement ending
problem_suite_http,RULE,74,2,502001,problem_suite_http:RULE:c2:s502001:p301,301,301,palindrome,Valid Palindrome,easy,two pointers and string normalization,planning,unfinished_implementation,STUCK_NO_PROGRESS,LOW,True,0,3,1,1,2,CODE_HIGHLIGHT,true,True,2,1,253,295,GUIDING_QUESTION,GUIDING_QUESTION,true,unfinished implementation
problem_suite_http,RULE,75,2,502001,problem_suite_http:RULE:c2:s502001:p301,301,301,palindrome,Valid Palindrome,easy,two pointers and string normalization,first_conceptual_error,possible_null_access_first,POSSIBLE_NULL_ACCESS,MEDIUM,True,3,0,1,2,3,GUIDING_QUESTION,true,True,1,2,254,295,CODE_HIGHLIGHT,CODE_HIGHLIGHT,true,missing null or empty guard
problem_suite_http,RULE,76,2,502001,problem_suite_http:RULE:c2:s502001:p301,301,301,palindrome,Valid Palindrome,easy,two pointers and string normalization,repeated_conceptual_error,possible_null_access_repeat,POSSIBLE_NULL_ACCESS,MEDIUM,True,3,0,2,3,4,CODE_HIGHLIGHT,true,True,1,3,375,418,CONCEPTUAL_HINT,CONCEPTUAL_HINT,true,missing null or empty guard
problem_suite_http,RULE,77,2,502001,problem_suite_http:RULE:c2:s502001:p301,301,301,palindrome,Valid Palindrome,easy,two pointers and string normalization,partial_logic,partial_but_compiling,UNKNOWN,MEDIUM,True,1,2,1,4,5,CONCEPTUAL_HINT,true,True,1,4,244,269,CONCEPTUAL_HINT,CONCEPTUAL_HINT,true,logic block
problem_suite_http,RULE,78,2,502001,problem_suite_http:RULE:c2:s502001:p301,301,301,palindrome,Valid Palindrome,easy,two pointers and string normalization,local_completion,locally_complete,WRONG_CONDITION,LOW,True,1,2,1,5,6,CONCEPTUAL_HINT,true,True,1,5,247,286,CONCEPTUAL_HINT,NO_FEEDBACK,false,while condition
problem_suite_http,RULE,79,2,502002,problem_suite_http:RULE:c2:s502002:p302,302,302,two-sum,Two Sum,easy,hash map lookup and pair search,syntax,missing_statement_ending,SYNTAX_ERROR,HIGH,False,0,0,1,0,1,,,True,1,0,47,70,CODE_HIGHLIGHT,CODE_HIGHLIGHT,true,statement ending
problem_suite_http,RULE,80,2,502002,problem_suite_http:RULE:c2:s502002:p302,302,302,two-sum,Two Sum,easy,hash map lookup and pair search,planning,unfinished_implementation,STUCK_NO_PROGRESS,LOW,True,0,3,1,1,2,CODE_HIGHLIGHT,true,True,2,1,253,292,GUIDING_QUESTION,GUIDING_QUESTION,true,unfinished implementation
problem_suite_http,RULE,81,2,502002,problem_suite_http:RULE:c2:s502002:p302,302,302,two-sum,Two Sum,easy,hash map lookup and pair search,first_conceptual_error,off_by_one_first,OFF_BY_ONE,MEDIUM,True,1,2,1,2,3,GUIDING_QUESTION,true,True,1,2,277,324,CODE_HIGHLIGHT,CODE_HIGHLIGHT,true,for loop condition
problem_suite_http,RULE,82,2,502002,problem_suite_http:RULE:c2:s502002:p302,302,302,two-sum,Two Sum,easy,hash map lookup and pair search,repeated_conceptual_error,off_by_one_repeat,OFF_BY_ONE,MEDIUM,True,1,2,2,3,4,CODE_HIGHLIGHT,true,True,1,3,266,308,CONCEPTUAL_HINT,CONCEPTUAL_HINT,true,for loop condition
problem_suite_http,RULE,83,2,502002,problem_suite_http:RULE:c2:s502002:p302,302,302,two-sum,Two Sum,easy,hash map lookup and pair search,partial_logic,partial_but_compiling,UNKNOWN,MEDIUM,True,1,2,1,4,5,CONCEPTUAL_HINT,true,True,1,4,249,293,CONCEPTUAL_HINT,CONCEPTUAL_HINT,true,logic block
problem_suite_http,RULE,84,2,502002,problem_suite_http:RULE:c2:s502002:p302,302,302,two-sum,Two Sum,easy,hash map lookup and pair search,local_completion,locally_complete,UNKNOWN,LOW,True,3,0,2,5,6,CONCEPTUAL_HINT,true,True,1,5,244,271,NO_FEEDBACK,NO_FEEDBACK,true,logic block
problem_suite_http,RULE,85,2,502003,problem_suite_http:RULE:c2:s502003:p303,303,303,valid-parentheses,Valid Parentheses,easy,stack state and matching brackets,syntax,missing_statement_ending,SYNTAX_ERROR,HIGH,False,0,0,1,0,1,,,True,1,0,53,93,CODE_HIGHLIGHT,CODE_HIGHLIGHT,true,statement ending
problem_suite_http,RULE,86,2,502003,problem_suite_http:RULE:c2:s502003:p303,303,303,valid-parentheses,Valid Parentheses,easy,stack state and matching brackets,planning,unfinished_implementation,STUCK_NO_PROGRESS,LOW,True,0,3,1,1,2,CODE_HIGHLIGHT,true,True,2,1,248,287,GUIDING_QUESTION,GUIDING_QUESTION,true,unfinished implementation
problem_suite_http,RULE,87,2,502003,problem_suite_http:RULE:c2:s502003:p303,303,303,valid-parentheses,Valid Parentheses,easy,stack state and matching brackets,first_conceptual_error,possible_null_access_first,UNKNOWN,MEDIUM,True,3,0,1,2,3,GUIDING_QUESTION,true,True,1,2,255,276,NO_FEEDBACK,CODE_HIGHLIGHT,false,logic block
problem_suite_http,RULE,88,2,502003,problem_suite_http:RULE:c2:s502003:p303,303,303,valid-parentheses,Valid Parentheses,easy,stack state and matching brackets,repeated_conceptual_error,possible_null_access_repeat,UNKNOWN,MEDIUM,True,3,0,2,3,4,NO_FEEDBACK,false,True,1,3,257,301,NO_FEEDBACK,CONCEPTUAL_HINT,false,logic block
problem_suite_http,RULE,89,2,502003,problem_suite_http:RULE:c2:s502003:p303,303,303,valid-parentheses,Valid Parentheses,easy,stack state and matching brackets,partial_logic,partial_but_compiling,UNKNOWN,MEDIUM,True,1,2,3,4,5,NO_FEEDBACK,false,True,1,4,263,303,CONCEPTUAL_HINT,CONCEPTUAL_HINT,true,logic block
problem_suite_http,RULE,90,2,502003,problem_suite_http:RULE:c2:s502003:p303,303,303,valid-parentheses,Valid Parentheses,easy,stack state and matching brackets,local_completion,locally_complete,UNKNOWN,LOW,True,3,0,4,5,6,CONCEPTUAL_HINT,true,True,1,5,248,286,CONCEPTUAL_HINT,NO_FEEDBACK,false,logic block
problem_suite_http,RULE,91,2,502004,problem_suite_http:RULE:c2:s502004:p304,304,304,binary-search,Binary Search,easy,search interval invariant,syntax,missing_statement_ending,SYNTAX_ERROR,HIGH,False,0,0,1,0,1,,,True,1,0,48,71,CODE_HIGHLIGHT,CODE_HIGHLIGHT,true,statement ending
problem_suite_http,RULE,92,2,502004,problem_suite_http:RULE:c2:s502004:p304,304,304,binary-search,Binary Search,easy,search interval invariant,planning,unfinished_implementation,STUCK_NO_PROGRESS,LOW,True,0,3,1,1,2,CODE_HIGHLIGHT,true,True,2,1,260,296,GUIDING_QUESTION,GUIDING_QUESTION,true,unfinished implementation
problem_suite_http,RULE,93,2,502004,problem_suite_http:RULE:c2:s502004:p304,304,304,binary-search,Binary Search,easy,search interval invariant,first_conceptual_error,wrong_loop_boundary_first,WRONG_LOOP_BOUNDARY,MEDIUM,True,1,2,1,2,3,GUIDING_QUESTION,true,True,1,2,261,296,CODE_HIGHLIGHT,CODE_HIGHLIGHT,true,binary search loop boundary
problem_suite_http,RULE,94,2,502004,problem_suite_http:RULE:c2:s502004:p304,304,304,binary-search,Binary Search,easy,search interval invariant,repeated_conceptual_error,wrong_loop_boundary_repeat,WRONG_LOOP_BOUNDARY,MEDIUM,True,1,2,2,3,4,CODE_HIGHLIGHT,true,True,1,3,245,293,CONCEPTUAL_HINT,CONCEPTUAL_HINT,true,binary search loop boundary
problem_suite_http,RULE,95,2,502004,problem_suite_http:RULE:c2:s502004:p304,304,304,binary-search,Binary Search,easy,search interval invariant,partial_logic,partial_but_compiling,UNKNOWN,MEDIUM,True,1,2,1,4,5,CONCEPTUAL_HINT,true,True,1,4,252,298,CONCEPTUAL_HINT,CONCEPTUAL_HINT,true,logic block
problem_suite_http,RULE,96,2,502004,problem_suite_http:RULE:c2:s502004:p304,304,304,binary-search,Binary Search,easy,search interval invariant,local_completion,locally_complete,UNKNOWN,LOW,True,3,0,2,5,6,CONCEPTUAL_HINT,true,True,1,5,251,289,NO_FEEDBACK,NO_FEEDBACK,true,logic block
problem_suite_http,RULE,97,2,502005,problem_suite_http:RULE:c2:s502005:p305,305,305,merge-sorted-array,Merge Sorted Array,easy,array index management,syntax,missing_statement_ending,SYNTAX_ERROR,HIGH,False,0,0,1,0,1,,,True,1,0,48,84,CODE_HIGHLIGHT,CODE_HIGHLIGHT,true,statement ending
problem_suite_http,RULE,98,2,502005,problem_suite_http:RULE:c2:s502005:p305,305,305,merge-sorted-array,Merge Sorted Array,easy,array index management,planning,unfinished_implementation,STUCK_NO_PROGRESS,LOW,True,0,3,1,1,2,CODE_HIGHLIGHT,true,True,2,1,259,299,GUIDING_QUESTION,GUIDING_QUESTION,true,unfinished implementation
problem_suite_http,RULE,99,2,502005,problem_suite_http:RULE:c2:s502005:p305,305,305,merge-sorted-array,Merge Sorted Array,easy,array index management,first_conceptual_error,off_by_one_first,OFF_BY_ONE,MEDIUM,True,1,2,1,2,3,GUIDING_QUESTION,true,True,1,2,254,301,CODE_HIGHLIGHT,CODE_HIGHLIGHT,true,for loop condition
problem_suite_http,RULE,100,2,502005,problem_suite_http:RULE:c2:s502005:p305,305,305,merge-sorted-array,Merge Sorted Array,easy,array index management,repeated_conceptual_error,off_by_one_repeat,OFF_BY_ONE,MEDIUM,True,1,2,2,3,4,CODE_HIGHLIGHT,true,True,1,3,245,269,CONCEPTUAL_HINT,CONCEPTUAL_HINT,true,for loop condition
problem_suite_http,RULE,101,2,502005,problem_suite_http:RULE:c2:s502005:p305,305,305,merge-sorted-array,Merge Sorted Array,easy,array index management,partial_logic,partial_but_compiling,UNKNOWN,MEDIUM,True,1,2,1,4,5,CONCEPTUAL_HINT,true,True,1,4,256,292,CONCEPTUAL_HINT,CONCEPTUAL_HINT,true,logic block
problem_suite_http,RULE,102,2,502005,problem_suite_http:RULE:c2:s502005:p305,305,305,merge-sorted-array,Merge Sorted Array,easy,array index management,local_completion,locally_complete,UNKNOWN,LOW,True,3,0,2,5,6,CONCEPTUAL_HINT,true,True,1,5,251,292,NO_FEEDBACK,NO_FEEDBACK,true,logic block
problem_suite_http,RULE,103,2,502006,problem_suite_http:RULE:c2:s502006:p306,306,306,trapping-rain-water,Trapping Rain Water,hard,two pointers and running maxima,syntax,missing_statement_ending,SYNTAX_ERROR,HIGH,False,0,0,1,0,1,,,True,1,0,48,92,CODE_HIGHLIGHT,CODE_HIGHLIGHT,true,statement ending
problem_suite_http,RULE,104,2,502006,problem_suite_http:RULE:c2:s502006:p306,306,306,trapping-rain-water,Trapping Rain Water,hard,two pointers and running maxima,planning,unfinished_implementation,STUCK_NO_PROGRESS,LOW,True,0,3,1,1,2,CODE_HIGHLIGHT,true,True,2,1,256,277,GUIDING_QUESTION,GUIDING_QUESTION,true,unfinished implementation
problem_suite_http,RULE,105,2,502006,problem_suite_http:RULE:c2:s502006:p306,306,306,trapping-rain-water,Trapping Rain Water,hard,two pointers and running maxima,first_conceptual_error,wrong_condition_first,WRONG_CONDITION,MEDIUM,True,1,2,1,2,3,GUIDING_QUESTION,true,True,1,2,248,281,CONCEPTUAL_HINT,CONCEPTUAL_HINT,true,while condition
problem_suite_http,RULE,106,2,502006,problem_suite_http:RULE:c2:s502006:p306,306,306,trapping-rain-water,Trapping Rain Water,hard,two pointers and running maxima,repeated_conceptual_error,wrong_condition_repeat,WRONG_CONDITION,MEDIUM,True,1,2,2,3,4,CONCEPTUAL_HINT,true,True,1,3,252,275,CONCEPTUAL_HINT,CONCEPTUAL_HINT,true,while condition
problem_suite_http,RULE,107,2,502006,problem_suite_http:RULE:c2:s502006:p306,306,306,trapping-rain-water,Trapping Rain Water,hard,two pointers and running maxima,partial_logic,partial_but_compiling,UNKNOWN,MEDIUM,True,1,2,1,4,5,CONCEPTUAL_HINT,true,True,1,4,285,334,CONCEPTUAL_HINT,CONCEPTUAL_HINT,true,logic block
problem_suite_http,RULE,108,2,502006,problem_suite_http:RULE:c2:s502006:p306,306,306,trapping-rain-water,Trapping Rain Water,hard,two pointers and running maxima,local_completion,locally_complete,UNKNOWN,LOW,True,1,2,2,5,6,CONCEPTUAL_HINT,true,True,1,5,275,315,CONCEPTUAL_HINT,NO_FEEDBACK,false,logic block
problem_suite_http,RULE,109,2,502007,problem_suite_http:RULE:c2:s502007:p307,307,307,lru-cache,LRU Cache,medium,state update and eviction policy,syntax,missing_statement_ending,SYNTAX_ERROR,HIGH,False,0,0,1,0,1,,,True,1,0,50,86,CODE_HIGHLIGHT,CODE_HIGHLIGHT,true,statement ending
problem_suite_http,RULE,110,2,502007,problem_suite_http:RULE:c2:s502007:p307,307,307,lru-cache,LRU Cache,medium,state update and eviction policy,planning,unfinished_implementation,STUCK_NO_PROGRESS,LOW,True,0,3,1,1,2,CODE_HIGHLIGHT,true,True,2,1,259,282,GUIDING_QUESTION,GUIDING_QUESTION,true,unfinished implementation
problem_suite_http,RULE,111,2,502007,problem_suite_http:RULE:c2:s502007:p307,307,307,lru-cache,LRU Cache,medium,state update and eviction policy,first_conceptual_error,unknown_logic_first,UNKNOWN,MEDIUM,True,3,0,1,2,3,GUIDING_QUESTION,true,True,1,2,249,293,NO_FEEDBACK,CONCEPTUAL_HINT,false,logic block
problem_suite_http,RULE,112,2,502007,problem_suite_http:RULE:c2:s502007:p307,307,307,lru-cache,LRU Cache,medium,state update and eviction policy,repeated_conceptual_error,unknown_logic_repeat,UNKNOWN,MEDIUM,True,3,0,2,3,4,NO_FEEDBACK,false,True,1,3,241,275,NO_FEEDBACK,CONCEPTUAL_HINT,false,logic block
problem_suite_http,RULE,113,2,502007,problem_suite_http:RULE:c2:s502007:p307,307,307,lru-cache,LRU Cache,medium,state update and eviction policy,partial_logic,partial_but_compiling,UNKNOWN,MEDIUM,True,1,2,3,4,5,NO_FEEDBACK,false,True,1,4,246,280,CONCEPTUAL_HINT,CONCEPTUAL_HINT,true,logic block
problem_suite_http,RULE,114,2,502007,problem_suite_http:RULE:c2:s502007:p307,307,307,lru-cache,LRU Cache,medium,state update and eviction policy,local_completion,locally_complete,UNKNOWN,LOW,True,3,0,4,5,6,CONCEPTUAL_HINT,true,True,1,5,268,314,CONCEPTUAL_HINT,NO_FEEDBACK,false,logic block
problem_suite_http,RULE,115,2,502008,problem_suite_http:RULE:c2:s502008:p308,308,308,longest-substring,Longest Substring Without Repeating Characters,medium,sliding window invariant,syntax,missing_statement_ending,SYNTAX_ERROR,HIGH,False,0,0,1,0,1,,,True,1,0,48,88,CODE_HIGHLIGHT,CODE_HIGHLIGHT,true,statement ending
problem_suite_http,RULE,116,2,502008,problem_suite_http:RULE:c2:s502008:p308,308,308,longest-substring,Longest Substring Without Repeating Characters,medium,sliding window invariant,planning,unfinished_implementation,STUCK_NO_PROGRESS,LOW,True,0,3,1,1,2,CODE_HIGHLIGHT,true,True,2,1,241,288,GUIDING_QUESTION,GUIDING_QUESTION,true,unfinished implementation
problem_suite_http,RULE,117,2,502008,problem_suite_http:RULE:c2:s502008:p308,308,308,longest-substring,Longest Substring Without Repeating Characters,medium,sliding window invariant,first_conceptual_error,off_by_one_first,OFF_BY_ONE,MEDIUM,True,1,2,1,2,3,GUIDING_QUESTION,true,True,1,2,241,274,CODE_HIGHLIGHT,CODE_HIGHLIGHT,true,for loop condition
problem_suite_http,RULE,118,2,502008,problem_suite_http:RULE:c2:s502008:p308,308,308,longest-substring,Longest Substring Without Repeating Characters,medium,sliding window invariant,repeated_conceptual_error,off_by_one_repeat,OFF_BY_ONE,MEDIUM,True,1,2,2,3,4,CODE_HIGHLIGHT,true,True,1,3,253,287,CONCEPTUAL_HINT,CONCEPTUAL_HINT,true,for loop condition
problem_suite_http,RULE,119,2,502008,problem_suite_http:RULE:c2:s502008:p308,308,308,longest-substring,Longest Substring Without Repeating Characters,medium,sliding window invariant,partial_logic,partial_but_compiling,UNKNOWN,MEDIUM,True,1,2,1,4,5,CONCEPTUAL_HINT,true,True,1,4,246,287,CONCEPTUAL_HINT,CONCEPTUAL_HINT,true,logic block
problem_suite_http,RULE,120,2,502008,problem_suite_http:RULE:c2:s502008:p308,308,308,longest-substring,Longest Substring Without Repeating Characters,medium,sliding window invariant,local_completion,locally_complete,UNKNOWN,LOW,True,3,0,2,5,6,CONCEPTUAL_HINT,true,True,1,5,281,324,NO_FEEDBACK,NO_FEEDBACK,true,logic block
problem_suite_http,RULE,121,2,502009,problem_suite_http:RULE:c2:s502009:p309,309,309,reverse-linked-list,Reverse Linked List,easy,pointer update order,syntax,missing_statement_ending,SYNTAX_ERROR,HIGH,False,0,0,1,0,1,,,True,1,0,52,74,CODE_HIGHLIGHT,CODE_HIGHLIGHT,true,statement ending
problem_suite_http,RULE,122,2,502009,problem_suite_http:RULE:c2:s502009:p309,309,309,reverse-linked-list,Reverse Linked List,easy,pointer update order,planning,unfinished_implementation,STUCK_NO_PROGRESS,LOW,True,0,3,1,1,2,CODE_HIGHLIGHT,true,True,2,1,250,293,GUIDING_QUESTION,GUIDING_QUESTION,true,unfinished implementation
problem_suite_http,RULE,123,2,502009,problem_suite_http:RULE:c2:s502009:p309,309,309,reverse-linked-list,Reverse Linked List,easy,pointer update order,first_conceptual_error,wrong_condition_first,WRONG_CONDITION,MEDIUM,True,1,2,1,2,3,GUIDING_QUESTION,true,True,1,2,250,288,CONCEPTUAL_HINT,CONCEPTUAL_HINT,true,while condition
problem_suite_http,RULE,124,2,502009,problem_suite_http:RULE:c2:s502009:p309,309,309,reverse-linked-list,Reverse Linked List,easy,pointer update order,repeated_conceptual_error,wrong_condition_repeat,WRONG_CONDITION,MEDIUM,True,1,2,2,3,4,CONCEPTUAL_HINT,true,True,1,3,247,287,CONCEPTUAL_HINT,CONCEPTUAL_HINT,true,while condition
problem_suite_http,RULE,125,2,502009,problem_suite_http:RULE:c2:s502009:p309,309,309,reverse-linked-list,Reverse Linked List,easy,pointer update order,partial_logic,partial_but_compiling,UNKNOWN,MEDIUM,True,1,2,1,4,5,CONCEPTUAL_HINT,true,True,1,4,249,272,CONCEPTUAL_HINT,CONCEPTUAL_HINT,true,logic block
problem_suite_http,RULE,126,2,502009,problem_suite_http:RULE:c2:s502009:p309,309,309,reverse-linked-list,Reverse Linked List,easy,pointer update order,local_completion,locally_complete,UNKNOWN,LOW,True,3,0,2,5,6,CONCEPTUAL_HINT,true,True,1,5,246,286,NO_FEEDBACK,NO_FEEDBACK,true,logic block
problem_suite_http,RULE,127,2,502010,problem_suite_http:RULE:c2:s502010:p310,310,310,matrix-diagonal-sum,Matrix Diagonal Sum,easy,nested indexing and double counting,syntax,missing_statement_ending,SYNTAX_ERROR,HIGH,False,0,0,1,0,1,,,True,1,0,53,79,CODE_HIGHLIGHT,CODE_HIGHLIGHT,true,statement ending
problem_suite_http,RULE,128,2,502010,problem_suite_http:RULE:c2:s502010:p310,310,310,matrix-diagonal-sum,Matrix Diagonal Sum,easy,nested indexing and double counting,planning,unfinished_implementation,STUCK_NO_PROGRESS,LOW,True,0,3,1,1,2,CODE_HIGHLIGHT,true,True,2,1,254,298,GUIDING_QUESTION,GUIDING_QUESTION,true,unfinished implementation
problem_suite_http,RULE,129,2,502010,problem_suite_http:RULE:c2:s502010:p310,310,310,matrix-diagonal-sum,Matrix Diagonal Sum,easy,nested indexing and double counting,first_conceptual_error,off_by_one_first,OFF_BY_ONE,MEDIUM,True,1,2,1,2,3,GUIDING_QUESTION,true,True,1,2,252,295,CODE_HIGHLIGHT,CODE_HIGHLIGHT,true,for loop condition
problem_suite_http,RULE,130,2,502010,problem_suite_http:RULE:c2:s502010:p310,310,310,matrix-diagonal-sum,Matrix Diagonal Sum,easy,nested indexing and double counting,repeated_conceptual_error,off_by_one_repeat,OFF_BY_ONE,MEDIUM,True,1,2,2,3,4,CODE_HIGHLIGHT,true,True,1,3,249,280,CONCEPTUAL_HINT,CONCEPTUAL_HINT,true,for loop condition
problem_suite_http,RULE,131,2,502010,problem_suite_http:RULE:c2:s502010:p310,310,310,matrix-diagonal-sum,Matrix Diagonal Sum,easy,nested indexing and double counting,partial_logic,partial_but_compiling,UNKNOWN,MEDIUM,True,1,2,1,4,5,CONCEPTUAL_HINT,true,True,1,4,247,280,CONCEPTUAL_HINT,CONCEPTUAL_HINT,true,logic block
problem_suite_http,RULE,132,2,502010,problem_suite_http:RULE:c2:s502010:p310,310,310,matrix-diagonal-sum,Matrix Diagonal Sum,easy,nested indexing and double counting,local_completion,locally_complete,UNKNOWN,LOW,True,3,0,2,5,6,CONCEPTUAL_HINT,true,True,1,5,253,291,NO_FEEDBACK,NO_FEEDBACK,true,logic block
problem_suite_http,RULE,133,2,502011,problem_suite_http:RULE:c2:s502011:p311,311,311,roman-to-integer,Roman to Integer,easy,lookahead condition,syntax,missing_statement_ending,SYNTAX_ERROR,HIGH,False,0,0,1,0,1,,,True,1,0,49,91,CODE_HIGHLIGHT,CODE_HIGHLIGHT,true,statement ending
problem_suite_http,RULE,134,2,502011,problem_suite_http:RULE:c2:s502011:p311,311,311,roman-to-integer,Roman to Integer,easy,lookahead condition,planning,unfinished_implementation,STUCK_NO_PROGRESS,LOW,True,0,3,1,1,2,CODE_HIGHLIGHT,true,True,2,1,244,277,GUIDING_QUESTION,GUIDING_QUESTION,true,unfinished implementation
problem_suite_http,RULE,135,2,502011,problem_suite_http:RULE:c2:s502011:p311,311,311,roman-to-integer,Roman to Integer,easy,lookahead condition,first_conceptual_error,off_by_one_first,OFF_BY_ONE,MEDIUM,True,1,2,1,2,3,GUIDING_QUESTION,true,True,1,2,245,268,CODE_HIGHLIGHT,CODE_HIGHLIGHT,true,for loop condition
problem_suite_http,RULE,136,2,502011,problem_suite_http:RULE:c2:s502011:p311,311,311,roman-to-integer,Roman to Integer,easy,lookahead condition,repeated_conceptual_error,off_by_one_repeat,OFF_BY_ONE,MEDIUM,True,1,2,2,3,4,CODE_HIGHLIGHT,true,True,1,3,248,284,CONCEPTUAL_HINT,CONCEPTUAL_HINT,true,for loop condition
problem_suite_http,RULE,137,2,502011,problem_suite_http:RULE:c2:s502011:p311,311,311,roman-to-integer,Roman to Integer,easy,lookahead condition,partial_logic,partial_but_compiling,UNKNOWN,MEDIUM,True,1,2,1,4,5,CONCEPTUAL_HINT,true,True,1,4,249,289,CONCEPTUAL_HINT,CONCEPTUAL_HINT,true,logic block
problem_suite_http,RULE,138,2,502011,problem_suite_http:RULE:c2:s502011:p311,311,311,roman-to-integer,Roman to Integer,easy,lookahead condition,local_completion,locally_complete,UNKNOWN,LOW,True,3,0,2,5,6,CONCEPTUAL_HINT,true,True,1,5,256,301,NO_FEEDBACK,NO_FEEDBACK,true,logic block
problem_suite_http,RULE,139,2,502012,problem_suite_http:RULE:c2:s502012:p312,312,312,climbing-stairs,Climbing Stairs,easy,base cases and recurrence,syntax,missing_statement_ending,SYNTAX_ERROR,HIGH,False,0,0,1,0,1,,,True,1,0,50,95,CODE_HIGHLIGHT,CODE_HIGHLIGHT,true,statement ending
problem_suite_http,RULE,140,2,502012,problem_suite_http:RULE:c2:s502012:p312,312,312,climbing-stairs,Climbing Stairs,easy,base cases and recurrence,planning,unfinished_implementation,STUCK_NO_PROGRESS,LOW,True,0,3,1,1,2,CODE_HIGHLIGHT,true,True,2,1,255,291,GUIDING_QUESTION,GUIDING_QUESTION,true,unfinished implementation
problem_suite_http,RULE,141,2,502012,problem_suite_http:RULE:c2:s502012:p312,312,312,climbing-stairs,Climbing Stairs,easy,base cases and recurrence,first_conceptual_error,wrong_condition_first,WRONG_CONDITION,MEDIUM,True,1,2,1,2,3,GUIDING_QUESTION,true,True,1,2,244,283,CONCEPTUAL_HINT,CONCEPTUAL_HINT,true,while condition
problem_suite_http,RULE,142,2,502012,problem_suite_http:RULE:c2:s502012:p312,312,312,climbing-stairs,Climbing Stairs,easy,base cases and recurrence,repeated_conceptual_error,wrong_condition_repeat,WRONG_CONDITION,MEDIUM,True,1,2,2,3,4,CONCEPTUAL_HINT,true,True,1,3,249,283,CONCEPTUAL_HINT,CONCEPTUAL_HINT,true,while condition
problem_suite_http,RULE,143,2,502012,problem_suite_http:RULE:c2:s502012:p312,312,312,climbing-stairs,Climbing Stairs,easy,base cases and recurrence,partial_logic,partial_but_compiling,UNKNOWN,MEDIUM,True,1,2,1,4,5,CONCEPTUAL_HINT,true,True,1,4,245,284,CONCEPTUAL_HINT,CONCEPTUAL_HINT,true,logic block
problem_suite_http,RULE,144,2,502012,problem_suite_http:RULE:c2:s502012:p312,312,312,climbing-stairs,Climbing Stairs,easy,base cases and recurrence,local_completion,locally_complete,OFF_BY_ONE,LOW,True,1,2,1,5,6,CONCEPTUAL_HINT,true,True,1,5,252,293,CODE_HIGHLIGHT,NO_FEEDBACK,false,for loop condition
problem_suite_http,RULE,145,3,503001,problem_suite_http:RULE:c3:s503001:p301,301,301,palindrome,Valid Palindrome,easy,two pointers and string normalization,syntax,missing_statement_ending,SYNTAX_ERROR,HIGH,False,0,0,1,0,1,,,True,1,0,47,89,CODE_HIGHLIGHT,CODE_HIGHLIGHT,true,statement ending
problem_suite_http,RULE,146,3,503001,problem_suite_http:RULE:c3:s503001:p301,301,301,palindrome,Valid Palindrome,easy,two pointers and string normalization,planning,unfinished_implementation,STUCK_NO_PROGRESS,LOW,True,0,3,1,1,2,CODE_HIGHLIGHT,true,True,2,1,244,279,GUIDING_QUESTION,GUIDING_QUESTION,true,unfinished implementation
problem_suite_http,RULE,147,3,503001,problem_suite_http:RULE:c3:s503001:p301,301,301,palindrome,Valid Palindrome,easy,two pointers and string normalization,first_conceptual_error,possible_null_access_first,POSSIBLE_NULL_ACCESS,MEDIUM,True,3,0,1,2,3,GUIDING_QUESTION,true,True,1,2,252,286,CODE_HIGHLIGHT,CODE_HIGHLIGHT,true,missing null or empty guard
problem_suite_http,RULE,148,3,503001,problem_suite_http:RULE:c3:s503001:p301,301,301,palindrome,Valid Palindrome,easy,two pointers and string normalization,repeated_conceptual_error,possible_null_access_repeat,POSSIBLE_NULL_ACCESS,MEDIUM,True,3,0,2,3,4,CODE_HIGHLIGHT,true,True,1,3,254,297,CONCEPTUAL_HINT,CONCEPTUAL_HINT,true,missing null or empty guard
problem_suite_http,RULE,149,3,503001,problem_suite_http:RULE:c3:s503001:p301,301,301,palindrome,Valid Palindrome,easy,two pointers and string normalization,partial_logic,partial_but_compiling,UNKNOWN,MEDIUM,True,1,2,1,4,5,CONCEPTUAL_HINT,true,True,1,4,244,277,CONCEPTUAL_HINT,CONCEPTUAL_HINT,true,logic block
problem_suite_http,RULE,150,3,503001,problem_suite_http:RULE:c3:s503001:p301,301,301,palindrome,Valid Palindrome,easy,two pointers and string normalization,local_completion,locally_complete,WRONG_CONDITION,LOW,True,1,2,1,5,6,CONCEPTUAL_HINT,true,True,1,5,245,278,CONCEPTUAL_HINT,NO_FEEDBACK,false,while condition
problem_suite_http,RULE,151,3,503002,problem_suite_http:RULE:c3:s503002:p302,302,302,two-sum,Two Sum,easy,hash map lookup and pair search,syntax,missing_statement_ending,SYNTAX_ERROR,HIGH,False,0,0,1,0,1,,,True,1,0,48,88,CODE_HIGHLIGHT,CODE_HIGHLIGHT,true,statement ending
problem_suite_http,RULE,152,3,503002,problem_suite_http:RULE:c3:s503002:p302,302,302,two-sum,Two Sum,easy,hash map lookup and pair search,planning,unfinished_implementation,STUCK_NO_PROGRESS,LOW,True,0,3,1,1,2,CODE_HIGHLIGHT,true,True,2,1,243,286,GUIDING_QUESTION,GUIDING_QUESTION,true,unfinished implementation
problem_suite_http,RULE,153,3,503002,problem_suite_http:RULE:c3:s503002:p302,302,302,two-sum,Two Sum,easy,hash map lookup and pair search,first_conceptual_error,off_by_one_first,OFF_BY_ONE,MEDIUM,True,1,2,1,2,3,GUIDING_QUESTION,true,True,1,2,242,288,CODE_HIGHLIGHT,CODE_HIGHLIGHT,true,for loop condition
problem_suite_http,RULE,154,3,503002,problem_suite_http:RULE:c3:s503002:p302,302,302,two-sum,Two Sum,easy,hash map lookup and pair search,repeated_conceptual_error,off_by_one_repeat,OFF_BY_ONE,MEDIUM,True,1,2,2,3,4,CODE_HIGHLIGHT,true,True,1,3,246,284,CONCEPTUAL_HINT,CONCEPTUAL_HINT,true,for loop condition
problem_suite_http,RULE,155,3,503002,problem_suite_http:RULE:c3:s503002:p302,302,302,two-sum,Two Sum,easy,hash map lookup and pair search,partial_logic,partial_but_compiling,UNKNOWN,MEDIUM,True,1,2,1,4,5,CONCEPTUAL_HINT,true,True,1,4,246,289,CONCEPTUAL_HINT,CONCEPTUAL_HINT,true,logic block
problem_suite_http,RULE,156,3,503002,problem_suite_http:RULE:c3:s503002:p302,302,302,two-sum,Two Sum,easy,hash map lookup and pair search,local_completion,locally_complete,UNKNOWN,LOW,True,3,0,2,5,6,CONCEPTUAL_HINT,true,True,1,5,246,280,NO_FEEDBACK,NO_FEEDBACK,true,logic block
problem_suite_http,RULE,157,3,503003,problem_suite_http:RULE:c3:s503003:p303,303,303,valid-parentheses,Valid Parentheses,easy,stack state and matching brackets,syntax,missing_statement_ending,SYNTAX_ERROR,HIGH,False,0,0,1,0,1,,,True,1,0,48,70,CODE_HIGHLIGHT,CODE_HIGHLIGHT,true,statement ending
problem_suite_http,RULE,158,3,503003,problem_suite_http:RULE:c3:s503003:p303,303,303,valid-parentheses,Valid Parentheses,easy,stack state and matching brackets,planning,unfinished_implementation,STUCK_NO_PROGRESS,LOW,True,0,3,1,1,2,CODE_HIGHLIGHT,true,True,2,1,247,291,GUIDING_QUESTION,GUIDING_QUESTION,true,unfinished implementation
problem_suite_http,RULE,159,3,503003,problem_suite_http:RULE:c3:s503003:p303,303,303,valid-parentheses,Valid Parentheses,easy,stack state and matching brackets,first_conceptual_error,possible_null_access_first,UNKNOWN,MEDIUM,True,3,0,1,2,3,GUIDING_QUESTION,true,True,1,2,246,283,NO_FEEDBACK,CODE_HIGHLIGHT,false,logic block
problem_suite_http,RULE,160,3,503003,problem_suite_http:RULE:c3:s503003:p303,303,303,valid-parentheses,Valid Parentheses,easy,stack state and matching brackets,repeated_conceptual_error,possible_null_access_repeat,UNKNOWN,MEDIUM,True,3,0,2,3,4,NO_FEEDBACK,false,True,1,3,285,331,NO_FEEDBACK,CONCEPTUAL_HINT,false,logic block
problem_suite_http,RULE,161,3,503003,problem_suite_http:RULE:c3:s503003:p303,303,303,valid-parentheses,Valid Parentheses,easy,stack state and matching brackets,partial_logic,partial_but_compiling,UNKNOWN,MEDIUM,True,1,2,3,4,5,NO_FEEDBACK,false,True,1,4,255,300,CONCEPTUAL_HINT,CONCEPTUAL_HINT,true,logic block
problem_suite_http,RULE,162,3,503003,problem_suite_http:RULE:c3:s503003:p303,303,303,valid-parentheses,Valid Parentheses,easy,stack state and matching brackets,local_completion,locally_complete,UNKNOWN,LOW,True,3,0,4,5,6,CONCEPTUAL_HINT,true,True,1,5,243,292,CONCEPTUAL_HINT,NO_FEEDBACK,false,logic block
problem_suite_http,RULE,163,3,503004,problem_suite_http:RULE:c3:s503004:p304,304,304,binary-search,Binary Search,easy,search interval invariant,syntax,missing_statement_ending,SYNTAX_ERROR,HIGH,False,0,0,1,0,1,,,True,1,0,48,82,CODE_HIGHLIGHT,CODE_HIGHLIGHT,true,statement ending
problem_suite_http,RULE,164,3,503004,problem_suite_http:RULE:c3:s503004:p304,304,304,binary-search,Binary Search,easy,search interval invariant,planning,unfinished_implementation,STUCK_NO_PROGRESS,LOW,True,0,3,1,1,2,CODE_HIGHLIGHT,true,True,2,1,249,279,GUIDING_QUESTION,GUIDING_QUESTION,true,unfinished implementation
problem_suite_http,RULE,165,3,503004,problem_suite_http:RULE:c3:s503004:p304,304,304,binary-search,Binary Search,easy,search interval invariant,first_conceptual_error,wrong_loop_boundary_first,WRONG_LOOP_BOUNDARY,MEDIUM,True,1,2,1,2,3,GUIDING_QUESTION,true,True,1,2,255,302,CODE_HIGHLIGHT,CODE_HIGHLIGHT,true,binary search loop boundary
problem_suite_http,RULE,166,3,503004,problem_suite_http:RULE:c3:s503004:p304,304,304,binary-search,Binary Search,easy,search interval invariant,repeated_conceptual_error,wrong_loop_boundary_repeat,WRONG_LOOP_BOUNDARY,MEDIUM,True,1,2,2,3,4,CODE_HIGHLIGHT,true,True,1,3,253,299,CONCEPTUAL_HINT,CONCEPTUAL_HINT,true,binary search loop boundary
problem_suite_http,RULE,167,3,503004,problem_suite_http:RULE:c3:s503004:p304,304,304,binary-search,Binary Search,easy,search interval invariant,partial_logic,partial_but_compiling,UNKNOWN,MEDIUM,True,1,2,1,4,5,CONCEPTUAL_HINT,true,True,1,4,250,287,CONCEPTUAL_HINT,CONCEPTUAL_HINT,true,logic block
problem_suite_http,RULE,168,3,503004,problem_suite_http:RULE:c3:s503004:p304,304,304,binary-search,Binary Search,easy,search interval invariant,local_completion,locally_complete,UNKNOWN,LOW,True,3,0,2,5,6,CONCEPTUAL_HINT,true,True,1,5,244,290,NO_FEEDBACK,NO_FEEDBACK,true,logic block
problem_suite_http,RULE,169,3,503005,problem_suite_http:RULE:c3:s503005:p305,305,305,merge-sorted-array,Merge Sorted Array,easy,array index management,syntax,missing_statement_ending,SYNTAX_ERROR,HIGH,False,0,0,1,0,1,,,True,1,0,57,94,CODE_HIGHLIGHT,CODE_HIGHLIGHT,true,statement ending
problem_suite_http,RULE,170,3,503005,problem_suite_http:RULE:c3:s503005:p305,305,305,merge-sorted-array,Merge Sorted Array,easy,array index management,planning,unfinished_implementation,STUCK_NO_PROGRESS,LOW,True,0,3,1,1,2,CODE_HIGHLIGHT,true,True,2,1,257,289,GUIDING_QUESTION,GUIDING_QUESTION,true,unfinished implementation
problem_suite_http,RULE,171,3,503005,problem_suite_http:RULE:c3:s503005:p305,305,305,merge-sorted-array,Merge Sorted Array,easy,array index management,first_conceptual_error,off_by_one_first,OFF_BY_ONE,MEDIUM,True,1,2,1,2,3,GUIDING_QUESTION,true,True,1,2,255,295,CODE_HIGHLIGHT,CODE_HIGHLIGHT,true,for loop condition
problem_suite_http,RULE,172,3,503005,problem_suite_http:RULE:c3:s503005:p305,305,305,merge-sorted-array,Merge Sorted Array,easy,array index management,repeated_conceptual_error,off_by_one_repeat,OFF_BY_ONE,MEDIUM,True,1,2,2,3,4,CODE_HIGHLIGHT,true,True,1,3,241,285,CONCEPTUAL_HINT,CONCEPTUAL_HINT,true,for loop condition
problem_suite_http,RULE,173,3,503005,problem_suite_http:RULE:c3:s503005:p305,305,305,merge-sorted-array,Merge Sorted Array,easy,array index management,partial_logic,partial_but_compiling,UNKNOWN,MEDIUM,True,1,2,1,4,5,CONCEPTUAL_HINT,true,True,1,4,247,540,CONCEPTUAL_HINT,CONCEPTUAL_HINT,true,logic block
problem_suite_http,RULE,174,3,503005,problem_suite_http:RULE:c3:s503005:p305,305,305,merge-sorted-array,Merge Sorted Array,easy,array index management,local_completion,locally_complete,UNKNOWN,LOW,True,3,0,2,5,6,CONCEPTUAL_HINT,true,True,1,5,243,290,NO_FEEDBACK,NO_FEEDBACK,true,logic block
problem_suite_http,RULE,175,3,503006,problem_suite_http:RULE:c3:s503006:p306,306,306,trapping-rain-water,Trapping Rain Water,hard,two pointers and running maxima,syntax,missing_statement_ending,SYNTAX_ERROR,HIGH,False,0,0,1,0,1,,,True,1,0,47,79,CODE_HIGHLIGHT,CODE_HIGHLIGHT,true,statement ending
problem_suite_http,RULE,176,3,503006,problem_suite_http:RULE:c3:s503006:p306,306,306,trapping-rain-water,Trapping Rain Water,hard,two pointers and running maxima,planning,unfinished_implementation,STUCK_NO_PROGRESS,LOW,True,0,3,1,1,2,CODE_HIGHLIGHT,true,True,2,1,245,299,GUIDING_QUESTION,GUIDING_QUESTION,true,unfinished implementation
problem_suite_http,RULE,177,3,503006,problem_suite_http:RULE:c3:s503006:p306,306,306,trapping-rain-water,Trapping Rain Water,hard,two pointers and running maxima,first_conceptual_error,wrong_condition_first,WRONG_CONDITION,MEDIUM,True,1,2,1,2,3,GUIDING_QUESTION,true,True,1,2,251,302,CONCEPTUAL_HINT,CONCEPTUAL_HINT,true,while condition
problem_suite_http,RULE,178,3,503006,problem_suite_http:RULE:c3:s503006:p306,306,306,trapping-rain-water,Trapping Rain Water,hard,two pointers and running maxima,repeated_conceptual_error,wrong_condition_repeat,WRONG_CONDITION,MEDIUM,True,1,2,2,3,4,CONCEPTUAL_HINT,true,True,1,3,244,281,CONCEPTUAL_HINT,CONCEPTUAL_HINT,true,while condition
problem_suite_http,RULE,179,3,503006,problem_suite_http:RULE:c3:s503006:p306,306,306,trapping-rain-water,Trapping Rain Water,hard,two pointers and running maxima,partial_logic,partial_but_compiling,UNKNOWN,MEDIUM,True,1,2,1,4,5,CONCEPTUAL_HINT,true,True,1,4,243,289,CONCEPTUAL_HINT,CONCEPTUAL_HINT,true,logic block
problem_suite_http,RULE,180,3,503006,problem_suite_http:RULE:c3:s503006:p306,306,306,trapping-rain-water,Trapping Rain Water,hard,two pointers and running maxima,local_completion,locally_complete,UNKNOWN,LOW,True,1,2,2,5,6,CONCEPTUAL_HINT,true,True,1,5,247,278,CONCEPTUAL_HINT,NO_FEEDBACK,false,logic block
problem_suite_http,RULE,181,3,503007,problem_suite_http:RULE:c3:s503007:p307,307,307,lru-cache,LRU Cache,medium,state update and eviction policy,syntax,missing_statement_ending,SYNTAX_ERROR,HIGH,False,0,0,1,0,1,,,True,1,0,48,81,CODE_HIGHLIGHT,CODE_HIGHLIGHT,true,statement ending
problem_suite_http,RULE,182,3,503007,problem_suite_http:RULE:c3:s503007:p307,307,307,lru-cache,LRU Cache,medium,state update and eviction policy,planning,unfinished_implementation,STUCK_NO_PROGRESS,LOW,True,0,3,1,1,2,CODE_HIGHLIGHT,true,True,2,1,245,291,GUIDING_QUESTION,GUIDING_QUESTION,true,unfinished implementation
problem_suite_http,RULE,183,3,503007,problem_suite_http:RULE:c3:s503007:p307,307,307,lru-cache,LRU Cache,medium,state update and eviction policy,first_conceptual_error,unknown_logic_first,UNKNOWN,MEDIUM,True,3,0,1,2,3,GUIDING_QUESTION,true,True,1,2,243,285,NO_FEEDBACK,CONCEPTUAL_HINT,false,logic block
problem_suite_http,RULE,184,3,503007,problem_suite_http:RULE:c3:s503007:p307,307,307,lru-cache,LRU Cache,medium,state update and eviction policy,repeated_conceptual_error,unknown_logic_repeat,UNKNOWN,MEDIUM,True,3,0,2,3,4,NO_FEEDBACK,false,True,1,3,246,282,NO_FEEDBACK,CONCEPTUAL_HINT,false,logic block
problem_suite_http,RULE,185,3,503007,problem_suite_http:RULE:c3:s503007:p307,307,307,lru-cache,LRU Cache,medium,state update and eviction policy,partial_logic,partial_but_compiling,UNKNOWN,MEDIUM,True,1,2,3,4,5,NO_FEEDBACK,false,True,1,4,254,299,CONCEPTUAL_HINT,CONCEPTUAL_HINT,true,logic block
problem_suite_http,RULE,186,3,503007,problem_suite_http:RULE:c3:s503007:p307,307,307,lru-cache,LRU Cache,medium,state update and eviction policy,local_completion,locally_complete,UNKNOWN,LOW,True,3,0,4,5,6,CONCEPTUAL_HINT,true,True,1,5,249,290,CONCEPTUAL_HINT,NO_FEEDBACK,false,logic block
problem_suite_http,RULE,187,3,503008,problem_suite_http:RULE:c3:s503008:p308,308,308,longest-substring,Longest Substring Without Repeating Characters,medium,sliding window invariant,syntax,missing_statement_ending,SYNTAX_ERROR,HIGH,False,0,0,1,0,1,,,True,1,0,47,93,CODE_HIGHLIGHT,CODE_HIGHLIGHT,true,statement ending
problem_suite_http,RULE,188,3,503008,problem_suite_http:RULE:c3:s503008:p308,308,308,longest-substring,Longest Substring Without Repeating Characters,medium,sliding window invariant,planning,unfinished_implementation,STUCK_NO_PROGRESS,LOW,True,0,3,1,1,2,CODE_HIGHLIGHT,true,True,2,1,241,285,GUIDING_QUESTION,GUIDING_QUESTION,true,unfinished implementation
problem_suite_http,RULE,189,3,503008,problem_suite_http:RULE:c3:s503008:p308,308,308,longest-substring,Longest Substring Without Repeating Characters,medium,sliding window invariant,first_conceptual_error,off_by_one_first,OFF_BY_ONE,MEDIUM,True,1,2,1,2,3,GUIDING_QUESTION,true,True,1,2,257,294,CODE_HIGHLIGHT,CODE_HIGHLIGHT,true,for loop condition
problem_suite_http,RULE,190,3,503008,problem_suite_http:RULE:c3:s503008:p308,308,308,longest-substring,Longest Substring Without Repeating Characters,medium,sliding window invariant,repeated_conceptual_error,off_by_one_repeat,OFF_BY_ONE,MEDIUM,True,1,2,2,3,4,CODE_HIGHLIGHT,true,True,1,3,247,283,CONCEPTUAL_HINT,CONCEPTUAL_HINT,true,for loop condition
problem_suite_http,RULE,191,3,503008,problem_suite_http:RULE:c3:s503008:p308,308,308,longest-substring,Longest Substring Without Repeating Characters,medium,sliding window invariant,partial_logic,partial_but_compiling,UNKNOWN,MEDIUM,True,1,2,1,4,5,CONCEPTUAL_HINT,true,True,1,4,240,277,CONCEPTUAL_HINT,CONCEPTUAL_HINT,true,logic block
problem_suite_http,RULE,192,3,503008,problem_suite_http:RULE:c3:s503008:p308,308,308,longest-substring,Longest Substring Without Repeating Characters,medium,sliding window invariant,local_completion,locally_complete,UNKNOWN,LOW,True,3,0,2,5,6,CONCEPTUAL_HINT,true,True,1,5,244,288,NO_FEEDBACK,NO_FEEDBACK,true,logic block
problem_suite_http,RULE,193,3,503009,problem_suite_http:RULE:c3:s503009:p309,309,309,reverse-linked-list,Reverse Linked List,easy,pointer update order,syntax,missing_statement_ending,SYNTAX_ERROR,HIGH,False,0,0,1,0,1,,,True,1,0,47,95,CODE_HIGHLIGHT,CODE_HIGHLIGHT,true,statement ending
problem_suite_http,RULE,194,3,503009,problem_suite_http:RULE:c3:s503009:p309,309,309,reverse-linked-list,Reverse Linked List,easy,pointer update order,planning,unfinished_implementation,STUCK_NO_PROGRESS,LOW,True,0,3,1,1,2,CODE_HIGHLIGHT,true,True,2,1,259,300,GUIDING_QUESTION,GUIDING_QUESTION,true,unfinished implementation
problem_suite_http,RULE,195,3,503009,problem_suite_http:RULE:c3:s503009:p309,309,309,reverse-linked-list,Reverse Linked List,easy,pointer update order,first_conceptual_error,wrong_condition_first,WRONG_CONDITION,MEDIUM,True,1,2,1,2,3,GUIDING_QUESTION,true,True,1,2,242,275,CONCEPTUAL_HINT,CONCEPTUAL_HINT,true,while condition
problem_suite_http,RULE,196,3,503009,problem_suite_http:RULE:c3:s503009:p309,309,309,reverse-linked-list,Reverse Linked List,easy,pointer update order,repeated_conceptual_error,wrong_condition_repeat,WRONG_CONDITION,MEDIUM,True,1,2,2,3,4,CONCEPTUAL_HINT,true,True,1,3,252,284,CONCEPTUAL_HINT,CONCEPTUAL_HINT,true,while condition
problem_suite_http,RULE,197,3,503009,problem_suite_http:RULE:c3:s503009:p309,309,309,reverse-linked-list,Reverse Linked List,easy,pointer update order,partial_logic,partial_but_compiling,UNKNOWN,MEDIUM,True,1,2,1,4,5,CONCEPTUAL_HINT,true,True,1,4,274,315,CONCEPTUAL_HINT,CONCEPTUAL_HINT,true,logic block
problem_suite_http,RULE,198,3,503009,problem_suite_http:RULE:c3:s503009:p309,309,309,reverse-linked-list,Reverse Linked List,easy,pointer update order,local_completion,locally_complete,UNKNOWN,LOW,True,3,0,2,5,6,CONCEPTUAL_HINT,true,True,1,5,270,308,NO_FEEDBACK,NO_FEEDBACK,true,logic block
problem_suite_http,RULE,199,3,503010,problem_suite_http:RULE:c3:s503010:p310,310,310,matrix-diagonal-sum,Matrix Diagonal Sum,easy,nested indexing and double counting,syntax,missing_statement_ending,SYNTAX_ERROR,HIGH,False,0,0,1,0,1,,,True,1,0,49,80,CODE_HIGHLIGHT,CODE_HIGHLIGHT,true,statement ending
problem_suite_http,RULE,200,3,503010,problem_suite_http:RULE:c3:s503010:p310,310,310,matrix-diagonal-sum,Matrix Diagonal Sum,easy,nested indexing and double counting,planning,unfinished_implementation,STUCK_NO_PROGRESS,LOW,True,0,3,1,1,2,CODE_HIGHLIGHT,true,True,2,1,244,287,GUIDING_QUESTION,GUIDING_QUESTION,true,unfinished implementation
problem_suite_http,RULE,201,3,503010,problem_suite_http:RULE:c3:s503010:p310,310,310,matrix-diagonal-sum,Matrix Diagonal Sum,easy,nested indexing and double counting,first_conceptual_error,off_by_one_first,OFF_BY_ONE,MEDIUM,True,1,2,1,2,3,GUIDING_QUESTION,true,True,1,2,244,275,CODE_HIGHLIGHT,CODE_HIGHLIGHT,true,for loop condition
problem_suite_http,RULE,202,3,503010,problem_suite_http:RULE:c3:s503010:p310,310,310,matrix-diagonal-sum,Matrix Diagonal Sum,easy,nested indexing and double counting,repeated_conceptual_error,off_by_one_repeat,OFF_BY_ONE,MEDIUM,True,1,2,2,3,4,CODE_HIGHLIGHT,true,True,1,3,249,282,CONCEPTUAL_HINT,CONCEPTUAL_HINT,true,for loop condition
problem_suite_http,RULE,203,3,503010,problem_suite_http:RULE:c3:s503010:p310,310,310,matrix-diagonal-sum,Matrix Diagonal Sum,easy,nested indexing and double counting,partial_logic,partial_but_compiling,UNKNOWN,MEDIUM,True,1,2,1,4,5,CONCEPTUAL_HINT,true,True,1,4,252,289,CONCEPTUAL_HINT,CONCEPTUAL_HINT,true,logic block
problem_suite_http,RULE,204,3,503010,problem_suite_http:RULE:c3:s503010:p310,310,310,matrix-diagonal-sum,Matrix Diagonal Sum,easy,nested indexing and double counting,local_completion,locally_complete,UNKNOWN,LOW,True,3,0,2,5,6,CONCEPTUAL_HINT,true,True,1,5,255,300,NO_FEEDBACK,NO_FEEDBACK,true,logic block
problem_suite_http,RULE,205,3,503011,problem_suite_http:RULE:c3:s503011:p311,311,311,roman-to-integer,Roman to Integer,easy,lookahead condition,syntax,missing_statement_ending,SYNTAX_ERROR,HIGH,False,0,0,1,0,1,,,True,1,0,48,85,CODE_HIGHLIGHT,CODE_HIGHLIGHT,true,statement ending
problem_suite_http,RULE,206,3,503011,problem_suite_http:RULE:c3:s503011:p311,311,311,roman-to-integer,Roman to Integer,easy,lookahead condition,planning,unfinished_implementation,STUCK_NO_PROGRESS,LOW,True,0,3,1,1,2,CODE_HIGHLIGHT,true,True,2,1,250,271,GUIDING_QUESTION,GUIDING_QUESTION,true,unfinished implementation
problem_suite_http,RULE,207,3,503011,problem_suite_http:RULE:c3:s503011:p311,311,311,roman-to-integer,Roman to Integer,easy,lookahead condition,first_conceptual_error,off_by_one_first,OFF_BY_ONE,MEDIUM,True,1,2,1,2,3,GUIDING_QUESTION,true,True,1,2,248,280,CODE_HIGHLIGHT,CODE_HIGHLIGHT,true,for loop condition
problem_suite_http,RULE,208,3,503011,problem_suite_http:RULE:c3:s503011:p311,311,311,roman-to-integer,Roman to Integer,easy,lookahead condition,repeated_conceptual_error,off_by_one_repeat,OFF_BY_ONE,MEDIUM,True,1,2,2,3,4,CODE_HIGHLIGHT,true,True,1,3,252,297,CONCEPTUAL_HINT,CONCEPTUAL_HINT,true,for loop condition
problem_suite_http,RULE,209,3,503011,problem_suite_http:RULE:c3:s503011:p311,311,311,roman-to-integer,Roman to Integer,easy,lookahead condition,partial_logic,partial_but_compiling,UNKNOWN,MEDIUM,True,1,2,1,4,5,CONCEPTUAL_HINT,true,True,1,4,247,266,CONCEPTUAL_HINT,CONCEPTUAL_HINT,true,logic block
problem_suite_http,RULE,210,3,503011,problem_suite_http:RULE:c3:s503011:p311,311,311,roman-to-integer,Roman to Integer,easy,lookahead condition,local_completion,locally_complete,UNKNOWN,LOW,True,3,0,2,5,6,CONCEPTUAL_HINT,true,True,1,5,248,290,NO_FEEDBACK,NO_FEEDBACK,true,logic block
problem_suite_http,RULE,211,3,503012,problem_suite_http:RULE:c3:s503012:p312,312,312,climbing-stairs,Climbing Stairs,easy,base cases and recurrence,syntax,missing_statement_ending,SYNTAX_ERROR,HIGH,False,0,0,1,0,1,,,True,1,0,46,69,CODE_HIGHLIGHT,CODE_HIGHLIGHT,true,statement ending
problem_suite_http,RULE,212,3,503012,problem_suite_http:RULE:c3:s503012:p312,312,312,climbing-stairs,Climbing Stairs,easy,base cases and recurrence,planning,unfinished_implementation,STUCK_NO_PROGRESS,LOW,True,0,3,1,1,2,CODE_HIGHLIGHT,true,True,2,1,242,280,GUIDING_QUESTION,GUIDING_QUESTION,true,unfinished implementation
problem_suite_http,RULE,213,3,503012,problem_suite_http:RULE:c3:s503012:p312,312,312,climbing-stairs,Climbing Stairs,easy,base cases and recurrence,first_conceptual_error,wrong_condition_first,WRONG_CONDITION,MEDIUM,True,1,2,1,2,3,GUIDING_QUESTION,true,True,1,2,247,286,CONCEPTUAL_HINT,CONCEPTUAL_HINT,true,while condition
problem_suite_http,RULE,214,3,503012,problem_suite_http:RULE:c3:s503012:p312,312,312,climbing-stairs,Climbing Stairs,easy,base cases and recurrence,repeated_conceptual_error,wrong_condition_repeat,WRONG_CONDITION,MEDIUM,True,1,2,2,3,4,CONCEPTUAL_HINT,true,True,1,3,249,284,CONCEPTUAL_HINT,CONCEPTUAL_HINT,true,while condition
problem_suite_http,RULE,215,3,503012,problem_suite_http:RULE:c3:s503012:p312,312,312,climbing-stairs,Climbing Stairs,easy,base cases and recurrence,partial_logic,partial_but_compiling,UNKNOWN,MEDIUM,True,1,2,1,4,5,CONCEPTUAL_HINT,true,True,1,4,237,285,CONCEPTUAL_HINT,CONCEPTUAL_HINT,true,logic block
problem_suite_http,RULE,216,3,503012,problem_suite_http:RULE:c3:s503012:p312,312,312,climbing-stairs,Climbing Stairs,easy,base cases and recurrence,local_completion,locally_complete,OFF_BY_ONE,LOW,True,1,2,1,5,6,CONCEPTUAL_HINT,true,True,1,5,250,291,CODE_HIGHLIGHT,NO_FEEDBACK,false,for loop condition
problem_suite_http,RULE,217,4,504001,problem_suite_http:RULE:c4:s504001:p301,301,301,palindrome,Valid Palindrome,easy,two pointers and string normalization,syntax,missing_statement_ending,SYNTAX_ERROR,HIGH,False,0,0,1,0,1,,,True,1,0,48,88,CODE_HIGHLIGHT,CODE_HIGHLIGHT,true,statement ending
problem_suite_http,RULE,218,4,504001,problem_suite_http:RULE:c4:s504001:p301,301,301,palindrome,Valid Palindrome,easy,two pointers and string normalization,planning,unfinished_implementation,STUCK_NO_PROGRESS,LOW,True,0,3,1,1,2,CODE_HIGHLIGHT,true,True,2,1,243,282,GUIDING_QUESTION,GUIDING_QUESTION,true,unfinished implementation
problem_suite_http,RULE,219,4,504001,problem_suite_http:RULE:c4:s504001:p301,301,301,palindrome,Valid Palindrome,easy,two pointers and string normalization,first_conceptual_error,possible_null_access_first,POSSIBLE_NULL_ACCESS,MEDIUM,True,3,0,1,2,3,GUIDING_QUESTION,true,True,1,2,250,289,CODE_HIGHLIGHT,CODE_HIGHLIGHT,true,missing null or empty guard
problem_suite_http,RULE,220,4,504001,problem_suite_http:RULE:c4:s504001:p301,301,301,palindrome,Valid Palindrome,easy,two pointers and string normalization,repeated_conceptual_error,possible_null_access_repeat,POSSIBLE_NULL_ACCESS,MEDIUM,True,3,0,2,3,4,CODE_HIGHLIGHT,true,True,1,3,257,294,CONCEPTUAL_HINT,CONCEPTUAL_HINT,true,missing null or empty guard
problem_suite_http,RULE,221,4,504001,problem_suite_http:RULE:c4:s504001:p301,301,301,palindrome,Valid Palindrome,easy,two pointers and string normalization,partial_logic,partial_but_compiling,UNKNOWN,MEDIUM,True,1,2,1,4,5,CONCEPTUAL_HINT,true,True,1,4,244,264,CONCEPTUAL_HINT,CONCEPTUAL_HINT,true,logic block
problem_suite_http,RULE,222,4,504001,problem_suite_http:RULE:c4:s504001:p301,301,301,palindrome,Valid Palindrome,easy,two pointers and string normalization,local_completion,locally_complete,WRONG_CONDITION,LOW,True,1,2,1,5,6,CONCEPTUAL_HINT,true,True,1,5,245,281,CONCEPTUAL_HINT,NO_FEEDBACK,false,while condition
problem_suite_http,RULE,223,4,504002,problem_suite_http:RULE:c4:s504002:p302,302,302,two-sum,Two Sum,easy,hash map lookup and pair search,syntax,missing_statement_ending,SYNTAX_ERROR,HIGH,False,0,0,1,0,1,,,True,1,0,52,83,CODE_HIGHLIGHT,CODE_HIGHLIGHT,true,statement ending
problem_suite_http,RULE,224,4,504002,problem_suite_http:RULE:c4:s504002:p302,302,302,two-sum,Two Sum,easy,hash map lookup and pair search,planning,unfinished_implementation,STUCK_NO_PROGRESS,LOW,True,0,3,1,1,2,CODE_HIGHLIGHT,true,True,2,1,245,284,GUIDING_QUESTION,GUIDING_QUESTION,true,unfinished implementation
problem_suite_http,RULE,225,4,504002,problem_suite_http:RULE:c4:s504002:p302,302,302,two-sum,Two Sum,easy,hash map lookup and pair search,first_conceptual_error,off_by_one_first,OFF_BY_ONE,MEDIUM,True,1,2,1,2,3,GUIDING_QUESTION,true,True,1,2,249,280,CODE_HIGHLIGHT,CODE_HIGHLIGHT,true,for loop condition
problem_suite_http,RULE,226,4,504002,problem_suite_http:RULE:c4:s504002:p302,302,302,two-sum,Two Sum,easy,hash map lookup and pair search,repeated_conceptual_error,off_by_one_repeat,OFF_BY_ONE,MEDIUM,True,1,2,2,3,4,CODE_HIGHLIGHT,true,True,1,3,247,280,CONCEPTUAL_HINT,CONCEPTUAL_HINT,true,for loop condition
problem_suite_http,RULE,227,4,504002,problem_suite_http:RULE:c4:s504002:p302,302,302,two-sum,Two Sum,easy,hash map lookup and pair search,partial_logic,partial_but_compiling,UNKNOWN,MEDIUM,True,1,2,1,4,5,CONCEPTUAL_HINT,true,True,1,4,249,296,CONCEPTUAL_HINT,CONCEPTUAL_HINT,true,logic block
problem_suite_http,RULE,228,4,504002,problem_suite_http:RULE:c4:s504002:p302,302,302,two-sum,Two Sum,easy,hash map lookup and pair search,local_completion,locally_complete,UNKNOWN,LOW,True,3,0,2,5,6,CONCEPTUAL_HINT,true,True,1,5,247,290,NO_FEEDBACK,NO_FEEDBACK,true,logic block
problem_suite_http,RULE,229,4,504003,problem_suite_http:RULE:c4:s504003:p303,303,303,valid-parentheses,Valid Parentheses,easy,stack state and matching brackets,syntax,missing_statement_ending,SYNTAX_ERROR,HIGH,False,0,0,1,0,1,,,True,1,0,47,90,CODE_HIGHLIGHT,CODE_HIGHLIGHT,true,statement ending
problem_suite_http,RULE,230,4,504003,problem_suite_http:RULE:c4:s504003:p303,303,303,valid-parentheses,Valid Parentheses,easy,stack state and matching brackets,planning,unfinished_implementation,STUCK_NO_PROGRESS,LOW,True,0,3,1,1,2,CODE_HIGHLIGHT,true,True,2,1,244,265,GUIDING_QUESTION,GUIDING_QUESTION,true,unfinished implementation
problem_suite_http,RULE,231,4,504003,problem_suite_http:RULE:c4:s504003:p303,303,303,valid-parentheses,Valid Parentheses,easy,stack state and matching brackets,first_conceptual_error,possible_null_access_first,UNKNOWN,MEDIUM,True,3,0,1,2,3,GUIDING_QUESTION,true,True,1,2,250,290,NO_FEEDBACK,CODE_HIGHLIGHT,false,logic block
problem_suite_http,RULE,232,4,504003,problem_suite_http:RULE:c4:s504003:p303,303,303,valid-parentheses,Valid Parentheses,easy,stack state and matching brackets,repeated_conceptual_error,possible_null_access_repeat,UNKNOWN,MEDIUM,True,3,0,2,3,4,NO_FEEDBACK,false,True,1,3,249,290,NO_FEEDBACK,CONCEPTUAL_HINT,false,logic block
problem_suite_http,RULE,233,4,504003,problem_suite_http:RULE:c4:s504003:p303,303,303,valid-parentheses,Valid Parentheses,easy,stack state and matching brackets,partial_logic,partial_but_compiling,UNKNOWN,MEDIUM,True,1,2,3,4,5,NO_FEEDBACK,false,True,1,4,250,295,CONCEPTUAL_HINT,CONCEPTUAL_HINT,true,logic block
problem_suite_http,RULE,234,4,504003,problem_suite_http:RULE:c4:s504003:p303,303,303,valid-parentheses,Valid Parentheses,easy,stack state and matching brackets,local_completion,locally_complete,UNKNOWN,LOW,True,3,0,4,5,6,CONCEPTUAL_HINT,true,True,1,5,245,283,CONCEPTUAL_HINT,NO_FEEDBACK,false,logic block
problem_suite_http,RULE,235,4,504004,problem_suite_http:RULE:c4:s504004:p304,304,304,binary-search,Binary Search,easy,search interval invariant,syntax,missing_statement_ending,SYNTAX_ERROR,HIGH,False,0,0,1,0,1,,,True,1,0,48,83,CODE_HIGHLIGHT,CODE_HIGHLIGHT,true,statement ending
problem_suite_http,RULE,236,4,504004,problem_suite_http:RULE:c4:s504004:p304,304,304,binary-search,Binary Search,easy,search interval invariant,planning,unfinished_implementation,STUCK_NO_PROGRESS,LOW,True,0,3,1,1,2,CODE_HIGHLIGHT,true,True,2,1,253,298,GUIDING_QUESTION,GUIDING_QUESTION,true,unfinished implementation
problem_suite_http,RULE,237,4,504004,problem_suite_http:RULE:c4:s504004:p304,304,304,binary-search,Binary Search,easy,search interval invariant,first_conceptual_error,wrong_loop_boundary_first,WRONG_LOOP_BOUNDARY,MEDIUM,True,1,2,1,2,3,GUIDING_QUESTION,true,True,1,2,263,299,CODE_HIGHLIGHT,CODE_HIGHLIGHT,true,binary search loop boundary
problem_suite_http,RULE,238,4,504004,problem_suite_http:RULE:c4:s504004:p304,304,304,binary-search,Binary Search,easy,search interval invariant,repeated_conceptual_error,wrong_loop_boundary_repeat,WRONG_LOOP_BOUNDARY,MEDIUM,True,1,2,2,3,4,CODE_HIGHLIGHT,true,True,1,3,272,313,CONCEPTUAL_HINT,CONCEPTUAL_HINT,true,binary search loop boundary
problem_suite_http,RULE,239,4,504004,problem_suite_http:RULE:c4:s504004:p304,304,304,binary-search,Binary Search,easy,search interval invariant,partial_logic,partial_but_compiling,UNKNOWN,MEDIUM,True,1,2,1,4,5,CONCEPTUAL_HINT,true,True,1,4,246,270,CONCEPTUAL_HINT,CONCEPTUAL_HINT,true,logic block
problem_suite_http,RULE,240,4,504004,problem_suite_http:RULE:c4:s504004:p304,304,304,binary-search,Binary Search,easy,search interval invariant,local_completion,locally_complete,UNKNOWN,LOW,True,3,0,2,5,6,CONCEPTUAL_HINT,true,True,1,5,250,291,NO_FEEDBACK,NO_FEEDBACK,true,logic block
problem_suite_http,RULE,241,4,504005,problem_suite_http:RULE:c4:s504005:p305,305,305,merge-sorted-array,Merge Sorted Array,easy,array index management,syntax,missing_statement_ending,SYNTAX_ERROR,HIGH,False,0,0,1,0,1,,,True,1,0,48,90,CODE_HIGHLIGHT,CODE_HIGHLIGHT,true,statement ending
problem_suite_http,RULE,242,4,504005,problem_suite_http:RULE:c4:s504005:p305,305,305,merge-sorted-array,Merge Sorted Array,easy,array index management,planning,unfinished_implementation,STUCK_NO_PROGRESS,LOW,True,0,3,1,1,2,CODE_HIGHLIGHT,true,True,2,1,244,265,GUIDING_QUESTION,GUIDING_QUESTION,true,unfinished implementation
problem_suite_http,RULE,243,4,504005,problem_suite_http:RULE:c4:s504005:p305,305,305,merge-sorted-array,Merge Sorted Array,easy,array index management,first_conceptual_error,off_by_one_first,OFF_BY_ONE,MEDIUM,True,1,2,1,2,3,GUIDING_QUESTION,true,True,1,2,243,287,CODE_HIGHLIGHT,CODE_HIGHLIGHT,true,for loop condition
problem_suite_http,RULE,244,4,504005,problem_suite_http:RULE:c4:s504005:p305,305,305,merge-sorted-array,Merge Sorted Array,easy,array index management,repeated_conceptual_error,off_by_one_repeat,OFF_BY_ONE,MEDIUM,True,1,2,2,3,4,CODE_HIGHLIGHT,true,True,1,3,263,298,CONCEPTUAL_HINT,CONCEPTUAL_HINT,true,for loop condition
problem_suite_http,RULE,245,4,504005,problem_suite_http:RULE:c4:s504005:p305,305,305,merge-sorted-array,Merge Sorted Array,easy,array index management,partial_logic,partial_but_compiling,UNKNOWN,MEDIUM,True,1,2,1,4,5,CONCEPTUAL_HINT,true,True,1,4,253,292,CONCEPTUAL_HINT,CONCEPTUAL_HINT,true,logic block
problem_suite_http,RULE,246,4,504005,problem_suite_http:RULE:c4:s504005:p305,305,305,merge-sorted-array,Merge Sorted Array,easy,array index management,local_completion,locally_complete,UNKNOWN,LOW,True,3,0,2,5,6,CONCEPTUAL_HINT,true,True,1,5,246,268,NO_FEEDBACK,NO_FEEDBACK,true,logic block
problem_suite_http,RULE,247,4,504006,problem_suite_http:RULE:c4:s504006:p306,306,306,trapping-rain-water,Trapping Rain Water,hard,two pointers and running maxima,syntax,missing_statement_ending,SYNTAX_ERROR,HIGH,False,0,0,1,0,1,,,True,1,0,49,83,CODE_HIGHLIGHT,CODE_HIGHLIGHT,true,statement ending
problem_suite_http,RULE,248,4,504006,problem_suite_http:RULE:c4:s504006:p306,306,306,trapping-rain-water,Trapping Rain Water,hard,two pointers and running maxima,planning,unfinished_implementation,STUCK_NO_PROGRESS,LOW,True,0,3,1,1,2,CODE_HIGHLIGHT,true,True,2,1,249,279,GUIDING_QUESTION,GUIDING_QUESTION,true,unfinished implementation
problem_suite_http,RULE,249,4,504006,problem_suite_http:RULE:c4:s504006:p306,306,306,trapping-rain-water,Trapping Rain Water,hard,two pointers and running maxima,first_conceptual_error,wrong_condition_first,WRONG_CONDITION,MEDIUM,True,1,2,1,2,3,GUIDING_QUESTION,true,True,1,2,250,291,CONCEPTUAL_HINT,CONCEPTUAL_HINT,true,while condition
problem_suite_http,RULE,250,4,504006,problem_suite_http:RULE:c4:s504006:p306,306,306,trapping-rain-water,Trapping Rain Water,hard,two pointers and running maxima,repeated_conceptual_error,wrong_condition_repeat,WRONG_CONDITION,MEDIUM,True,1,2,2,3,4,CONCEPTUAL_HINT,true,True,1,3,243,290,CONCEPTUAL_HINT,CONCEPTUAL_HINT,true,while condition
problem_suite_http,RULE,251,4,504006,problem_suite_http:RULE:c4:s504006:p306,306,306,trapping-rain-water,Trapping Rain Water,hard,two pointers and running maxima,partial_logic,partial_but_compiling,UNKNOWN,MEDIUM,True,1,2,1,4,5,CONCEPTUAL_HINT,true,True,1,4,246,290,CONCEPTUAL_HINT,CONCEPTUAL_HINT,true,logic block
problem_suite_http,RULE,252,4,504006,problem_suite_http:RULE:c4:s504006:p306,306,306,trapping-rain-water,Trapping Rain Water,hard,two pointers and running maxima,local_completion,locally_complete,UNKNOWN,LOW,True,1,2,2,5,6,CONCEPTUAL_HINT,true,True,1,5,242,263,CONCEPTUAL_HINT,NO_FEEDBACK,false,logic block
problem_suite_http,RULE,253,4,504007,problem_suite_http:RULE:c4:s504007:p307,307,307,lru-cache,LRU Cache,medium,state update and eviction policy,syntax,missing_statement_ending,SYNTAX_ERROR,HIGH,False,0,0,1,0,1,,,True,1,0,49,96,CODE_HIGHLIGHT,CODE_HIGHLIGHT,true,statement ending
problem_suite_http,RULE,254,4,504007,problem_suite_http:RULE:c4:s504007:p307,307,307,lru-cache,LRU Cache,medium,state update and eviction policy,planning,unfinished_implementation,STUCK_NO_PROGRESS,LOW,True,0,3,1,1,2,CODE_HIGHLIGHT,true,True,2,1,249,297,GUIDING_QUESTION,GUIDING_QUESTION,true,unfinished implementation
problem_suite_http,RULE,255,4,504007,problem_suite_http:RULE:c4:s504007:p307,307,307,lru-cache,LRU Cache,medium,state update and eviction policy,first_conceptual_error,unknown_logic_first,UNKNOWN,MEDIUM,True,3,0,1,2,3,GUIDING_QUESTION,true,True,1,2,247,288,NO_FEEDBACK,CONCEPTUAL_HINT,false,logic block
problem_suite_http,RULE,256,4,504007,problem_suite_http:RULE:c4:s504007:p307,307,307,lru-cache,LRU Cache,medium,state update and eviction policy,repeated_conceptual_error,unknown_logic_repeat,UNKNOWN,MEDIUM,True,3,0,2,3,4,NO_FEEDBACK,false,True,1,3,253,303,NO_FEEDBACK,CONCEPTUAL_HINT,false,logic block
problem_suite_http,RULE,257,4,504007,problem_suite_http:RULE:c4:s504007:p307,307,307,lru-cache,LRU Cache,medium,state update and eviction policy,partial_logic,partial_but_compiling,UNKNOWN,MEDIUM,True,1,2,3,4,5,NO_FEEDBACK,false,True,1,4,246,281,CONCEPTUAL_HINT,CONCEPTUAL_HINT,true,logic block
problem_suite_http,RULE,258,4,504007,problem_suite_http:RULE:c4:s504007:p307,307,307,lru-cache,LRU Cache,medium,state update and eviction policy,local_completion,locally_complete,UNKNOWN,LOW,True,3,0,4,5,6,CONCEPTUAL_HINT,true,True,1,5,245,289,CONCEPTUAL_HINT,NO_FEEDBACK,false,logic block
problem_suite_http,RULE,259,4,504008,problem_suite_http:RULE:c4:s504008:p308,308,308,longest-substring,Longest Substring Without Repeating Characters,medium,sliding window invariant,syntax,missing_statement_ending,SYNTAX_ERROR,HIGH,False,0,0,1,0,1,,,True,1,0,49,91,CODE_HIGHLIGHT,CODE_HIGHLIGHT,true,statement ending
problem_suite_http,RULE,260,4,504008,problem_suite_http:RULE:c4:s504008:p308,308,308,longest-substring,Longest Substring Without Repeating Characters,medium,sliding window invariant,planning,unfinished_implementation,STUCK_NO_PROGRESS,LOW,True,0,3,1,1,2,CODE_HIGHLIGHT,true,True,2,1,246,288,GUIDING_QUESTION,GUIDING_QUESTION,true,unfinished implementation
problem_suite_http,RULE,261,4,504008,problem_suite_http:RULE:c4:s504008:p308,308,308,longest-substring,Longest Substring Without Repeating Characters,medium,sliding window invariant,first_conceptual_error,off_by_one_first,OFF_BY_ONE,MEDIUM,True,1,2,1,2,3,GUIDING_QUESTION,true,True,1,2,248,292,CODE_HIGHLIGHT,CODE_HIGHLIGHT,true,for loop condition
problem_suite_http,RULE,262,4,504008,problem_suite_http:RULE:c4:s504008:p308,308,308,longest-substring,Longest Substring Without Repeating Characters,medium,sliding window invariant,repeated_conceptual_error,off_by_one_repeat,OFF_BY_ONE,MEDIUM,True,1,2,2,3,4,CODE_HIGHLIGHT,true,True,1,3,246,286,CONCEPTUAL_HINT,CONCEPTUAL_HINT,true,for loop condition
problem_suite_http,RULE,263,4,504008,problem_suite_http:RULE:c4:s504008:p308,308,308,longest-substring,Longest Substring Without Repeating Characters,medium,sliding window invariant,partial_logic,partial_but_compiling,UNKNOWN,MEDIUM,True,1,2,1,4,5,CONCEPTUAL_HINT,true,True,1,4,242,289,CONCEPTUAL_HINT,CONCEPTUAL_HINT,true,logic block
problem_suite_http,RULE,264,4,504008,problem_suite_http:RULE:c4:s504008:p308,308,308,longest-substring,Longest Substring Without Repeating Characters,medium,sliding window invariant,local_completion,locally_complete,UNKNOWN,LOW,True,3,0,2,5,6,CONCEPTUAL_HINT,true,True,1,5,249,295,NO_FEEDBACK,NO_FEEDBACK,true,logic block
problem_suite_http,RULE,265,4,504009,problem_suite_http:RULE:c4:s504009:p309,309,309,reverse-linked-list,Reverse Linked List,easy,pointer update order,syntax,missing_statement_ending,SYNTAX_ERROR,HIGH,False,0,0,1,0,1,,,True,1,0,51,88,CODE_HIGHLIGHT,CODE_HIGHLIGHT,true,statement ending
problem_suite_http,RULE,266,4,504009,problem_suite_http:RULE:c4:s504009:p309,309,309,reverse-linked-list,Reverse Linked List,easy,pointer update order,planning,unfinished_implementation,STUCK_NO_PROGRESS,LOW,True,0,3,1,1,2,CODE_HIGHLIGHT,true,True,2,1,251,292,GUIDING_QUESTION,GUIDING_QUESTION,true,unfinished implementation
problem_suite_http,RULE,267,4,504009,problem_suite_http:RULE:c4:s504009:p309,309,309,reverse-linked-list,Reverse Linked List,easy,pointer update order,first_conceptual_error,wrong_condition_first,WRONG_CONDITION,MEDIUM,True,1,2,1,2,3,GUIDING_QUESTION,true,True,1,2,245,267,CONCEPTUAL_HINT,CONCEPTUAL_HINT,true,while condition
problem_suite_http,RULE,268,4,504009,problem_suite_http:RULE:c4:s504009:p309,309,309,reverse-linked-list,Reverse Linked List,easy,pointer update order,repeated_conceptual_error,wrong_condition_repeat,WRONG_CONDITION,MEDIUM,True,1,2,2,3,4,CONCEPTUAL_HINT,true,True,1,3,245,275,CONCEPTUAL_HINT,CONCEPTUAL_HINT,true,while condition
problem_suite_http,RULE,269,4,504009,problem_suite_http:RULE:c4:s504009:p309,309,309,reverse-linked-list,Reverse Linked List,easy,pointer update order,partial_logic,partial_but_compiling,UNKNOWN,MEDIUM,True,1,2,1,4,5,CONCEPTUAL_HINT,true,True,1,4,245,267,CONCEPTUAL_HINT,CONCEPTUAL_HINT,true,logic block
problem_suite_http,RULE,270,4,504009,problem_suite_http:RULE:c4:s504009:p309,309,309,reverse-linked-list,Reverse Linked List,easy,pointer update order,local_completion,locally_complete,UNKNOWN,LOW,True,3,0,2,5,6,CONCEPTUAL_HINT,true,True,1,5,249,293,NO_FEEDBACK,NO_FEEDBACK,true,logic block
problem_suite_http,RULE,271,4,504010,problem_suite_http:RULE:c4:s504010:p310,310,310,matrix-diagonal-sum,Matrix Diagonal Sum,easy,nested indexing and double counting,syntax,missing_statement_ending,SYNTAX_ERROR,HIGH,False,0,0,1,0,1,,,True,1,0,47,85,CODE_HIGHLIGHT,CODE_HIGHLIGHT,true,statement ending
problem_suite_http,RULE,272,4,504010,problem_suite_http:RULE:c4:s504010:p310,310,310,matrix-diagonal-sum,Matrix Diagonal Sum,easy,nested indexing and double counting,planning,unfinished_implementation,STUCK_NO_PROGRESS,LOW,True,0,3,1,1,2,CODE_HIGHLIGHT,true,True,2,1,243,286,GUIDING_QUESTION,GUIDING_QUESTION,true,unfinished implementation
problem_suite_http,RULE,273,4,504010,problem_suite_http:RULE:c4:s504010:p310,310,310,matrix-diagonal-sum,Matrix Diagonal Sum,easy,nested indexing and double counting,first_conceptual_error,off_by_one_first,OFF_BY_ONE,MEDIUM,True,1,2,1,2,3,GUIDING_QUESTION,true,True,1,2,246,280,CODE_HIGHLIGHT,CODE_HIGHLIGHT,true,for loop condition
problem_suite_http,RULE,274,4,504010,problem_suite_http:RULE:c4:s504010:p310,310,310,matrix-diagonal-sum,Matrix Diagonal Sum,easy,nested indexing and double counting,repeated_conceptual_error,off_by_one_repeat,OFF_BY_ONE,MEDIUM,True,1,2,2,3,4,CODE_HIGHLIGHT,true,True,1,3,254,294,CONCEPTUAL_HINT,CONCEPTUAL_HINT,true,for loop condition
problem_suite_http,RULE,275,4,504010,problem_suite_http:RULE:c4:s504010:p310,310,310,matrix-diagonal-sum,Matrix Diagonal Sum,easy,nested indexing and double counting,partial_logic,partial_but_compiling,UNKNOWN,MEDIUM,True,1,2,1,4,5,CONCEPTUAL_HINT,true,True,1,4,255,292,CONCEPTUAL_HINT,CONCEPTUAL_HINT,true,logic block
problem_suite_http,RULE,276,4,504010,problem_suite_http:RULE:c4:s504010:p310,310,310,matrix-diagonal-sum,Matrix Diagonal Sum,easy,nested indexing and double counting,local_completion,locally_complete,UNKNOWN,LOW,True,3,0,2,5,6,CONCEPTUAL_HINT,true,True,1,5,312,350,NO_FEEDBACK,NO_FEEDBACK,true,logic block
problem_suite_http,RULE,277,4,504011,problem_suite_http:RULE:c4:s504011:p311,311,311,roman-to-integer,Roman to Integer,easy,lookahead condition,syntax,missing_statement_ending,SYNTAX_ERROR,HIGH,False,0,0,1,0,1,,,True,1,0,75,120,CODE_HIGHLIGHT,CODE_HIGHLIGHT,true,statement ending
problem_suite_http,RULE,278,4,504011,problem_suite_http:RULE:c4:s504011:p311,311,311,roman-to-integer,Roman to Integer,easy,lookahead condition,planning,unfinished_implementation,STUCK_NO_PROGRESS,LOW,True,0,3,1,1,2,CODE_HIGHLIGHT,true,True,2,1,280,310,GUIDING_QUESTION,GUIDING_QUESTION,true,unfinished implementation
problem_suite_http,RULE,279,4,504011,problem_suite_http:RULE:c4:s504011:p311,311,311,roman-to-integer,Roman to Integer,easy,lookahead condition,first_conceptual_error,off_by_one_first,OFF_BY_ONE,MEDIUM,True,1,2,1,2,3,GUIDING_QUESTION,true,True,1,2,290,332,CODE_HIGHLIGHT,CODE_HIGHLIGHT,true,for loop condition
problem_suite_http,RULE,280,4,504011,problem_suite_http:RULE:c4:s504011:p311,311,311,roman-to-integer,Roman to Integer,easy,lookahead condition,repeated_conceptual_error,off_by_one_repeat,OFF_BY_ONE,MEDIUM,True,1,2,2,3,4,CODE_HIGHLIGHT,true,True,1,3,282,317,CONCEPTUAL_HINT,CONCEPTUAL_HINT,true,for loop condition
problem_suite_http,RULE,281,4,504011,problem_suite_http:RULE:c4:s504011:p311,311,311,roman-to-integer,Roman to Integer,easy,lookahead condition,partial_logic,partial_but_compiling,UNKNOWN,MEDIUM,True,1,2,1,4,5,CONCEPTUAL_HINT,true,True,1,4,252,291,CONCEPTUAL_HINT,CONCEPTUAL_HINT,true,logic block
problem_suite_http,RULE,282,4,504011,problem_suite_http:RULE:c4:s504011:p311,311,311,roman-to-integer,Roman to Integer,easy,lookahead condition,local_completion,locally_complete,UNKNOWN,LOW,True,3,0,2,5,6,CONCEPTUAL_HINT,true,True,1,5,260,296,NO_FEEDBACK,NO_FEEDBACK,true,logic block
problem_suite_http,RULE,283,4,504012,problem_suite_http:RULE:c4:s504012:p312,312,312,climbing-stairs,Climbing Stairs,easy,base cases and recurrence,syntax,missing_statement_ending,SYNTAX_ERROR,HIGH,False,0,0,1,0,1,,,True,1,0,51,87,CODE_HIGHLIGHT,CODE_HIGHLIGHT,true,statement ending
problem_suite_http,RULE,284,4,504012,problem_suite_http:RULE:c4:s504012:p312,312,312,climbing-stairs,Climbing Stairs,easy,base cases and recurrence,planning,unfinished_implementation,STUCK_NO_PROGRESS,LOW,True,0,3,1,1,2,CODE_HIGHLIGHT,true,True,2,1,259,306,GUIDING_QUESTION,GUIDING_QUESTION,true,unfinished implementation
problem_suite_http,RULE,285,4,504012,problem_suite_http:RULE:c4:s504012:p312,312,312,climbing-stairs,Climbing Stairs,easy,base cases and recurrence,first_conceptual_error,wrong_condition_first,WRONG_CONDITION,MEDIUM,True,1,2,1,2,3,GUIDING_QUESTION,true,True,1,2,255,303,CONCEPTUAL_HINT,CONCEPTUAL_HINT,true,while condition
problem_suite_http,RULE,286,4,504012,problem_suite_http:RULE:c4:s504012:p312,312,312,climbing-stairs,Climbing Stairs,easy,base cases and recurrence,repeated_conceptual_error,wrong_condition_repeat,WRONG_CONDITION,MEDIUM,True,1,2,2,3,4,CONCEPTUAL_HINT,true,True,1,3,252,281,CONCEPTUAL_HINT,CONCEPTUAL_HINT,true,while condition
problem_suite_http,RULE,287,4,504012,problem_suite_http:RULE:c4:s504012:p312,312,312,climbing-stairs,Climbing Stairs,easy,base cases and recurrence,partial_logic,partial_but_compiling,UNKNOWN,MEDIUM,True,1,2,1,4,5,CONCEPTUAL_HINT,true,True,1,4,261,281,CONCEPTUAL_HINT,CONCEPTUAL_HINT,true,logic block
problem_suite_http,RULE,288,4,504012,problem_suite_http:RULE:c4:s504012:p312,312,312,climbing-stairs,Climbing Stairs,easy,base cases and recurrence,local_completion,locally_complete,OFF_BY_ONE,LOW,True,1,2,1,5,6,CONCEPTUAL_HINT,true,True,1,5,248,288,CODE_HIGHLIGHT,NO_FEEDBACK,false,for loop condition
problem_suite_http,RULE,289,5,505001,problem_suite_http:RULE:c5:s505001:p301,301,301,palindrome,Valid Palindrome,easy,two pointers and string normalization,syntax,missing_statement_ending,SYNTAX_ERROR,HIGH,False,0,0,1,0,1,,,True,1,0,50,93,CODE_HIGHLIGHT,CODE_HIGHLIGHT,true,statement ending
problem_suite_http,RULE,290,5,505001,problem_suite_http:RULE:c5:s505001:p301,301,301,palindrome,Valid Palindrome,easy,two pointers and string normalization,planning,unfinished_implementation,STUCK_NO_PROGRESS,LOW,True,0,3,1,1,2,CODE_HIGHLIGHT,true,True,2,1,249,289,GUIDING_QUESTION,GUIDING_QUESTION,true,unfinished implementation
problem_suite_http,RULE,291,5,505001,problem_suite_http:RULE:c5:s505001:p301,301,301,palindrome,Valid Palindrome,easy,two pointers and string normalization,first_conceptual_error,possible_null_access_first,POSSIBLE_NULL_ACCESS,MEDIUM,True,3,0,1,2,3,GUIDING_QUESTION,true,True,1,2,247,268,CODE_HIGHLIGHT,CODE_HIGHLIGHT,true,missing null or empty guard
problem_suite_http,RULE,292,5,505001,problem_suite_http:RULE:c5:s505001:p301,301,301,palindrome,Valid Palindrome,easy,two pointers and string normalization,repeated_conceptual_error,possible_null_access_repeat,POSSIBLE_NULL_ACCESS,MEDIUM,True,3,0,2,3,4,CODE_HIGHLIGHT,true,True,1,3,251,291,CONCEPTUAL_HINT,CONCEPTUAL_HINT,true,missing null or empty guard
problem_suite_http,RULE,293,5,505001,problem_suite_http:RULE:c5:s505001:p301,301,301,palindrome,Valid Palindrome,easy,two pointers and string normalization,partial_logic,partial_but_compiling,UNKNOWN,MEDIUM,True,1,2,1,4,5,CONCEPTUAL_HINT,true,True,1,4,243,288,CONCEPTUAL_HINT,CONCEPTUAL_HINT,true,logic block
problem_suite_http,RULE,294,5,505001,problem_suite_http:RULE:c5:s505001:p301,301,301,palindrome,Valid Palindrome,easy,two pointers and string normalization,local_completion,locally_complete,WRONG_CONDITION,LOW,True,1,2,1,5,6,CONCEPTUAL_HINT,true,True,1,5,248,282,CONCEPTUAL_HINT,NO_FEEDBACK,false,while condition
problem_suite_http,RULE,295,5,505002,problem_suite_http:RULE:c5:s505002:p302,302,302,two-sum,Two Sum,easy,hash map lookup and pair search,syntax,missing_statement_ending,SYNTAX_ERROR,HIGH,False,0,0,1,0,1,,,True,1,0,47,90,CODE_HIGHLIGHT,CODE_HIGHLIGHT,true,statement ending
problem_suite_http,RULE,296,5,505002,problem_suite_http:RULE:c5:s505002:p302,302,302,two-sum,Two Sum,easy,hash map lookup and pair search,planning,unfinished_implementation,STUCK_NO_PROGRESS,LOW,True,0,3,1,1,2,CODE_HIGHLIGHT,true,True,2,1,249,294,GUIDING_QUESTION,GUIDING_QUESTION,true,unfinished implementation
problem_suite_http,RULE,297,5,505002,problem_suite_http:RULE:c5:s505002:p302,302,302,two-sum,Two Sum,easy,hash map lookup and pair search,first_conceptual_error,off_by_one_first,OFF_BY_ONE,MEDIUM,True,1,2,1,2,3,GUIDING_QUESTION,true,True,1,2,251,294,CODE_HIGHLIGHT,CODE_HIGHLIGHT,true,for loop condition
problem_suite_http,RULE,298,5,505002,problem_suite_http:RULE:c5:s505002:p302,302,302,two-sum,Two Sum,easy,hash map lookup and pair search,repeated_conceptual_error,off_by_one_repeat,OFF_BY_ONE,MEDIUM,True,1,2,2,3,4,CODE_HIGHLIGHT,true,True,1,3,249,287,CONCEPTUAL_HINT,CONCEPTUAL_HINT,true,for loop condition
problem_suite_http,RULE,299,5,505002,problem_suite_http:RULE:c5:s505002:p302,302,302,two-sum,Two Sum,easy,hash map lookup and pair search,partial_logic,partial_but_compiling,UNKNOWN,MEDIUM,True,1,2,1,4,5,CONCEPTUAL_HINT,true,True,1,4,250,290,CONCEPTUAL_HINT,CONCEPTUAL_HINT,true,logic block
problem_suite_http,RULE,300,5,505002,problem_suite_http:RULE:c5:s505002:p302,302,302,two-sum,Two Sum,easy,hash map lookup and pair search,local_completion,locally_complete,UNKNOWN,LOW,True,3,0,2,5,6,CONCEPTUAL_HINT,true,True,1,5,245,286,NO_FEEDBACK,NO_FEEDBACK,true,logic block
problem_suite_http,RULE,301,5,505003,problem_suite_http:RULE:c5:s505003:p303,303,303,valid-parentheses,Valid Parentheses,easy,stack state and matching brackets,syntax,missing_statement_ending,SYNTAX_ERROR,HIGH,False,0,0,1,0,1,,,True,1,0,49,96,CODE_HIGHLIGHT,CODE_HIGHLIGHT,true,statement ending
problem_suite_http,RULE,302,5,505003,problem_suite_http:RULE:c5:s505003:p303,303,303,valid-parentheses,Valid Parentheses,easy,stack state and matching brackets,planning,unfinished_implementation,STUCK_NO_PROGRESS,LOW,True,0,3,1,1,2,CODE_HIGHLIGHT,true,True,2,1,241,283,GUIDING_QUESTION,GUIDING_QUESTION,true,unfinished implementation
problem_suite_http,RULE,303,5,505003,problem_suite_http:RULE:c5:s505003:p303,303,303,valid-parentheses,Valid Parentheses,easy,stack state and matching brackets,first_conceptual_error,possible_null_access_first,UNKNOWN,MEDIUM,True,3,0,1,2,3,GUIDING_QUESTION,true,True,1,2,241,286,NO_FEEDBACK,CODE_HIGHLIGHT,false,logic block
problem_suite_http,RULE,304,5,505003,problem_suite_http:RULE:c5:s505003:p303,303,303,valid-parentheses,Valid Parentheses,easy,stack state and matching brackets,repeated_conceptual_error,possible_null_access_repeat,UNKNOWN,MEDIUM,True,3,0,2,3,4,NO_FEEDBACK,false,True,1,3,253,287,NO_FEEDBACK,CONCEPTUAL_HINT,false,logic block
problem_suite_http,RULE,305,5,505003,problem_suite_http:RULE:c5:s505003:p303,303,303,valid-parentheses,Valid Parentheses,easy,stack state and matching brackets,partial_logic,partial_but_compiling,UNKNOWN,MEDIUM,True,1,2,3,4,5,NO_FEEDBACK,false,True,1,4,241,279,CONCEPTUAL_HINT,CONCEPTUAL_HINT,true,logic block
problem_suite_http,RULE,306,5,505003,problem_suite_http:RULE:c5:s505003:p303,303,303,valid-parentheses,Valid Parentheses,easy,stack state and matching brackets,local_completion,locally_complete,UNKNOWN,LOW,True,3,0,4,5,6,CONCEPTUAL_HINT,true,True,1,5,249,287,CONCEPTUAL_HINT,NO_FEEDBACK,false,logic block
problem_suite_http,RULE,307,5,505004,problem_suite_http:RULE:c5:s505004:p304,304,304,binary-search,Binary Search,easy,search interval invariant,syntax,missing_statement_ending,SYNTAX_ERROR,HIGH,False,0,0,1,0,1,,,True,1,0,51,91,CODE_HIGHLIGHT,CODE_HIGHLIGHT,true,statement ending
problem_suite_http,RULE,308,5,505004,problem_suite_http:RULE:c5:s505004:p304,304,304,binary-search,Binary Search,easy,search interval invariant,planning,unfinished_implementation,STUCK_NO_PROGRESS,LOW,True,0,3,1,1,2,CODE_HIGHLIGHT,true,True,2,1,333,376,GUIDING_QUESTION,GUIDING_QUESTION,true,unfinished implementation
problem_suite_http,RULE,309,5,505004,problem_suite_http:RULE:c5:s505004:p304,304,304,binary-search,Binary Search,easy,search interval invariant,first_conceptual_error,wrong_loop_boundary_first,WRONG_LOOP_BOUNDARY,MEDIUM,True,1,2,1,2,3,GUIDING_QUESTION,true,True,1,2,455,482,CODE_HIGHLIGHT,CODE_HIGHLIGHT,true,binary search loop boundary
problem_suite_http,RULE,310,5,505004,problem_suite_http:RULE:c5:s505004:p304,304,304,binary-search,Binary Search,easy,search interval invariant,repeated_conceptual_error,wrong_loop_boundary_repeat,WRONG_LOOP_BOUNDARY,MEDIUM,True,1,2,2,3,4,CODE_HIGHLIGHT,true,True,1,3,306,332,CONCEPTUAL_HINT,CONCEPTUAL_HINT,true,binary search loop boundary
problem_suite_http,RULE,311,5,505004,problem_suite_http:RULE:c5:s505004:p304,304,304,binary-search,Binary Search,easy,search interval invariant,partial_logic,partial_but_compiling,UNKNOWN,MEDIUM,True,1,2,1,4,5,CONCEPTUAL_HINT,true,True,1,4,262,306,CONCEPTUAL_HINT,CONCEPTUAL_HINT,true,logic block
problem_suite_http,RULE,312,5,505004,problem_suite_http:RULE:c5:s505004:p304,304,304,binary-search,Binary Search,easy,search interval invariant,local_completion,locally_complete,UNKNOWN,LOW,True,3,0,2,5,6,CONCEPTUAL_HINT,true,True,1,5,274,318,NO_FEEDBACK,NO_FEEDBACK,true,logic block
problem_suite_http,RULE,313,5,505005,problem_suite_http:RULE:c5:s505005:p305,305,305,merge-sorted-array,Merge Sorted Array,easy,array index management,syntax,missing_statement_ending,SYNTAX_ERROR,HIGH,False,0,0,1,0,1,,,True,1,0,48,83,CODE_HIGHLIGHT,CODE_HIGHLIGHT,true,statement ending
problem_suite_http,RULE,314,5,505005,problem_suite_http:RULE:c5:s505005:p305,305,305,merge-sorted-array,Merge Sorted Array,easy,array index management,planning,unfinished_implementation,STUCK_NO_PROGRESS,LOW,True,0,3,1,1,2,CODE_HIGHLIGHT,true,True,2,1,289,334,GUIDING_QUESTION,GUIDING_QUESTION,true,unfinished implementation
problem_suite_http,RULE,315,5,505005,problem_suite_http:RULE:c5:s505005:p305,305,305,merge-sorted-array,Merge Sorted Array,easy,array index management,first_conceptual_error,off_by_one_first,OFF_BY_ONE,MEDIUM,True,1,2,1,2,3,GUIDING_QUESTION,true,True,1,2,252,283,CODE_HIGHLIGHT,CODE_HIGHLIGHT,true,for loop condition
problem_suite_http,RULE,316,5,505005,problem_suite_http:RULE:c5:s505005:p305,305,305,merge-sorted-array,Merge Sorted Array,easy,array index management,repeated_conceptual_error,off_by_one_repeat,OFF_BY_ONE,MEDIUM,True,1,2,2,3,4,CODE_HIGHLIGHT,true,True,1,3,248,268,CONCEPTUAL_HINT,CONCEPTUAL_HINT,true,for loop condition
problem_suite_http,RULE,317,5,505005,problem_suite_http:RULE:c5:s505005:p305,305,305,merge-sorted-array,Merge Sorted Array,easy,array index management,partial_logic,partial_but_compiling,UNKNOWN,MEDIUM,True,1,2,1,4,5,CONCEPTUAL_HINT,true,True,1,4,365,398,CONCEPTUAL_HINT,CONCEPTUAL_HINT,true,logic block
problem_suite_http,RULE,318,5,505005,problem_suite_http:RULE:c5:s505005:p305,305,305,merge-sorted-array,Merge Sorted Array,easy,array index management,local_completion,locally_complete,UNKNOWN,LOW,True,3,0,2,5,6,CONCEPTUAL_HINT,true,True,1,5,312,348,NO_FEEDBACK,NO_FEEDBACK,true,logic block
problem_suite_http,RULE,319,5,505006,problem_suite_http:RULE:c5:s505006:p306,306,306,trapping-rain-water,Trapping Rain Water,hard,two pointers and running maxima,syntax,missing_statement_ending,SYNTAX_ERROR,HIGH,False,0,0,1,0,1,,,True,1,0,56,76,CODE_HIGHLIGHT,CODE_HIGHLIGHT,true,statement ending
problem_suite_http,RULE,320,5,505006,problem_suite_http:RULE:c5:s505006:p306,306,306,trapping-rain-water,Trapping Rain Water,hard,two pointers and running maxima,planning,unfinished_implementation,STUCK_NO_PROGRESS,LOW,True,0,3,1,1,2,CODE_HIGHLIGHT,true,True,2,1,284,319,GUIDING_QUESTION,GUIDING_QUESTION,true,unfinished implementation
problem_suite_http,RULE,321,5,505006,problem_suite_http:RULE:c5:s505006:p306,306,306,trapping-rain-water,Trapping Rain Water,hard,two pointers and running maxima,first_conceptual_error,wrong_condition_first,WRONG_CONDITION,MEDIUM,True,1,2,1,2,3,GUIDING_QUESTION,true,True,1,2,252,273,CONCEPTUAL_HINT,CONCEPTUAL_HINT,true,while condition
problem_suite_http,RULE,322,5,505006,problem_suite_http:RULE:c5:s505006:p306,306,306,trapping-rain-water,Trapping Rain Water,hard,two pointers and running maxima,repeated_conceptual_error,wrong_condition_repeat,WRONG_CONDITION,MEDIUM,True,1,2,2,3,4,CONCEPTUAL_HINT,true,True,1,3,248,282,CONCEPTUAL_HINT,CONCEPTUAL_HINT,true,while condition
problem_suite_http,RULE,323,5,505006,problem_suite_http:RULE:c5:s505006:p306,306,306,trapping-rain-water,Trapping Rain Water,hard,two pointers and running maxima,partial_logic,partial_but_compiling,UNKNOWN,MEDIUM,True,1,2,1,4,5,CONCEPTUAL_HINT,true,True,1,4,246,293,CONCEPTUAL_HINT,CONCEPTUAL_HINT,true,logic block
problem_suite_http,RULE,324,5,505006,problem_suite_http:RULE:c5:s505006:p306,306,306,trapping-rain-water,Trapping Rain Water,hard,two pointers and running maxima,local_completion,locally_complete,UNKNOWN,LOW,True,1,2,2,5,6,CONCEPTUAL_HINT,true,True,1,5,249,291,CONCEPTUAL_HINT,NO_FEEDBACK,false,logic block
problem_suite_http,RULE,325,5,505007,problem_suite_http:RULE:c5:s505007:p307,307,307,lru-cache,LRU Cache,medium,state update and eviction policy,syntax,missing_statement_ending,SYNTAX_ERROR,HIGH,False,0,0,1,0,1,,,True,1,0,49,93,CODE_HIGHLIGHT,CODE_HIGHLIGHT,true,statement ending
problem_suite_http,RULE,326,5,505007,problem_suite_http:RULE:c5:s505007:p307,307,307,lru-cache,LRU Cache,medium,state update and eviction policy,planning,unfinished_implementation,STUCK_NO_PROGRESS,LOW,True,0,3,1,1,2,CODE_HIGHLIGHT,true,True,2,1,246,293,GUIDING_QUESTION,GUIDING_QUESTION,true,unfinished implementation
problem_suite_http,RULE,327,5,505007,problem_suite_http:RULE:c5:s505007:p307,307,307,lru-cache,LRU Cache,medium,state update and eviction policy,first_conceptual_error,unknown_logic_first,UNKNOWN,MEDIUM,True,3,0,1,2,3,GUIDING_QUESTION,true,True,1,2,244,265,NO_FEEDBACK,CONCEPTUAL_HINT,false,logic block
problem_suite_http,RULE,328,5,505007,problem_suite_http:RULE:c5:s505007:p307,307,307,lru-cache,LRU Cache,medium,state update and eviction policy,repeated_conceptual_error,unknown_logic_repeat,UNKNOWN,MEDIUM,True,3,0,2,3,4,NO_FEEDBACK,false,True,1,3,249,291,NO_FEEDBACK,CONCEPTUAL_HINT,false,logic block
problem_suite_http,RULE,329,5,505007,problem_suite_http:RULE:c5:s505007:p307,307,307,lru-cache,LRU Cache,medium,state update and eviction policy,partial_logic,partial_but_compiling,UNKNOWN,MEDIUM,True,1,2,3,4,5,NO_FEEDBACK,false,True,1,4,251,296,CONCEPTUAL_HINT,CONCEPTUAL_HINT,true,logic block
problem_suite_http,RULE,330,5,505007,problem_suite_http:RULE:c5:s505007:p307,307,307,lru-cache,LRU Cache,medium,state update and eviction policy,local_completion,locally_complete,UNKNOWN,LOW,True,3,0,4,5,6,CONCEPTUAL_HINT,true,True,1,5,257,294,CONCEPTUAL_HINT,NO_FEEDBACK,false,logic block
problem_suite_http,RULE,331,5,505008,problem_suite_http:RULE:c5:s505008:p308,308,308,longest-substring,Longest Substring Without Repeating Characters,medium,sliding window invariant,syntax,missing_statement_ending,SYNTAX_ERROR,HIGH,False,0,0,1,0,1,,,True,1,0,48,71,CODE_HIGHLIGHT,CODE_HIGHLIGHT,true,statement ending
problem_suite_http,RULE,332,5,505008,problem_suite_http:RULE:c5:s505008:p308,308,308,longest-substring,Longest Substring Without Repeating Characters,medium,sliding window invariant,planning,unfinished_implementation,STUCK_NO_PROGRESS,LOW,True,0,3,1,1,2,CODE_HIGHLIGHT,true,True,2,1,249,285,GUIDING_QUESTION,GUIDING_QUESTION,true,unfinished implementation
problem_suite_http,RULE,333,5,505008,problem_suite_http:RULE:c5:s505008:p308,308,308,longest-substring,Longest Substring Without Repeating Characters,medium,sliding window invariant,first_conceptual_error,off_by_one_first,OFF_BY_ONE,MEDIUM,True,1,2,1,2,3,GUIDING_QUESTION,true,True,1,2,240,284,CODE_HIGHLIGHT,CODE_HIGHLIGHT,true,for loop condition
problem_suite_http,RULE,334,5,505008,problem_suite_http:RULE:c5:s505008:p308,308,308,longest-substring,Longest Substring Without Repeating Characters,medium,sliding window invariant,repeated_conceptual_error,off_by_one_repeat,OFF_BY_ONE,MEDIUM,True,1,2,2,3,4,CODE_HIGHLIGHT,true,True,1,3,249,294,CONCEPTUAL_HINT,CONCEPTUAL_HINT,true,for loop condition
problem_suite_http,RULE,335,5,505008,problem_suite_http:RULE:c5:s505008:p308,308,308,longest-substring,Longest Substring Without Repeating Characters,medium,sliding window invariant,partial_logic,partial_but_compiling,UNKNOWN,MEDIUM,True,1,2,1,4,5,CONCEPTUAL_HINT,true,True,1,4,248,292,CONCEPTUAL_HINT,CONCEPTUAL_HINT,true,logic block
problem_suite_http,RULE,336,5,505008,problem_suite_http:RULE:c5:s505008:p308,308,308,longest-substring,Longest Substring Without Repeating Characters,medium,sliding window invariant,local_completion,locally_complete,UNKNOWN,LOW,True,3,0,2,5,6,CONCEPTUAL_HINT,true,True,1,5,243,276,NO_FEEDBACK,NO_FEEDBACK,true,logic block
problem_suite_http,RULE,337,5,505009,problem_suite_http:RULE:c5:s505009:p309,309,309,reverse-linked-list,Reverse Linked List,easy,pointer update order,syntax,missing_statement_ending,SYNTAX_ERROR,HIGH,False,0,0,1,0,1,,,True,1,0,49,85,CODE_HIGHLIGHT,CODE_HIGHLIGHT,true,statement ending
problem_suite_http,RULE,338,5,505009,problem_suite_http:RULE:c5:s505009:p309,309,309,reverse-linked-list,Reverse Linked List,easy,pointer update order,planning,unfinished_implementation,STUCK_NO_PROGRESS,LOW,True,0,3,1,1,2,CODE_HIGHLIGHT,true,True,2,1,245,291,GUIDING_QUESTION,GUIDING_QUESTION,true,unfinished implementation
problem_suite_http,RULE,339,5,505009,problem_suite_http:RULE:c5:s505009:p309,309,309,reverse-linked-list,Reverse Linked List,easy,pointer update order,first_conceptual_error,wrong_condition_first,WRONG_CONDITION,MEDIUM,True,1,2,1,2,3,GUIDING_QUESTION,true,True,1,2,253,292,CONCEPTUAL_HINT,CONCEPTUAL_HINT,true,while condition
problem_suite_http,RULE,340,5,505009,problem_suite_http:RULE:c5:s505009:p309,309,309,reverse-linked-list,Reverse Linked List,easy,pointer update order,repeated_conceptual_error,wrong_condition_repeat,WRONG_CONDITION,MEDIUM,True,1,2,2,3,4,CONCEPTUAL_HINT,true,True,1,3,244,290,CONCEPTUAL_HINT,CONCEPTUAL_HINT,true,while condition
problem_suite_http,RULE,341,5,505009,problem_suite_http:RULE:c5:s505009:p309,309,309,reverse-linked-list,Reverse Linked List,easy,pointer update order,partial_logic,partial_but_compiling,UNKNOWN,MEDIUM,True,1,2,1,4,5,CONCEPTUAL_HINT,true,True,1,4,242,279,CONCEPTUAL_HINT,CONCEPTUAL_HINT,true,logic block
problem_suite_http,RULE,342,5,505009,problem_suite_http:RULE:c5:s505009:p309,309,309,reverse-linked-list,Reverse Linked List,easy,pointer update order,local_completion,locally_complete,UNKNOWN,LOW,True,3,0,2,5,6,CONCEPTUAL_HINT,true,True,1,5,246,280,NO_FEEDBACK,NO_FEEDBACK,true,logic block
problem_suite_http,RULE,343,5,505010,problem_suite_http:RULE:c5:s505010:p310,310,310,matrix-diagonal-sum,Matrix Diagonal Sum,easy,nested indexing and double counting,syntax,missing_statement_ending,SYNTAX_ERROR,HIGH,False,0,0,1,0,1,,,True,1,0,50,83,CODE_HIGHLIGHT,CODE_HIGHLIGHT,true,statement ending
problem_suite_http,RULE,344,5,505010,problem_suite_http:RULE:c5:s505010:p310,310,310,matrix-diagonal-sum,Matrix Diagonal Sum,easy,nested indexing and double counting,planning,unfinished_implementation,STUCK_NO_PROGRESS,LOW,True,0,3,1,1,2,CODE_HIGHLIGHT,true,True,2,1,245,297,GUIDING_QUESTION,GUIDING_QUESTION,true,unfinished implementation
problem_suite_http,RULE,345,5,505010,problem_suite_http:RULE:c5:s505010:p310,310,310,matrix-diagonal-sum,Matrix Diagonal Sum,easy,nested indexing and double counting,first_conceptual_error,off_by_one_first,OFF_BY_ONE,MEDIUM,True,1,2,1,2,3,GUIDING_QUESTION,true,True,1,2,252,294,CODE_HIGHLIGHT,CODE_HIGHLIGHT,true,for loop condition
problem_suite_http,RULE,346,5,505010,problem_suite_http:RULE:c5:s505010:p310,310,310,matrix-diagonal-sum,Matrix Diagonal Sum,easy,nested indexing and double counting,repeated_conceptual_error,off_by_one_repeat,OFF_BY_ONE,MEDIUM,True,1,2,2,3,4,CODE_HIGHLIGHT,true,True,1,3,245,287,CONCEPTUAL_HINT,CONCEPTUAL_HINT,true,for loop condition
problem_suite_http,RULE,347,5,505010,problem_suite_http:RULE:c5:s505010:p310,310,310,matrix-diagonal-sum,Matrix Diagonal Sum,easy,nested indexing and double counting,partial_logic,partial_but_compiling,UNKNOWN,MEDIUM,True,1,2,1,4,5,CONCEPTUAL_HINT,true,True,1,4,250,294,CONCEPTUAL_HINT,CONCEPTUAL_HINT,true,logic block
problem_suite_http,RULE,348,5,505010,problem_suite_http:RULE:c5:s505010:p310,310,310,matrix-diagonal-sum,Matrix Diagonal Sum,easy,nested indexing and double counting,local_completion,locally_complete,UNKNOWN,LOW,True,3,0,2,5,6,CONCEPTUAL_HINT,true,True,1,5,243,279,NO_FEEDBACK,NO_FEEDBACK,true,logic block
problem_suite_http,RULE,349,5,505011,problem_suite_http:RULE:c5:s505011:p311,311,311,roman-to-integer,Roman to Integer,easy,lookahead condition,syntax,missing_statement_ending,SYNTAX_ERROR,HIGH,False,0,0,1,0,1,,,True,1,0,50,90,CODE_HIGHLIGHT,CODE_HIGHLIGHT,true,statement ending
problem_suite_http,RULE,350,5,505011,problem_suite_http:RULE:c5:s505011:p311,311,311,roman-to-integer,Roman to Integer,easy,lookahead condition,planning,unfinished_implementation,STUCK_NO_PROGRESS,LOW,True,0,3,1,1,2,CODE_HIGHLIGHT,true,True,2,1,249,292,GUIDING_QUESTION,GUIDING_QUESTION,true,unfinished implementation
problem_suite_http,RULE,351,5,505011,problem_suite_http:RULE:c5:s505011:p311,311,311,roman-to-integer,Roman to Integer,easy,lookahead condition,first_conceptual_error,off_by_one_first,OFF_BY_ONE,MEDIUM,True,1,2,1,2,3,GUIDING_QUESTION,true,True,1,2,265,299,CODE_HIGHLIGHT,CODE_HIGHLIGHT,true,for loop condition
problem_suite_http,RULE,352,5,505011,problem_suite_http:RULE:c5:s505011:p311,311,311,roman-to-integer,Roman to Integer,easy,lookahead condition,repeated_conceptual_error,off_by_one_repeat,OFF_BY_ONE,MEDIUM,True,1,2,2,3,4,CODE_HIGHLIGHT,true,True,1,3,268,302,CONCEPTUAL_HINT,CONCEPTUAL_HINT,true,for loop condition
problem_suite_http,RULE,353,5,505011,problem_suite_http:RULE:c5:s505011:p311,311,311,roman-to-integer,Roman to Integer,easy,lookahead condition,partial_logic,partial_but_compiling,UNKNOWN,MEDIUM,True,1,2,1,4,5,CONCEPTUAL_HINT,true,True,1,4,271,311,CONCEPTUAL_HINT,CONCEPTUAL_HINT,true,logic block
problem_suite_http,RULE,354,5,505011,problem_suite_http:RULE:c5:s505011:p311,311,311,roman-to-integer,Roman to Integer,easy,lookahead condition,local_completion,locally_complete,UNKNOWN,LOW,True,3,0,2,5,6,CONCEPTUAL_HINT,true,True,1,5,244,261,NO_FEEDBACK,NO_FEEDBACK,true,logic block
problem_suite_http,RULE,355,5,505012,problem_suite_http:RULE:c5:s505012:p312,312,312,climbing-stairs,Climbing Stairs,easy,base cases and recurrence,syntax,missing_statement_ending,SYNTAX_ERROR,HIGH,False,0,0,1,0,1,,,True,1,0,46,87,CODE_HIGHLIGHT,CODE_HIGHLIGHT,true,statement ending
problem_suite_http,RULE,356,5,505012,problem_suite_http:RULE:c5:s505012:p312,312,312,climbing-stairs,Climbing Stairs,easy,base cases and recurrence,planning,unfinished_implementation,STUCK_NO_PROGRESS,LOW,True,0,3,1,1,2,CODE_HIGHLIGHT,true,True,2,1,251,292,GUIDING_QUESTION,GUIDING_QUESTION,true,unfinished implementation
problem_suite_http,RULE,357,5,505012,problem_suite_http:RULE:c5:s505012:p312,312,312,climbing-stairs,Climbing Stairs,easy,base cases and recurrence,first_conceptual_error,wrong_condition_first,WRONG_CONDITION,MEDIUM,True,1,2,1,2,3,GUIDING_QUESTION,true,True,1,2,245,266,CONCEPTUAL_HINT,CONCEPTUAL_HINT,true,while condition
problem_suite_http,RULE,358,5,505012,problem_suite_http:RULE:c5:s505012:p312,312,312,climbing-stairs,Climbing Stairs,easy,base cases and recurrence,repeated_conceptual_error,wrong_condition_repeat,WRONG_CONDITION,MEDIUM,True,1,2,2,3,4,CONCEPTUAL_HINT,true,True,1,3,242,279,CONCEPTUAL_HINT,CONCEPTUAL_HINT,true,while condition
problem_suite_http,RULE,359,5,505012,problem_suite_http:RULE:c5:s505012:p312,312,312,climbing-stairs,Climbing Stairs,easy,base cases and recurrence,partial_logic,partial_but_compiling,UNKNOWN,MEDIUM,True,1,2,1,4,5,CONCEPTUAL_HINT,true,True,1,4,257,299,CONCEPTUAL_HINT,CONCEPTUAL_HINT,true,logic block
problem_suite_http,RULE,360,5,505012,problem_suite_http:RULE:c5:s505012:p312,312,312,climbing-stairs,Climbing Stairs,easy,base cases and recurrence,local_completion,locally_complete,OFF_BY_ONE,LOW,True,1,2,1,5,6,CONCEPTUAL_HINT,true,True,1,5,247,280,CODE_HIGHLIGHT,NO_FEEDBACK,false,for loop condition
problem_suite_http,RULE,361,6,506001,problem_suite_http:RULE:c6:s506001:p301,301,301,palindrome,Valid Palindrome,easy,two pointers and string normalization,syntax,missing_statement_ending,SYNTAX_ERROR,HIGH,False,0,0,1,0,1,,,True,1,0,49,90,CODE_HIGHLIGHT,CODE_HIGHLIGHT,true,statement ending
problem_suite_http,RULE,362,6,506001,problem_suite_http:RULE:c6:s506001:p301,301,301,palindrome,Valid Palindrome,easy,two pointers and string normalization,planning,unfinished_implementation,STUCK_NO_PROGRESS,LOW,True,0,3,1,1,2,CODE_HIGHLIGHT,true,True,2,1,246,291,GUIDING_QUESTION,GUIDING_QUESTION,true,unfinished implementation
problem_suite_http,RULE,363,6,506001,problem_suite_http:RULE:c6:s506001:p301,301,301,palindrome,Valid Palindrome,easy,two pointers and string normalization,first_conceptual_error,possible_null_access_first,POSSIBLE_NULL_ACCESS,MEDIUM,True,3,0,1,2,3,GUIDING_QUESTION,true,True,1,2,260,292,CODE_HIGHLIGHT,CODE_HIGHLIGHT,true,missing null or empty guard
problem_suite_http,RULE,364,6,506001,problem_suite_http:RULE:c6:s506001:p301,301,301,palindrome,Valid Palindrome,easy,two pointers and string normalization,repeated_conceptual_error,possible_null_access_repeat,POSSIBLE_NULL_ACCESS,MEDIUM,True,3,0,2,3,4,CODE_HIGHLIGHT,true,True,1,3,260,302,CONCEPTUAL_HINT,CONCEPTUAL_HINT,true,missing null or empty guard
problem_suite_http,RULE,365,6,506001,problem_suite_http:RULE:c6:s506001:p301,301,301,palindrome,Valid Palindrome,easy,two pointers and string normalization,partial_logic,partial_but_compiling,UNKNOWN,MEDIUM,True,1,2,1,4,5,CONCEPTUAL_HINT,true,True,1,4,256,295,CONCEPTUAL_HINT,CONCEPTUAL_HINT,true,logic block
problem_suite_http,RULE,366,6,506001,problem_suite_http:RULE:c6:s506001:p301,301,301,palindrome,Valid Palindrome,easy,two pointers and string normalization,local_completion,locally_complete,WRONG_CONDITION,LOW,True,1,2,1,5,6,CONCEPTUAL_HINT,true,True,1,5,244,292,CONCEPTUAL_HINT,NO_FEEDBACK,false,while condition
problem_suite_http,RULE,367,6,506002,problem_suite_http:RULE:c6:s506002:p302,302,302,two-sum,Two Sum,easy,hash map lookup and pair search,syntax,missing_statement_ending,SYNTAX_ERROR,HIGH,False,0,0,1,0,1,,,True,1,0,48,98,CODE_HIGHLIGHT,CODE_HIGHLIGHT,true,statement ending
problem_suite_http,RULE,368,6,506002,problem_suite_http:RULE:c6:s506002:p302,302,302,two-sum,Two Sum,easy,hash map lookup and pair search,planning,unfinished_implementation,STUCK_NO_PROGRESS,LOW,True,0,3,1,1,2,CODE_HIGHLIGHT,true,True,2,1,244,282,GUIDING_QUESTION,GUIDING_QUESTION,true,unfinished implementation
problem_suite_http,RULE,369,6,506002,problem_suite_http:RULE:c6:s506002:p302,302,302,two-sum,Two Sum,easy,hash map lookup and pair search,first_conceptual_error,off_by_one_first,OFF_BY_ONE,MEDIUM,True,1,2,1,2,3,GUIDING_QUESTION,true,True,1,2,249,280,CODE_HIGHLIGHT,CODE_HIGHLIGHT,true,for loop condition
problem_suite_http,RULE,370,6,506002,problem_suite_http:RULE:c6:s506002:p302,302,302,two-sum,Two Sum,easy,hash map lookup and pair search,repeated_conceptual_error,off_by_one_repeat,OFF_BY_ONE,MEDIUM,True,1,2,2,3,4,CODE_HIGHLIGHT,true,True,1,3,246,283,CONCEPTUAL_HINT,CONCEPTUAL_HINT,true,for loop condition
problem_suite_http,RULE,371,6,506002,problem_suite_http:RULE:c6:s506002:p302,302,302,two-sum,Two Sum,easy,hash map lookup and pair search,partial_logic,partial_but_compiling,UNKNOWN,MEDIUM,True,1,2,1,4,5,CONCEPTUAL_HINT,true,True,1,4,242,281,CONCEPTUAL_HINT,CONCEPTUAL_HINT,true,logic block
problem_suite_http,RULE,372,6,506002,problem_suite_http:RULE:c6:s506002:p302,302,302,two-sum,Two Sum,easy,hash map lookup and pair search,local_completion,locally_complete,UNKNOWN,LOW,True,3,0,2,5,6,CONCEPTUAL_HINT,true,True,1,5,244,289,NO_FEEDBACK,NO_FEEDBACK,true,logic block
problem_suite_http,RULE,373,6,506003,problem_suite_http:RULE:c6:s506003:p303,303,303,valid-parentheses,Valid Parentheses,easy,stack state and matching brackets,syntax,missing_statement_ending,SYNTAX_ERROR,HIGH,False,0,0,1,0,1,,,True,1,0,48,82,CODE_HIGHLIGHT,CODE_HIGHLIGHT,true,statement ending
problem_suite_http,RULE,374,6,506003,problem_suite_http:RULE:c6:s506003:p303,303,303,valid-parentheses,Valid Parentheses,easy,stack state and matching brackets,planning,unfinished_implementation,STUCK_NO_PROGRESS,LOW,True,0,3,1,1,2,CODE_HIGHLIGHT,true,True,2,1,243,279,GUIDING_QUESTION,GUIDING_QUESTION,true,unfinished implementation
problem_suite_http,RULE,375,6,506003,problem_suite_http:RULE:c6:s506003:p303,303,303,valid-parentheses,Valid Parentheses,easy,stack state and matching brackets,first_conceptual_error,possible_null_access_first,UNKNOWN,MEDIUM,True,3,0,1,2,3,GUIDING_QUESTION,true,True,1,2,241,285,NO_FEEDBACK,CODE_HIGHLIGHT,false,logic block
problem_suite_http,RULE,376,6,506003,problem_suite_http:RULE:c6:s506003:p303,303,303,valid-parentheses,Valid Parentheses,easy,stack state and matching brackets,repeated_conceptual_error,possible_null_access_repeat,UNKNOWN,MEDIUM,True,3,0,2,3,4,NO_FEEDBACK,false,True,1,3,243,287,NO_FEEDBACK,CONCEPTUAL_HINT,false,logic block
problem_suite_http,RULE,377,6,506003,problem_suite_http:RULE:c6:s506003:p303,303,303,valid-parentheses,Valid Parentheses,easy,stack state and matching brackets,partial_logic,partial_but_compiling,UNKNOWN,MEDIUM,True,1,2,3,4,5,NO_FEEDBACK,false,True,1,4,249,292,CONCEPTUAL_HINT,CONCEPTUAL_HINT,true,logic block
problem_suite_http,RULE,378,6,506003,problem_suite_http:RULE:c6:s506003:p303,303,303,valid-parentheses,Valid Parentheses,easy,stack state and matching brackets,local_completion,locally_complete,UNKNOWN,LOW,True,3,0,4,5,6,CONCEPTUAL_HINT,true,True,1,5,240,279,CONCEPTUAL_HINT,NO_FEEDBACK,false,logic block
problem_suite_http,RULE,379,6,506004,problem_suite_http:RULE:c6:s506004:p304,304,304,binary-search,Binary Search,easy,search interval invariant,syntax,missing_statement_ending,SYNTAX_ERROR,HIGH,False,0,0,1,0,1,,,True,1,0,47,89,CODE_HIGHLIGHT,CODE_HIGHLIGHT,true,statement ending
problem_suite_http,RULE,380,6,506004,problem_suite_http:RULE:c6:s506004:p304,304,304,binary-search,Binary Search,easy,search interval invariant,planning,unfinished_implementation,STUCK_NO_PROGRESS,LOW,True,0,3,1,1,2,CODE_HIGHLIGHT,true,True,2,1,240,274,GUIDING_QUESTION,GUIDING_QUESTION,true,unfinished implementation
problem_suite_http,RULE,381,6,506004,problem_suite_http:RULE:c6:s506004:p304,304,304,binary-search,Binary Search,easy,search interval invariant,first_conceptual_error,wrong_loop_boundary_first,WRONG_LOOP_BOUNDARY,MEDIUM,True,1,2,1,2,3,GUIDING_QUESTION,true,True,1,2,253,296,CODE_HIGHLIGHT,CODE_HIGHLIGHT,true,binary search loop boundary
problem_suite_http,RULE,382,6,506004,problem_suite_http:RULE:c6:s506004:p304,304,304,binary-search,Binary Search,easy,search interval invariant,repeated_conceptual_error,wrong_loop_boundary_repeat,WRONG_LOOP_BOUNDARY,MEDIUM,True,1,2,2,3,4,CODE_HIGHLIGHT,true,True,1,3,254,313,CONCEPTUAL_HINT,CONCEPTUAL_HINT,true,binary search loop boundary
problem_suite_http,RULE,383,6,506004,problem_suite_http:RULE:c6:s506004:p304,304,304,binary-search,Binary Search,easy,search interval invariant,partial_logic,partial_but_compiling,UNKNOWN,MEDIUM,True,1,2,1,4,5,CONCEPTUAL_HINT,true,True,1,4,249,287,CONCEPTUAL_HINT,CONCEPTUAL_HINT,true,logic block
problem_suite_http,RULE,384,6,506004,problem_suite_http:RULE:c6:s506004:p304,304,304,binary-search,Binary Search,easy,search interval invariant,local_completion,locally_complete,UNKNOWN,LOW,True,3,0,2,5,6,CONCEPTUAL_HINT,true,True,1,5,255,277,NO_FEEDBACK,NO_FEEDBACK,true,logic block
problem_suite_http,RULE,385,6,506005,problem_suite_http:RULE:c6:s506005:p305,305,305,merge-sorted-array,Merge Sorted Array,easy,array index management,syntax,missing_statement_ending,SYNTAX_ERROR,HIGH,False,0,0,1,0,1,,,True,1,0,50,83,CODE_HIGHLIGHT,CODE_HIGHLIGHT,true,statement ending
problem_suite_http,RULE,386,6,506005,problem_suite_http:RULE:c6:s506005:p305,305,305,merge-sorted-array,Merge Sorted Array,easy,array index management,planning,unfinished_implementation,STUCK_NO_PROGRESS,LOW,True,0,3,1,1,2,CODE_HIGHLIGHT,true,True,2,1,255,276,GUIDING_QUESTION,GUIDING_QUESTION,true,unfinished implementation
problem_suite_http,RULE,387,6,506005,problem_suite_http:RULE:c6:s506005:p305,305,305,merge-sorted-array,Merge Sorted Array,easy,array index management,first_conceptual_error,off_by_one_first,OFF_BY_ONE,MEDIUM,True,1,2,1,2,3,GUIDING_QUESTION,true,True,1,2,243,263,CODE_HIGHLIGHT,CODE_HIGHLIGHT,true,for loop condition
problem_suite_http,RULE,388,6,506005,problem_suite_http:RULE:c6:s506005:p305,305,305,merge-sorted-array,Merge Sorted Array,easy,array index management,repeated_conceptual_error,off_by_one_repeat,OFF_BY_ONE,MEDIUM,True,1,2,2,3,4,CODE_HIGHLIGHT,true,True,1,3,247,283,CONCEPTUAL_HINT,CONCEPTUAL_HINT,true,for loop condition
problem_suite_http,RULE,389,6,506005,problem_suite_http:RULE:c6:s506005:p305,305,305,merge-sorted-array,Merge Sorted Array,easy,array index management,partial_logic,partial_but_compiling,UNKNOWN,MEDIUM,True,1,2,1,4,5,CONCEPTUAL_HINT,true,True,1,4,244,281,CONCEPTUAL_HINT,CONCEPTUAL_HINT,true,logic block
problem_suite_http,RULE,390,6,506005,problem_suite_http:RULE:c6:s506005:p305,305,305,merge-sorted-array,Merge Sorted Array,easy,array index management,local_completion,locally_complete,UNKNOWN,LOW,True,3,0,2,5,6,CONCEPTUAL_HINT,true,True,1,5,252,284,NO_FEEDBACK,NO_FEEDBACK,true,logic block
problem_suite_http,RULE,391,6,506006,problem_suite_http:RULE:c6:s506006:p306,306,306,trapping-rain-water,Trapping Rain Water,hard,two pointers and running maxima,syntax,missing_statement_ending,SYNTAX_ERROR,HIGH,False,0,0,1,0,1,,,True,1,0,50,95,CODE_HIGHLIGHT,CODE_HIGHLIGHT,true,statement ending
problem_suite_http,RULE,392,6,506006,problem_suite_http:RULE:c6:s506006:p306,306,306,trapping-rain-water,Trapping Rain Water,hard,two pointers and running maxima,planning,unfinished_implementation,STUCK_NO_PROGRESS,LOW,True,0,3,1,1,2,CODE_HIGHLIGHT,true,True,2,1,276,319,GUIDING_QUESTION,GUIDING_QUESTION,true,unfinished implementation
problem_suite_http,RULE,393,6,506006,problem_suite_http:RULE:c6:s506006:p306,306,306,trapping-rain-water,Trapping Rain Water,hard,two pointers and running maxima,first_conceptual_error,wrong_condition_first,WRONG_CONDITION,MEDIUM,True,1,2,1,2,3,GUIDING_QUESTION,true,True,1,2,263,299,CONCEPTUAL_HINT,CONCEPTUAL_HINT,true,while condition
problem_suite_http,RULE,394,6,506006,problem_suite_http:RULE:c6:s506006:p306,306,306,trapping-rain-water,Trapping Rain Water,hard,two pointers and running maxima,repeated_conceptual_error,wrong_condition_repeat,WRONG_CONDITION,MEDIUM,True,1,2,2,3,4,CONCEPTUAL_HINT,true,True,1,3,251,298,CONCEPTUAL_HINT,CONCEPTUAL_HINT,true,while condition
problem_suite_http,RULE,395,6,506006,problem_suite_http:RULE:c6:s506006:p306,306,306,trapping-rain-water,Trapping Rain Water,hard,two pointers and running maxima,partial_logic,partial_but_compiling,UNKNOWN,MEDIUM,True,1,2,1,4,5,CONCEPTUAL_HINT,true,True,1,4,236,269,CONCEPTUAL_HINT,CONCEPTUAL_HINT,true,logic block
problem_suite_http,RULE,396,6,506006,problem_suite_http:RULE:c6:s506006:p306,306,306,trapping-rain-water,Trapping Rain Water,hard,two pointers and running maxima,local_completion,locally_complete,UNKNOWN,LOW,True,1,2,2,5,6,CONCEPTUAL_HINT,true,True,1,5,240,274,CONCEPTUAL_HINT,NO_FEEDBACK,false,logic block
problem_suite_http,RULE,397,6,506007,problem_suite_http:RULE:c6:s506007:p307,307,307,lru-cache,LRU Cache,medium,state update and eviction policy,syntax,missing_statement_ending,SYNTAX_ERROR,HIGH,False,0,0,1,0,1,,,True,1,0,52,71,CODE_HIGHLIGHT,CODE_HIGHLIGHT,true,statement ending
problem_suite_http,RULE,398,6,506007,problem_suite_http:RULE:c6:s506007:p307,307,307,lru-cache,LRU Cache,medium,state update and eviction policy,planning,unfinished_implementation,STUCK_NO_PROGRESS,LOW,True,0,3,1,1,2,CODE_HIGHLIGHT,true,True,2,1,253,287,GUIDING_QUESTION,GUIDING_QUESTION,true,unfinished implementation
problem_suite_http,RULE,399,6,506007,problem_suite_http:RULE:c6:s506007:p307,307,307,lru-cache,LRU Cache,medium,state update and eviction policy,first_conceptual_error,unknown_logic_first,UNKNOWN,MEDIUM,True,3,0,1,2,3,GUIDING_QUESTION,true,True,1,2,251,288,NO_FEEDBACK,CONCEPTUAL_HINT,false,logic block
problem_suite_http,RULE,400,6,506007,problem_suite_http:RULE:c6:s506007:p307,307,307,lru-cache,LRU Cache,medium,state update and eviction policy,repeated_conceptual_error,unknown_logic_repeat,UNKNOWN,MEDIUM,True,3,0,2,3,4,NO_FEEDBACK,false,True,1,3,255,297,NO_FEEDBACK,CONCEPTUAL_HINT,false,logic block
problem_suite_http,RULE,401,6,506007,problem_suite_http:RULE:c6:s506007:p307,307,307,lru-cache,LRU Cache,medium,state update and eviction policy,partial_logic,partial_but_compiling,UNKNOWN,MEDIUM,True,1,2,3,4,5,NO_FEEDBACK,false,True,1,4,248,283,CONCEPTUAL_HINT,CONCEPTUAL_HINT,true,logic block
problem_suite_http,RULE,402,6,506007,problem_suite_http:RULE:c6:s506007:p307,307,307,lru-cache,LRU Cache,medium,state update and eviction policy,local_completion,locally_complete,UNKNOWN,LOW,True,3,0,4,5,6,CONCEPTUAL_HINT,true,True,1,5,257,284,CONCEPTUAL_HINT,NO_FEEDBACK,false,logic block
problem_suite_http,RULE,403,6,506008,problem_suite_http:RULE:c6:s506008:p308,308,308,longest-substring,Longest Substring Without Repeating Characters,medium,sliding window invariant,syntax,missing_statement_ending,SYNTAX_ERROR,HIGH,False,0,0,1,0,1,,,True,1,0,50,96,CODE_HIGHLIGHT,CODE_HIGHLIGHT,true,statement ending
problem_suite_http,RULE,404,6,506008,problem_suite_http:RULE:c6:s506008:p308,308,308,longest-substring,Longest Substring Without Repeating Characters,medium,sliding window invariant,planning,unfinished_implementation,STUCK_NO_PROGRESS,LOW,True,0,3,1,1,2,CODE_HIGHLIGHT,true,True,2,1,251,293,GUIDING_QUESTION,GUIDING_QUESTION,true,unfinished implementation
problem_suite_http,RULE,405,6,506008,problem_suite_http:RULE:c6:s506008:p308,308,308,longest-substring,Longest Substring Without Repeating Characters,medium,sliding window invariant,first_conceptual_error,off_by_one_first,OFF_BY_ONE,MEDIUM,True,1,2,1,2,3,GUIDING_QUESTION,true,True,1,2,246,279,CODE_HIGHLIGHT,CODE_HIGHLIGHT,true,for loop condition
problem_suite_http,RULE,406,6,506008,problem_suite_http:RULE:c6:s506008:p308,308,308,longest-substring,Longest Substring Without Repeating Characters,medium,sliding window invariant,repeated_conceptual_error,off_by_one_repeat,OFF_BY_ONE,MEDIUM,True,1,2,2,3,4,CODE_HIGHLIGHT,true,True,1,3,250,282,CONCEPTUAL_HINT,CONCEPTUAL_HINT,true,for loop condition
problem_suite_http,RULE,407,6,506008,problem_suite_http:RULE:c6:s506008:p308,308,308,longest-substring,Longest Substring Without Repeating Characters,medium,sliding window invariant,partial_logic,partial_but_compiling,UNKNOWN,MEDIUM,True,1,2,1,4,5,CONCEPTUAL_HINT,true,True,1,4,250,289,CONCEPTUAL_HINT,CONCEPTUAL_HINT,true,logic block
problem_suite_http,RULE,408,6,506008,problem_suite_http:RULE:c6:s506008:p308,308,308,longest-substring,Longest Substring Without Repeating Characters,medium,sliding window invariant,local_completion,locally_complete,UNKNOWN,LOW,True,3,0,2,5,6,CONCEPTUAL_HINT,true,True,1,5,247,285,NO_FEEDBACK,NO_FEEDBACK,true,logic block
problem_suite_http,RULE,409,6,506009,problem_suite_http:RULE:c6:s506009:p309,309,309,reverse-linked-list,Reverse Linked List,easy,pointer update order,syntax,missing_statement_ending,SYNTAX_ERROR,HIGH,False,0,0,1,0,1,,,True,1,0,48,93,CODE_HIGHLIGHT,CODE_HIGHLIGHT,true,statement ending
problem_suite_http,RULE,410,6,506009,problem_suite_http:RULE:c6:s506009:p309,309,309,reverse-linked-list,Reverse Linked List,easy,pointer update order,planning,unfinished_implementation,STUCK_NO_PROGRESS,LOW,True,0,3,1,1,2,CODE_HIGHLIGHT,true,True,2,1,245,288,GUIDING_QUESTION,GUIDING_QUESTION,true,unfinished implementation
problem_suite_http,RULE,411,6,506009,problem_suite_http:RULE:c6:s506009:p309,309,309,reverse-linked-list,Reverse Linked List,easy,pointer update order,first_conceptual_error,wrong_condition_first,WRONG_CONDITION,MEDIUM,True,1,2,1,2,3,GUIDING_QUESTION,true,True,1,2,250,289,CONCEPTUAL_HINT,CONCEPTUAL_HINT,true,while condition
problem_suite_http,RULE,412,6,506009,problem_suite_http:RULE:c6:s506009:p309,309,309,reverse-linked-list,Reverse Linked List,easy,pointer update order,repeated_conceptual_error,wrong_condition_repeat,WRONG_CONDITION,MEDIUM,True,1,2,2,3,4,CONCEPTUAL_HINT,true,True,1,3,246,289,CONCEPTUAL_HINT,CONCEPTUAL_HINT,true,while condition
problem_suite_http,RULE,413,6,506009,problem_suite_http:RULE:c6:s506009:p309,309,309,reverse-linked-list,Reverse Linked List,easy,pointer update order,partial_logic,partial_but_compiling,UNKNOWN,MEDIUM,True,1,2,1,4,5,CONCEPTUAL_HINT,true,True,1,4,244,283,CONCEPTUAL_HINT,CONCEPTUAL_HINT,true,logic block
problem_suite_http,RULE,414,6,506009,problem_suite_http:RULE:c6:s506009:p309,309,309,reverse-linked-list,Reverse Linked List,easy,pointer update order,local_completion,locally_complete,UNKNOWN,LOW,True,3,0,2,5,6,CONCEPTUAL_HINT,true,True,1,5,244,285,NO_FEEDBACK,NO_FEEDBACK,true,logic block
problem_suite_http,RULE,415,6,506010,problem_suite_http:RULE:c6:s506010:p310,310,310,matrix-diagonal-sum,Matrix Diagonal Sum,easy,nested indexing and double counting,syntax,missing_statement_ending,SYNTAX_ERROR,HIGH,False,0,0,1,0,1,,,True,1,0,54,98,CODE_HIGHLIGHT,CODE_HIGHLIGHT,true,statement ending
problem_suite_http,RULE,416,6,506010,problem_suite_http:RULE:c6:s506010:p310,310,310,matrix-diagonal-sum,Matrix Diagonal Sum,easy,nested indexing and double counting,planning,unfinished_implementation,STUCK_NO_PROGRESS,LOW,True,0,3,1,1,2,CODE_HIGHLIGHT,true,True,2,1,242,281,GUIDING_QUESTION,GUIDING_QUESTION,true,unfinished implementation
problem_suite_http,RULE,417,6,506010,problem_suite_http:RULE:c6:s506010:p310,310,310,matrix-diagonal-sum,Matrix Diagonal Sum,easy,nested indexing and double counting,first_conceptual_error,off_by_one_first,OFF_BY_ONE,MEDIUM,True,1,2,1,2,3,GUIDING_QUESTION,true,True,1,2,247,282,CODE_HIGHLIGHT,CODE_HIGHLIGHT,true,for loop condition
problem_suite_http,RULE,418,6,506010,problem_suite_http:RULE:c6:s506010:p310,310,310,matrix-diagonal-sum,Matrix Diagonal Sum,easy,nested indexing and double counting,repeated_conceptual_error,off_by_one_repeat,OFF_BY_ONE,MEDIUM,True,1,2,2,3,4,CODE_HIGHLIGHT,true,True,1,3,238,284,CONCEPTUAL_HINT,CONCEPTUAL_HINT,true,for loop condition
problem_suite_http,RULE,419,6,506010,problem_suite_http:RULE:c6:s506010:p310,310,310,matrix-diagonal-sum,Matrix Diagonal Sum,easy,nested indexing and double counting,partial_logic,partial_but_compiling,UNKNOWN,MEDIUM,True,1,2,1,4,5,CONCEPTUAL_HINT,true,True,1,4,250,282,CONCEPTUAL_HINT,CONCEPTUAL_HINT,true,logic block
problem_suite_http,RULE,420,6,506010,problem_suite_http:RULE:c6:s506010:p310,310,310,matrix-diagonal-sum,Matrix Diagonal Sum,easy,nested indexing and double counting,local_completion,locally_complete,UNKNOWN,LOW,True,3,0,2,5,6,CONCEPTUAL_HINT,true,True,1,5,254,298,NO_FEEDBACK,NO_FEEDBACK,true,logic block
problem_suite_http,RULE,421,6,506011,problem_suite_http:RULE:c6:s506011:p311,311,311,roman-to-integer,Roman to Integer,easy,lookahead condition,syntax,missing_statement_ending,SYNTAX_ERROR,HIGH,False,0,0,1,0,1,,,True,1,0,50,87,CODE_HIGHLIGHT,CODE_HIGHLIGHT,true,statement ending
problem_suite_http,RULE,422,6,506011,problem_suite_http:RULE:c6:s506011:p311,311,311,roman-to-integer,Roman to Integer,easy,lookahead condition,planning,unfinished_implementation,STUCK_NO_PROGRESS,LOW,True,0,3,1,1,2,CODE_HIGHLIGHT,true,True,2,1,251,294,GUIDING_QUESTION,GUIDING_QUESTION,true,unfinished implementation
problem_suite_http,RULE,423,6,506011,problem_suite_http:RULE:c6:s506011:p311,311,311,roman-to-integer,Roman to Integer,easy,lookahead condition,first_conceptual_error,off_by_one_first,OFF_BY_ONE,MEDIUM,True,1,2,1,2,3,GUIDING_QUESTION,true,True,1,2,253,287,CODE_HIGHLIGHT,CODE_HIGHLIGHT,true,for loop condition
problem_suite_http,RULE,424,6,506011,problem_suite_http:RULE:c6:s506011:p311,311,311,roman-to-integer,Roman to Integer,easy,lookahead condition,repeated_conceptual_error,off_by_one_repeat,OFF_BY_ONE,MEDIUM,True,1,2,2,3,4,CODE_HIGHLIGHT,true,True,1,3,258,295,CONCEPTUAL_HINT,CONCEPTUAL_HINT,true,for loop condition
problem_suite_http,RULE,425,6,506011,problem_suite_http:RULE:c6:s506011:p311,311,311,roman-to-integer,Roman to Integer,easy,lookahead condition,partial_logic,partial_but_compiling,UNKNOWN,MEDIUM,True,1,2,1,4,5,CONCEPTUAL_HINT,true,True,1,4,247,271,CONCEPTUAL_HINT,CONCEPTUAL_HINT,true,logic block
problem_suite_http,RULE,426,6,506011,problem_suite_http:RULE:c6:s506011:p311,311,311,roman-to-integer,Roman to Integer,easy,lookahead condition,local_completion,locally_complete,UNKNOWN,LOW,True,3,0,2,5,6,CONCEPTUAL_HINT,true,True,1,5,249,283,NO_FEEDBACK,NO_FEEDBACK,true,logic block
problem_suite_http,RULE,427,6,506012,problem_suite_http:RULE:c6:s506012:p312,312,312,climbing-stairs,Climbing Stairs,easy,base cases and recurrence,syntax,missing_statement_ending,SYNTAX_ERROR,HIGH,False,0,0,1,0,1,,,True,1,0,52,91,CODE_HIGHLIGHT,CODE_HIGHLIGHT,true,statement ending
problem_suite_http,RULE,428,6,506012,problem_suite_http:RULE:c6:s506012:p312,312,312,climbing-stairs,Climbing Stairs,easy,base cases and recurrence,planning,unfinished_implementation,STUCK_NO_PROGRESS,LOW,True,0,3,1,1,2,CODE_HIGHLIGHT,true,True,2,1,254,293,GUIDING_QUESTION,GUIDING_QUESTION,true,unfinished implementation
problem_suite_http,RULE,429,6,506012,problem_suite_http:RULE:c6:s506012:p312,312,312,climbing-stairs,Climbing Stairs,easy,base cases and recurrence,first_conceptual_error,wrong_condition_first,WRONG_CONDITION,MEDIUM,True,1,2,1,2,3,GUIDING_QUESTION,true,True,1,2,245,285,CONCEPTUAL_HINT,CONCEPTUAL_HINT,true,while condition
problem_suite_http,RULE,430,6,506012,problem_suite_http:RULE:c6:s506012:p312,312,312,climbing-stairs,Climbing Stairs,easy,base cases and recurrence,repeated_conceptual_error,wrong_condition_repeat,WRONG_CONDITION,MEDIUM,True,1,2,2,3,4,CONCEPTUAL_HINT,true,True,1,3,246,279,CONCEPTUAL_HINT,CONCEPTUAL_HINT,true,while condition
problem_suite_http,RULE,431,6,506012,problem_suite_http:RULE:c6:s506012:p312,312,312,climbing-stairs,Climbing Stairs,easy,base cases and recurrence,partial_logic,partial_but_compiling,UNKNOWN,MEDIUM,True,1,2,1,4,5,CONCEPTUAL_HINT,true,True,1,4,278,323,CONCEPTUAL_HINT,CONCEPTUAL_HINT,true,logic block
problem_suite_http,RULE,432,6,506012,problem_suite_http:RULE:c6:s506012:p312,312,312,climbing-stairs,Climbing Stairs,easy,base cases and recurrence,local_completion,locally_complete,OFF_BY_ONE,LOW,True,1,2,1,5,6,CONCEPTUAL_HINT,true,True,1,5,265,306,CODE_HIGHLIGHT,NO_FEEDBACK,false,for loop condition
problem_suite_http,RULE,433,7,507001,problem_suite_http:RULE:c7:s507001:p301,301,301,palindrome,Valid Palindrome,easy,two pointers and string normalization,syntax,missing_statement_ending,SYNTAX_ERROR,HIGH,False,0,0,1,0,1,,,True,1,0,49,79,CODE_HIGHLIGHT,CODE_HIGHLIGHT,true,statement ending
problem_suite_http,RULE,434,7,507001,problem_suite_http:RULE:c7:s507001:p301,301,301,palindrome,Valid Palindrome,easy,two pointers and string normalization,planning,unfinished_implementation,STUCK_NO_PROGRESS,LOW,True,0,3,1,1,2,CODE_HIGHLIGHT,true,True,2,1,243,289,GUIDING_QUESTION,GUIDING_QUESTION,true,unfinished implementation
problem_suite_http,RULE,435,7,507001,problem_suite_http:RULE:c7:s507001:p301,301,301,palindrome,Valid Palindrome,easy,two pointers and string normalization,first_conceptual_error,possible_null_access_first,POSSIBLE_NULL_ACCESS,MEDIUM,True,3,0,1,2,3,GUIDING_QUESTION,true,True,1,2,236,267,CODE_HIGHLIGHT,CODE_HIGHLIGHT,true,missing null or empty guard
problem_suite_http,RULE,436,7,507001,problem_suite_http:RULE:c7:s507001:p301,301,301,palindrome,Valid Palindrome,easy,two pointers and string normalization,repeated_conceptual_error,possible_null_access_repeat,POSSIBLE_NULL_ACCESS,MEDIUM,True,3,0,2,3,4,CODE_HIGHLIGHT,true,True,1,3,251,297,CONCEPTUAL_HINT,CONCEPTUAL_HINT,true,missing null or empty guard
problem_suite_http,RULE,437,7,507001,problem_suite_http:RULE:c7:s507001:p301,301,301,palindrome,Valid Palindrome,easy,two pointers and string normalization,partial_logic,partial_but_compiling,UNKNOWN,MEDIUM,True,1,2,1,4,5,CONCEPTUAL_HINT,true,True,1,4,245,286,CONCEPTUAL_HINT,CONCEPTUAL_HINT,true,logic block
problem_suite_http,RULE,438,7,507001,problem_suite_http:RULE:c7:s507001:p301,301,301,palindrome,Valid Palindrome,easy,two pointers and string normalization,local_completion,locally_complete,WRONG_CONDITION,LOW,True,1,2,1,5,6,CONCEPTUAL_HINT,true,True,1,5,244,279,CONCEPTUAL_HINT,NO_FEEDBACK,false,while condition
problem_suite_http,RULE,439,7,507002,problem_suite_http:RULE:c7:s507002:p302,302,302,two-sum,Two Sum,easy,hash map lookup and pair search,syntax,missing_statement_ending,SYNTAX_ERROR,HIGH,False,0,0,1,0,1,,,True,1,0,46,79,CODE_HIGHLIGHT,CODE_HIGHLIGHT,true,statement ending
problem_suite_http,RULE,440,7,507002,problem_suite_http:RULE:c7:s507002:p302,302,302,two-sum,Two Sum,easy,hash map lookup and pair search,planning,unfinished_implementation,STUCK_NO_PROGRESS,LOW,True,0,3,1,1,2,CODE_HIGHLIGHT,true,True,2,1,251,297,GUIDING_QUESTION,GUIDING_QUESTION,true,unfinished implementation
problem_suite_http,RULE,441,7,507002,problem_suite_http:RULE:c7:s507002:p302,302,302,two-sum,Two Sum,easy,hash map lookup and pair search,first_conceptual_error,off_by_one_first,OFF_BY_ONE,MEDIUM,True,1,2,1,2,3,GUIDING_QUESTION,true,True,1,2,241,278,CODE_HIGHLIGHT,CODE_HIGHLIGHT,true,for loop condition
problem_suite_http,RULE,442,7,507002,problem_suite_http:RULE:c7:s507002:p302,302,302,two-sum,Two Sum,easy,hash map lookup and pair search,repeated_conceptual_error,off_by_one_repeat,OFF_BY_ONE,MEDIUM,True,1,2,2,3,4,CODE_HIGHLIGHT,true,True,1,3,247,288,CONCEPTUAL_HINT,CONCEPTUAL_HINT,true,for loop condition
problem_suite_http,RULE,443,7,507002,problem_suite_http:RULE:c7:s507002:p302,302,302,two-sum,Two Sum,easy,hash map lookup and pair search,partial_logic,partial_but_compiling,UNKNOWN,MEDIUM,True,1,2,1,4,5,CONCEPTUAL_HINT,true,True,1,4,240,283,CONCEPTUAL_HINT,CONCEPTUAL_HINT,true,logic block
problem_suite_http,RULE,444,7,507002,problem_suite_http:RULE:c7:s507002:p302,302,302,two-sum,Two Sum,easy,hash map lookup and pair search,local_completion,locally_complete,UNKNOWN,LOW,True,3,0,2,5,6,CONCEPTUAL_HINT,true,True,1,5,248,268,NO_FEEDBACK,NO_FEEDBACK,true,logic block
problem_suite_http,RULE,445,7,507003,problem_suite_http:RULE:c7:s507003:p303,303,303,valid-parentheses,Valid Parentheses,easy,stack state and matching brackets,syntax,missing_statement_ending,SYNTAX_ERROR,HIGH,False,0,0,1,0,1,,,True,1,0,47,89,CODE_HIGHLIGHT,CODE_HIGHLIGHT,true,statement ending
problem_suite_http,RULE,446,7,507003,problem_suite_http:RULE:c7:s507003:p303,303,303,valid-parentheses,Valid Parentheses,easy,stack state and matching brackets,planning,unfinished_implementation,STUCK_NO_PROGRESS,LOW,True,0,3,1,1,2,CODE_HIGHLIGHT,true,True,2,1,241,258,GUIDING_QUESTION,GUIDING_QUESTION,true,unfinished implementation
problem_suite_http,RULE,447,7,507003,problem_suite_http:RULE:c7:s507003:p303,303,303,valid-parentheses,Valid Parentheses,easy,stack state and matching brackets,first_conceptual_error,possible_null_access_first,UNKNOWN,MEDIUM,True,3,0,1,2,3,GUIDING_QUESTION,true,True,1,2,241,274,NO_FEEDBACK,CODE_HIGHLIGHT,false,logic block
problem_suite_http,RULE,448,7,507003,problem_suite_http:RULE:c7:s507003:p303,303,303,valid-parentheses,Valid Parentheses,easy,stack state and matching brackets,repeated_conceptual_error,possible_null_access_repeat,UNKNOWN,MEDIUM,True,3,0,2,3,4,NO_FEEDBACK,false,True,1,3,242,284,NO_FEEDBACK,CONCEPTUAL_HINT,false,logic block
problem_suite_http,RULE,449,7,507003,problem_suite_http:RULE:c7:s507003:p303,303,303,valid-parentheses,Valid Parentheses,easy,stack state and matching brackets,partial_logic,partial_but_compiling,UNKNOWN,MEDIUM,True,1,2,3,4,5,NO_FEEDBACK,false,True,1,4,254,288,CONCEPTUAL_HINT,CONCEPTUAL_HINT,true,logic block
problem_suite_http,RULE,450,7,507003,problem_suite_http:RULE:c7:s507003:p303,303,303,valid-parentheses,Valid Parentheses,easy,stack state and matching brackets,local_completion,locally_complete,UNKNOWN,LOW,True,3,0,4,5,6,CONCEPTUAL_HINT,true,True,1,5,242,282,CONCEPTUAL_HINT,NO_FEEDBACK,false,logic block
problem_suite_http,RULE,451,7,507004,problem_suite_http:RULE:c7:s507004:p304,304,304,binary-search,Binary Search,easy,search interval invariant,syntax,missing_statement_ending,SYNTAX_ERROR,HIGH,False,0,0,1,0,1,,,True,1,0,46,83,CODE_HIGHLIGHT,CODE_HIGHLIGHT,true,statement ending
problem_suite_http,RULE,452,7,507004,problem_suite_http:RULE:c7:s507004:p304,304,304,binary-search,Binary Search,easy,search interval invariant,planning,unfinished_implementation,STUCK_NO_PROGRESS,LOW,True,0,3,1,1,2,CODE_HIGHLIGHT,true,True,2,1,242,274,GUIDING_QUESTION,GUIDING_QUESTION,true,unfinished implementation
problem_suite_http,RULE,453,7,507004,problem_suite_http:RULE:c7:s507004:p304,304,304,binary-search,Binary Search,easy,search interval invariant,first_conceptual_error,wrong_loop_boundary_first,WRONG_LOOP_BOUNDARY,MEDIUM,True,1,2,1,2,3,GUIDING_QUESTION,true,True,1,2,252,286,CODE_HIGHLIGHT,CODE_HIGHLIGHT,true,binary search loop boundary
problem_suite_http,RULE,454,7,507004,problem_suite_http:RULE:c7:s507004:p304,304,304,binary-search,Binary Search,easy,search interval invariant,repeated_conceptual_error,wrong_loop_boundary_repeat,WRONG_LOOP_BOUNDARY,MEDIUM,True,1,2,2,3,4,CODE_HIGHLIGHT,true,True,1,3,246,288,CONCEPTUAL_HINT,CONCEPTUAL_HINT,true,binary search loop boundary
problem_suite_http,RULE,455,7,507004,problem_suite_http:RULE:c7:s507004:p304,304,304,binary-search,Binary Search,easy,search interval invariant,partial_logic,partial_but_compiling,UNKNOWN,MEDIUM,True,1,2,1,4,5,CONCEPTUAL_HINT,true,True,1,4,238,283,CONCEPTUAL_HINT,CONCEPTUAL_HINT,true,logic block
problem_suite_http,RULE,456,7,507004,problem_suite_http:RULE:c7:s507004:p304,304,304,binary-search,Binary Search,easy,search interval invariant,local_completion,locally_complete,UNKNOWN,LOW,True,3,0,2,5,6,CONCEPTUAL_HINT,true,True,1,5,243,284,NO_FEEDBACK,NO_FEEDBACK,true,logic block
problem_suite_http,RULE,457,7,507005,problem_suite_http:RULE:c7:s507005:p305,305,305,merge-sorted-array,Merge Sorted Array,easy,array index management,syntax,missing_statement_ending,SYNTAX_ERROR,HIGH,False,0,0,1,0,1,,,True,1,0,46,81,CODE_HIGHLIGHT,CODE_HIGHLIGHT,true,statement ending
problem_suite_http,RULE,458,7,507005,problem_suite_http:RULE:c7:s507005:p305,305,305,merge-sorted-array,Merge Sorted Array,easy,array index management,planning,unfinished_implementation,STUCK_NO_PROGRESS,LOW,True,0,3,1,1,2,CODE_HIGHLIGHT,true,True,2,1,249,295,GUIDING_QUESTION,GUIDING_QUESTION,true,unfinished implementation
problem_suite_http,RULE,459,7,507005,problem_suite_http:RULE:c7:s507005:p305,305,305,merge-sorted-array,Merge Sorted Array,easy,array index management,first_conceptual_error,off_by_one_first,OFF_BY_ONE,MEDIUM,True,1,2,1,2,3,GUIDING_QUESTION,true,True,1,2,250,288,CODE_HIGHLIGHT,CODE_HIGHLIGHT,true,for loop condition
problem_suite_http,RULE,460,7,507005,problem_suite_http:RULE:c7:s507005:p305,305,305,merge-sorted-array,Merge Sorted Array,easy,array index management,repeated_conceptual_error,off_by_one_repeat,OFF_BY_ONE,MEDIUM,True,1,2,2,3,4,CODE_HIGHLIGHT,true,True,1,3,244,279,CONCEPTUAL_HINT,CONCEPTUAL_HINT,true,for loop condition
problem_suite_http,RULE,461,7,507005,problem_suite_http:RULE:c7:s507005:p305,305,305,merge-sorted-array,Merge Sorted Array,easy,array index management,partial_logic,partial_but_compiling,UNKNOWN,MEDIUM,True,1,2,1,4,5,CONCEPTUAL_HINT,true,True,1,4,245,274,CONCEPTUAL_HINT,CONCEPTUAL_HINT,true,logic block
problem_suite_http,RULE,462,7,507005,problem_suite_http:RULE:c7:s507005:p305,305,305,merge-sorted-array,Merge Sorted Array,easy,array index management,local_completion,locally_complete,UNKNOWN,LOW,True,3,0,2,5,6,CONCEPTUAL_HINT,true,True,1,5,254,283,NO_FEEDBACK,NO_FEEDBACK,true,logic block
problem_suite_http,RULE,463,7,507006,problem_suite_http:RULE:c7:s507006:p306,306,306,trapping-rain-water,Trapping Rain Water,hard,two pointers and running maxima,syntax,missing_statement_ending,SYNTAX_ERROR,HIGH,False,0,0,1,0,1,,,True,1,0,51,95,CODE_HIGHLIGHT,CODE_HIGHLIGHT,true,statement ending
problem_suite_http,RULE,464,7,507006,problem_suite_http:RULE:c7:s507006:p306,306,306,trapping-rain-water,Trapping Rain Water,hard,two pointers and running maxima,planning,unfinished_implementation,STUCK_NO_PROGRESS,LOW,True,0,3,1,1,2,CODE_HIGHLIGHT,true,True,2,1,252,296,GUIDING_QUESTION,GUIDING_QUESTION,true,unfinished implementation
problem_suite_http,RULE,465,7,507006,problem_suite_http:RULE:c7:s507006:p306,306,306,trapping-rain-water,Trapping Rain Water,hard,two pointers and running maxima,first_conceptual_error,wrong_condition_first,WRONG_CONDITION,MEDIUM,True,1,2,1,2,3,GUIDING_QUESTION,true,True,1,2,239,283,CONCEPTUAL_HINT,CONCEPTUAL_HINT,true,while condition
problem_suite_http,RULE,466,7,507006,problem_suite_http:RULE:c7:s507006:p306,306,306,trapping-rain-water,Trapping Rain Water,hard,two pointers and running maxima,repeated_conceptual_error,wrong_condition_repeat,WRONG_CONDITION,MEDIUM,True,1,2,2,3,4,CONCEPTUAL_HINT,true,True,1,3,249,286,CONCEPTUAL_HINT,CONCEPTUAL_HINT,true,while condition
problem_suite_http,RULE,467,7,507006,problem_suite_http:RULE:c7:s507006:p306,306,306,trapping-rain-water,Trapping Rain Water,hard,two pointers and running maxima,partial_logic,partial_but_compiling,UNKNOWN,MEDIUM,True,1,2,1,4,5,CONCEPTUAL_HINT,true,True,1,4,246,289,CONCEPTUAL_HINT,CONCEPTUAL_HINT,true,logic block
problem_suite_http,RULE,468,7,507006,problem_suite_http:RULE:c7:s507006:p306,306,306,trapping-rain-water,Trapping Rain Water,hard,two pointers and running maxima,local_completion,locally_complete,UNKNOWN,LOW,True,1,2,2,5,6,CONCEPTUAL_HINT,true,True,1,5,238,286,CONCEPTUAL_HINT,NO_FEEDBACK,false,logic block
problem_suite_http,RULE,469,7,507007,problem_suite_http:RULE:c7:s507007:p307,307,307,lru-cache,LRU Cache,medium,state update and eviction policy,syntax,missing_statement_ending,SYNTAX_ERROR,HIGH,False,0,0,1,0,1,,,True,1,0,48,68,CODE_HIGHLIGHT,CODE_HIGHLIGHT,true,statement ending
problem_suite_http,RULE,470,7,507007,problem_suite_http:RULE:c7:s507007:p307,307,307,lru-cache,LRU Cache,medium,state update and eviction policy,planning,unfinished_implementation,STUCK_NO_PROGRESS,LOW,True,0,3,1,1,2,CODE_HIGHLIGHT,true,True,2,1,241,262,GUIDING_QUESTION,GUIDING_QUESTION,true,unfinished implementation
problem_suite_http,RULE,471,7,507007,problem_suite_http:RULE:c7:s507007:p307,307,307,lru-cache,LRU Cache,medium,state update and eviction policy,first_conceptual_error,unknown_logic_first,UNKNOWN,MEDIUM,True,3,0,1,2,3,GUIDING_QUESTION,true,True,1,2,278,560,NO_FEEDBACK,CONCEPTUAL_HINT,false,logic block
problem_suite_http,RULE,472,7,507007,problem_suite_http:RULE:c7:s507007:p307,307,307,lru-cache,LRU Cache,medium,state update and eviction policy,repeated_conceptual_error,unknown_logic_repeat,UNKNOWN,MEDIUM,True,3,0,2,3,4,NO_FEEDBACK,false,True,1,3,242,278,NO_FEEDBACK,CONCEPTUAL_HINT,false,logic block
problem_suite_http,RULE,473,7,507007,problem_suite_http:RULE:c7:s507007:p307,307,307,lru-cache,LRU Cache,medium,state update and eviction policy,partial_logic,partial_but_compiling,UNKNOWN,MEDIUM,True,1,2,3,4,5,NO_FEEDBACK,false,True,1,4,248,286,CONCEPTUAL_HINT,CONCEPTUAL_HINT,true,logic block
problem_suite_http,RULE,474,7,507007,problem_suite_http:RULE:c7:s507007:p307,307,307,lru-cache,LRU Cache,medium,state update and eviction policy,local_completion,locally_complete,UNKNOWN,LOW,True,3,0,4,5,6,CONCEPTUAL_HINT,true,True,1,5,244,264,CONCEPTUAL_HINT,NO_FEEDBACK,false,logic block
problem_suite_http,RULE,475,7,507008,problem_suite_http:RULE:c7:s507008:p308,308,308,longest-substring,Longest Substring Without Repeating Characters,medium,sliding window invariant,syntax,missing_statement_ending,SYNTAX_ERROR,HIGH,False,0,0,1,0,1,,,True,1,0,46,83,CODE_HIGHLIGHT,CODE_HIGHLIGHT,true,statement ending
problem_suite_http,RULE,476,7,507008,problem_suite_http:RULE:c7:s507008:p308,308,308,longest-substring,Longest Substring Without Repeating Characters,medium,sliding window invariant,planning,unfinished_implementation,STUCK_NO_PROGRESS,LOW,True,0,3,1,1,2,CODE_HIGHLIGHT,true,True,2,1,241,277,GUIDING_QUESTION,GUIDING_QUESTION,true,unfinished implementation
problem_suite_http,RULE,477,7,507008,problem_suite_http:RULE:c7:s507008:p308,308,308,longest-substring,Longest Substring Without Repeating Characters,medium,sliding window invariant,first_conceptual_error,off_by_one_first,OFF_BY_ONE,MEDIUM,True,1,2,1,2,3,GUIDING_QUESTION,true,True,1,2,248,284,CODE_HIGHLIGHT,CODE_HIGHLIGHT,true,for loop condition
problem_suite_http,RULE,478,7,507008,problem_suite_http:RULE:c7:s507008:p308,308,308,longest-substring,Longest Substring Without Repeating Characters,medium,sliding window invariant,repeated_conceptual_error,off_by_one_repeat,OFF_BY_ONE,MEDIUM,True,1,2,2,3,4,CODE_HIGHLIGHT,true,True,1,3,249,292,CONCEPTUAL_HINT,CONCEPTUAL_HINT,true,for loop condition
problem_suite_http,RULE,479,7,507008,problem_suite_http:RULE:c7:s507008:p308,308,308,longest-substring,Longest Substring Without Repeating Characters,medium,sliding window invariant,partial_logic,partial_but_compiling,UNKNOWN,MEDIUM,True,1,2,1,4,5,CONCEPTUAL_HINT,true,True,1,4,259,280,CONCEPTUAL_HINT,CONCEPTUAL_HINT,true,logic block
problem_suite_http,RULE,480,7,507008,problem_suite_http:RULE:c7:s507008:p308,308,308,longest-substring,Longest Substring Without Repeating Characters,medium,sliding window invariant,local_completion,locally_complete,UNKNOWN,LOW,True,3,0,2,5,6,CONCEPTUAL_HINT,true,True,1,5,240,281,NO_FEEDBACK,NO_FEEDBACK,true,logic block
problem_suite_http,RULE,481,7,507009,problem_suite_http:RULE:c7:s507009:p309,309,309,reverse-linked-list,Reverse Linked List,easy,pointer update order,syntax,missing_statement_ending,SYNTAX_ERROR,HIGH,False,0,0,1,0,1,,,True,1,0,48,85,CODE_HIGHLIGHT,CODE_HIGHLIGHT,true,statement ending
problem_suite_http,RULE,482,7,507009,problem_suite_http:RULE:c7:s507009:p309,309,309,reverse-linked-list,Reverse Linked List,easy,pointer update order,planning,unfinished_implementation,STUCK_NO_PROGRESS,LOW,True,0,3,1,1,2,CODE_HIGHLIGHT,true,True,2,1,246,289,GUIDING_QUESTION,GUIDING_QUESTION,true,unfinished implementation
problem_suite_http,RULE,483,7,507009,problem_suite_http:RULE:c7:s507009:p309,309,309,reverse-linked-list,Reverse Linked List,easy,pointer update order,first_conceptual_error,wrong_condition_first,WRONG_CONDITION,MEDIUM,True,1,2,1,2,3,GUIDING_QUESTION,true,True,1,2,245,280,CONCEPTUAL_HINT,CONCEPTUAL_HINT,true,while condition
problem_suite_http,RULE,484,7,507009,problem_suite_http:RULE:c7:s507009:p309,309,309,reverse-linked-list,Reverse Linked List,easy,pointer update order,repeated_conceptual_error,wrong_condition_repeat,WRONG_CONDITION,MEDIUM,True,1,2,2,3,4,CONCEPTUAL_HINT,true,True,1,3,245,291,CONCEPTUAL_HINT,CONCEPTUAL_HINT,true,while condition
problem_suite_http,RULE,485,7,507009,problem_suite_http:RULE:c7:s507009:p309,309,309,reverse-linked-list,Reverse Linked List,easy,pointer update order,partial_logic,partial_but_compiling,UNKNOWN,MEDIUM,True,1,2,1,4,5,CONCEPTUAL_HINT,true,True,1,4,243,290,CONCEPTUAL_HINT,CONCEPTUAL_HINT,true,logic block
problem_suite_http,RULE,486,7,507009,problem_suite_http:RULE:c7:s507009:p309,309,309,reverse-linked-list,Reverse Linked List,easy,pointer update order,local_completion,locally_complete,UNKNOWN,LOW,True,3,0,2,5,6,CONCEPTUAL_HINT,true,True,1,5,243,265,NO_FEEDBACK,NO_FEEDBACK,true,logic block
problem_suite_http,RULE,487,7,507010,problem_suite_http:RULE:c7:s507010:p310,310,310,matrix-diagonal-sum,Matrix Diagonal Sum,easy,nested indexing and double counting,syntax,missing_statement_ending,SYNTAX_ERROR,HIGH,False,0,0,1,0,1,,,True,1,0,48,91,CODE_HIGHLIGHT,CODE_HIGHLIGHT,true,statement ending
problem_suite_http,RULE,488,7,507010,problem_suite_http:RULE:c7:s507010:p310,310,310,matrix-diagonal-sum,Matrix Diagonal Sum,easy,nested indexing and double counting,planning,unfinished_implementation,STUCK_NO_PROGRESS,LOW,True,0,3,1,1,2,CODE_HIGHLIGHT,true,True,2,1,249,291,GUIDING_QUESTION,GUIDING_QUESTION,true,unfinished implementation
problem_suite_http,RULE,489,7,507010,problem_suite_http:RULE:c7:s507010:p310,310,310,matrix-diagonal-sum,Matrix Diagonal Sum,easy,nested indexing and double counting,first_conceptual_error,off_by_one_first,OFF_BY_ONE,MEDIUM,True,1,2,1,2,3,GUIDING_QUESTION,true,True,1,2,249,279,CODE_HIGHLIGHT,CODE_HIGHLIGHT,true,for loop condition
problem_suite_http,RULE,490,7,507010,problem_suite_http:RULE:c7:s507010:p310,310,310,matrix-diagonal-sum,Matrix Diagonal Sum,easy,nested indexing and double counting,repeated_conceptual_error,off_by_one_repeat,OFF_BY_ONE,MEDIUM,True,1,2,2,3,4,CODE_HIGHLIGHT,true,True,1,3,245,287,CONCEPTUAL_HINT,CONCEPTUAL_HINT,true,for loop condition
problem_suite_http,RULE,491,7,507010,problem_suite_http:RULE:c7:s507010:p310,310,310,matrix-diagonal-sum,Matrix Diagonal Sum,easy,nested indexing and double counting,partial_logic,partial_but_compiling,UNKNOWN,MEDIUM,True,1,2,1,4,5,CONCEPTUAL_HINT,true,True,1,4,258,293,CONCEPTUAL_HINT,CONCEPTUAL_HINT,true,logic block
problem_suite_http,RULE,492,7,507010,problem_suite_http:RULE:c7:s507010:p310,310,310,matrix-diagonal-sum,Matrix Diagonal Sum,easy,nested indexing and double counting,local_completion,locally_complete,UNKNOWN,LOW,True,3,0,2,5,6,CONCEPTUAL_HINT,true,True,1,5,245,278,NO_FEEDBACK,NO_FEEDBACK,true,logic block
problem_suite_http,RULE,493,7,507011,problem_suite_http:RULE:c7:s507011:p311,311,311,roman-to-integer,Roman to Integer,easy,lookahead condition,syntax,missing_statement_ending,SYNTAX_ERROR,HIGH,False,0,0,1,0,1,,,True,1,0,47,79,CODE_HIGHLIGHT,CODE_HIGHLIGHT,true,statement ending
problem_suite_http,RULE,494,7,507011,problem_suite_http:RULE:c7:s507011:p311,311,311,roman-to-integer,Roman to Integer,easy,lookahead condition,planning,unfinished_implementation,STUCK_NO_PROGRESS,LOW,True,0,3,1,1,2,CODE_HIGHLIGHT,true,True,2,1,247,288,GUIDING_QUESTION,GUIDING_QUESTION,true,unfinished implementation
problem_suite_http,RULE,495,7,507011,problem_suite_http:RULE:c7:s507011:p311,311,311,roman-to-integer,Roman to Integer,easy,lookahead condition,first_conceptual_error,off_by_one_first,OFF_BY_ONE,MEDIUM,True,1,2,1,2,3,GUIDING_QUESTION,true,True,1,2,247,282,CODE_HIGHLIGHT,CODE_HIGHLIGHT,true,for loop condition
problem_suite_http,RULE,496,7,507011,problem_suite_http:RULE:c7:s507011:p311,311,311,roman-to-integer,Roman to Integer,easy,lookahead condition,repeated_conceptual_error,off_by_one_repeat,OFF_BY_ONE,MEDIUM,True,1,2,2,3,4,CODE_HIGHLIGHT,true,True,1,3,244,290,CONCEPTUAL_HINT,CONCEPTUAL_HINT,true,for loop condition
problem_suite_http,RULE,497,7,507011,problem_suite_http:RULE:c7:s507011:p311,311,311,roman-to-integer,Roman to Integer,easy,lookahead condition,partial_logic,partial_but_compiling,UNKNOWN,MEDIUM,True,1,2,1,4,5,CONCEPTUAL_HINT,true,True,1,4,248,296,CONCEPTUAL_HINT,CONCEPTUAL_HINT,true,logic block
problem_suite_http,RULE,498,7,507011,problem_suite_http:RULE:c7:s507011:p311,311,311,roman-to-integer,Roman to Integer,easy,lookahead condition,local_completion,locally_complete,UNKNOWN,LOW,True,3,0,2,5,6,CONCEPTUAL_HINT,true,True,1,5,243,281,NO_FEEDBACK,NO_FEEDBACK,true,logic block
problem_suite_http,RULE,499,7,507012,problem_suite_http:RULE:c7:s507012:p312,312,312,climbing-stairs,Climbing Stairs,easy,base cases and recurrence,syntax,missing_statement_ending,SYNTAX_ERROR,HIGH,False,0,0,1,0,1,,,True,1,0,48,86,CODE_HIGHLIGHT,CODE_HIGHLIGHT,true,statement ending
problem_suite_http,RULE,500,7,507012,problem_suite_http:RULE:c7:s507012:p312,312,312,climbing-stairs,Climbing Stairs,easy,base cases and recurrence,planning,unfinished_implementation,STUCK_NO_PROGRESS,LOW,True,0,3,1,1,2,CODE_HIGHLIGHT,true,True,2,1,247,293,GUIDING_QUESTION,GUIDING_QUESTION,true,unfinished implementation
problem_suite_http,RULE,501,7,507012,problem_suite_http:RULE:c7:s507012:p312,312,312,climbing-stairs,Climbing Stairs,easy,base cases and recurrence,first_conceptual_error,wrong_condition_first,WRONG_CONDITION,MEDIUM,True,1,2,1,2,3,GUIDING_QUESTION,true,True,1,2,254,296,CONCEPTUAL_HINT,CONCEPTUAL_HINT,true,while condition
problem_suite_http,RULE,502,7,507012,problem_suite_http:RULE:c7:s507012:p312,312,312,climbing-stairs,Climbing Stairs,easy,base cases and recurrence,repeated_conceptual_error,wrong_condition_repeat,WRONG_CONDITION,MEDIUM,True,1,2,2,3,4,CONCEPTUAL_HINT,true,True,1,3,249,289,CONCEPTUAL_HINT,CONCEPTUAL_HINT,true,while condition
problem_suite_http,RULE,503,7,507012,problem_suite_http:RULE:c7:s507012:p312,312,312,climbing-stairs,Climbing Stairs,easy,base cases and recurrence,partial_logic,partial_but_compiling,UNKNOWN,MEDIUM,True,1,2,1,4,5,CONCEPTUAL_HINT,true,True,1,4,260,295,CONCEPTUAL_HINT,CONCEPTUAL_HINT,true,logic block
problem_suite_http,RULE,504,7,507012,problem_suite_http:RULE:c7:s507012:p312,312,312,climbing-stairs,Climbing Stairs,easy,base cases and recurrence,local_completion,locally_complete,OFF_BY_ONE,LOW,True,1,2,1,5,6,CONCEPTUAL_HINT,true,True,1,5,249,283,CODE_HIGHLIGHT,NO_FEEDBACK,false,for loop condition
problem_suite_http,RULE,505,8,508001,problem_suite_http:RULE:c8:s508001:p301,301,301,palindrome,Valid Palindrome,easy,two pointers and string normalization,syntax,missing_statement_ending,SYNTAX_ERROR,HIGH,False,0,0,1,0,1,,,True,1,0,48,87,CODE_HIGHLIGHT,CODE_HIGHLIGHT,true,statement ending
problem_suite_http,RULE,506,8,508001,problem_suite_http:RULE:c8:s508001:p301,301,301,palindrome,Valid Palindrome,easy,two pointers and string normalization,planning,unfinished_implementation,STUCK_NO_PROGRESS,LOW,True,0,3,1,1,2,CODE_HIGHLIGHT,true,True,2,1,237,283,GUIDING_QUESTION,GUIDING_QUESTION,true,unfinished implementation
problem_suite_http,RULE,507,8,508001,problem_suite_http:RULE:c8:s508001:p301,301,301,palindrome,Valid Palindrome,easy,two pointers and string normalization,first_conceptual_error,possible_null_access_first,POSSIBLE_NULL_ACCESS,MEDIUM,True,3,0,1,2,3,GUIDING_QUESTION,true,True,1,2,252,289,CODE_HIGHLIGHT,CODE_HIGHLIGHT,true,missing null or empty guard
problem_suite_http,RULE,508,8,508001,problem_suite_http:RULE:c8:s508001:p301,301,301,palindrome,Valid Palindrome,easy,two pointers and string normalization,repeated_conceptual_error,possible_null_access_repeat,POSSIBLE_NULL_ACCESS,MEDIUM,True,3,0,2,3,4,CODE_HIGHLIGHT,true,True,1,3,257,297,CONCEPTUAL_HINT,CONCEPTUAL_HINT,true,missing null or empty guard
problem_suite_http,RULE,509,8,508001,problem_suite_http:RULE:c8:s508001:p301,301,301,palindrome,Valid Palindrome,easy,two pointers and string normalization,partial_logic,partial_but_compiling,UNKNOWN,MEDIUM,True,1,2,1,4,5,CONCEPTUAL_HINT,true,True,1,4,260,294,CONCEPTUAL_HINT,CONCEPTUAL_HINT,true,logic block
problem_suite_http,RULE,510,8,508001,problem_suite_http:RULE:c8:s508001:p301,301,301,palindrome,Valid Palindrome,easy,two pointers and string normalization,local_completion,locally_complete,WRONG_CONDITION,LOW,True,1,2,1,5,6,CONCEPTUAL_HINT,true,True,1,5,283,312,CONCEPTUAL_HINT,NO_FEEDBACK,false,while condition
problem_suite_http,RULE,511,8,508002,problem_suite_http:RULE:c8:s508002:p302,302,302,two-sum,Two Sum,easy,hash map lookup and pair search,syntax,missing_statement_ending,SYNTAX_ERROR,HIGH,False,0,0,1,0,1,,,True,1,0,47,93,CODE_HIGHLIGHT,CODE_HIGHLIGHT,true,statement ending
problem_suite_http,RULE,512,8,508002,problem_suite_http:RULE:c8:s508002:p302,302,302,two-sum,Two Sum,easy,hash map lookup and pair search,planning,unfinished_implementation,STUCK_NO_PROGRESS,LOW,True,0,3,1,1,2,CODE_HIGHLIGHT,true,True,2,1,267,314,GUIDING_QUESTION,GUIDING_QUESTION,true,unfinished implementation
problem_suite_http,RULE,513,8,508002,problem_suite_http:RULE:c8:s508002:p302,302,302,two-sum,Two Sum,easy,hash map lookup and pair search,first_conceptual_error,off_by_one_first,OFF_BY_ONE,MEDIUM,True,1,2,1,2,3,GUIDING_QUESTION,true,True,1,2,243,284,CODE_HIGHLIGHT,CODE_HIGHLIGHT,true,for loop condition
problem_suite_http,RULE,514,8,508002,problem_suite_http:RULE:c8:s508002:p302,302,302,two-sum,Two Sum,easy,hash map lookup and pair search,repeated_conceptual_error,off_by_one_repeat,OFF_BY_ONE,MEDIUM,True,1,2,2,3,4,CODE_HIGHLIGHT,true,True,1,3,244,291,CONCEPTUAL_HINT,CONCEPTUAL_HINT,true,for loop condition
problem_suite_http,RULE,515,8,508002,problem_suite_http:RULE:c8:s508002:p302,302,302,two-sum,Two Sum,easy,hash map lookup and pair search,partial_logic,partial_but_compiling,UNKNOWN,MEDIUM,True,1,2,1,4,5,CONCEPTUAL_HINT,true,True,1,4,248,281,CONCEPTUAL_HINT,CONCEPTUAL_HINT,true,logic block
problem_suite_http,RULE,516,8,508002,problem_suite_http:RULE:c8:s508002:p302,302,302,two-sum,Two Sum,easy,hash map lookup and pair search,local_completion,locally_complete,UNKNOWN,LOW,True,3,0,2,5,6,CONCEPTUAL_HINT,true,True,1,5,255,287,NO_FEEDBACK,NO_FEEDBACK,true,logic block
problem_suite_http,RULE,517,8,508003,problem_suite_http:RULE:c8:s508003:p303,303,303,valid-parentheses,Valid Parentheses,easy,stack state and matching brackets,syntax,missing_statement_ending,SYNTAX_ERROR,HIGH,False,0,0,1,0,1,,,True,1,0,47,82,CODE_HIGHLIGHT,CODE_HIGHLIGHT,true,statement ending
problem_suite_http,RULE,518,8,508003,problem_suite_http:RULE:c8:s508003:p303,303,303,valid-parentheses,Valid Parentheses,easy,stack state and matching brackets,planning,unfinished_implementation,STUCK_NO_PROGRESS,LOW,True,0,3,1,1,2,CODE_HIGHLIGHT,true,True,2,1,243,290,GUIDING_QUESTION,GUIDING_QUESTION,true,unfinished implementation
problem_suite_http,RULE,519,8,508003,problem_suite_http:RULE:c8:s508003:p303,303,303,valid-parentheses,Valid Parentheses,easy,stack state and matching brackets,first_conceptual_error,possible_null_access_first,UNKNOWN,MEDIUM,True,3,0,1,2,3,GUIDING_QUESTION,true,True,1,2,247,278,NO_FEEDBACK,CODE_HIGHLIGHT,false,logic block
problem_suite_http,RULE,520,8,508003,problem_suite_http:RULE:c8:s508003:p303,303,303,valid-parentheses,Valid Parentheses,easy,stack state and matching brackets,repeated_conceptual_error,possible_null_access_repeat,UNKNOWN,MEDIUM,True,3,0,2,3,4,NO_FEEDBACK,false,True,1,3,256,303,NO_FEEDBACK,CONCEPTUAL_HINT,false,logic block
problem_suite_http,RULE,521,8,508003,problem_suite_http:RULE:c8:s508003:p303,303,303,valid-parentheses,Valid Parentheses,easy,stack state and matching brackets,partial_logic,partial_but_compiling,UNKNOWN,MEDIUM,True,1,2,3,4,5,NO_FEEDBACK,false,True,1,4,246,278,CONCEPTUAL_HINT,CONCEPTUAL_HINT,true,logic block
problem_suite_http,RULE,522,8,508003,problem_suite_http:RULE:c8:s508003:p303,303,303,valid-parentheses,Valid Parentheses,easy,stack state and matching brackets,local_completion,locally_complete,UNKNOWN,LOW,True,3,0,4,5,6,CONCEPTUAL_HINT,true,True,1,5,248,283,CONCEPTUAL_HINT,NO_FEEDBACK,false,logic block
problem_suite_http,RULE,523,8,508004,problem_suite_http:RULE:c8:s508004:p304,304,304,binary-search,Binary Search,easy,search interval invariant,syntax,missing_statement_ending,SYNTAX_ERROR,HIGH,False,0,0,1,0,1,,,True,1,0,49,91,CODE_HIGHLIGHT,CODE_HIGHLIGHT,true,statement ending
problem_suite_http,RULE,524,8,508004,problem_suite_http:RULE:c8:s508004:p304,304,304,binary-search,Binary Search,easy,search interval invariant,planning,unfinished_implementation,STUCK_NO_PROGRESS,LOW,True,0,3,1,1,2,CODE_HIGHLIGHT,true,True,2,1,248,268,GUIDING_QUESTION,GUIDING_QUESTION,true,unfinished implementation
problem_suite_http,RULE,525,8,508004,problem_suite_http:RULE:c8:s508004:p304,304,304,binary-search,Binary Search,easy,search interval invariant,first_conceptual_error,wrong_loop_boundary_first,WRONG_LOOP_BOUNDARY,MEDIUM,True,1,2,1,2,3,GUIDING_QUESTION,true,True,1,2,253,285,CODE_HIGHLIGHT,CODE_HIGHLIGHT,true,binary search loop boundary
problem_suite_http,RULE,526,8,508004,problem_suite_http:RULE:c8:s508004:p304,304,304,binary-search,Binary Search,easy,search interval invariant,repeated_conceptual_error,wrong_loop_boundary_repeat,WRONG_LOOP_BOUNDARY,MEDIUM,True,1,2,2,3,4,CODE_HIGHLIGHT,true,True,1,3,244,285,CONCEPTUAL_HINT,CONCEPTUAL_HINT,true,binary search loop boundary
problem_suite_http,RULE,527,8,508004,problem_suite_http:RULE:c8:s508004:p304,304,304,binary-search,Binary Search,easy,search interval invariant,partial_logic,partial_but_compiling,UNKNOWN,MEDIUM,True,1,2,1,4,5,CONCEPTUAL_HINT,true,True,1,4,250,284,CONCEPTUAL_HINT,CONCEPTUAL_HINT,true,logic block
problem_suite_http,RULE,528,8,508004,problem_suite_http:RULE:c8:s508004:p304,304,304,binary-search,Binary Search,easy,search interval invariant,local_completion,locally_complete,UNKNOWN,LOW,True,3,0,2,5,6,CONCEPTUAL_HINT,true,True,1,5,251,294,NO_FEEDBACK,NO_FEEDBACK,true,logic block
problem_suite_http,RULE,529,8,508005,problem_suite_http:RULE:c8:s508005:p305,305,305,merge-sorted-array,Merge Sorted Array,easy,array index management,syntax,missing_statement_ending,SYNTAX_ERROR,HIGH,False,0,0,1,0,1,,,True,1,0,45,85,CODE_HIGHLIGHT,CODE_HIGHLIGHT,true,statement ending
problem_suite_http,RULE,530,8,508005,problem_suite_http:RULE:c8:s508005:p305,305,305,merge-sorted-array,Merge Sorted Array,easy,array index management,planning,unfinished_implementation,STUCK_NO_PROGRESS,LOW,True,0,3,1,1,2,CODE_HIGHLIGHT,true,True,2,1,248,282,GUIDING_QUESTION,GUIDING_QUESTION,true,unfinished implementation
problem_suite_http,RULE,531,8,508005,problem_suite_http:RULE:c8:s508005:p305,305,305,merge-sorted-array,Merge Sorted Array,easy,array index management,first_conceptual_error,off_by_one_first,OFF_BY_ONE,MEDIUM,True,1,2,1,2,3,GUIDING_QUESTION,true,True,1,2,242,288,CODE_HIGHLIGHT,CODE_HIGHLIGHT,true,for loop condition
problem_suite_http,RULE,532,8,508005,problem_suite_http:RULE:c8:s508005:p305,305,305,merge-sorted-array,Merge Sorted Array,easy,array index management,repeated_conceptual_error,off_by_one_repeat,OFF_BY_ONE,MEDIUM,True,1,2,2,3,4,CODE_HIGHLIGHT,true,True,1,3,260,297,CONCEPTUAL_HINT,CONCEPTUAL_HINT,true,for loop condition
problem_suite_http,RULE,533,8,508005,problem_suite_http:RULE:c8:s508005:p305,305,305,merge-sorted-array,Merge Sorted Array,easy,array index management,partial_logic,partial_but_compiling,UNKNOWN,MEDIUM,True,1,2,1,4,5,CONCEPTUAL_HINT,true,True,1,4,260,304,CONCEPTUAL_HINT,CONCEPTUAL_HINT,true,logic block
problem_suite_http,RULE,534,8,508005,problem_suite_http:RULE:c8:s508005:p305,305,305,merge-sorted-array,Merge Sorted Array,easy,array index management,local_completion,locally_complete,UNKNOWN,LOW,True,3,0,2,5,6,CONCEPTUAL_HINT,true,True,1,5,248,278,NO_FEEDBACK,NO_FEEDBACK,true,logic block
problem_suite_http,RULE,535,8,508006,problem_suite_http:RULE:c8:s508006:p306,306,306,trapping-rain-water,Trapping Rain Water,hard,two pointers and running maxima,syntax,missing_statement_ending,SYNTAX_ERROR,HIGH,False,0,0,1,0,1,,,True,1,0,48,91,CODE_HIGHLIGHT,CODE_HIGHLIGHT,true,statement ending
problem_suite_http,RULE,536,8,508006,problem_suite_http:RULE:c8:s508006:p306,306,306,trapping-rain-water,Trapping Rain Water,hard,two pointers and running maxima,planning,unfinished_implementation,STUCK_NO_PROGRESS,LOW,True,0,3,1,1,2,CODE_HIGHLIGHT,true,True,2,1,242,287,GUIDING_QUESTION,GUIDING_QUESTION,true,unfinished implementation
problem_suite_http,RULE,537,8,508006,problem_suite_http:RULE:c8:s508006:p306,306,306,trapping-rain-water,Trapping Rain Water,hard,two pointers and running maxima,first_conceptual_error,wrong_condition_first,WRONG_CONDITION,MEDIUM,True,1,2,1,2,3,GUIDING_QUESTION,true,True,1,2,248,280,CONCEPTUAL_HINT,CONCEPTUAL_HINT,true,while condition
problem_suite_http,RULE,538,8,508006,problem_suite_http:RULE:c8:s508006:p306,306,306,trapping-rain-water,Trapping Rain Water,hard,two pointers and running maxima,repeated_conceptual_error,wrong_condition_repeat,WRONG_CONDITION,MEDIUM,True,1,2,2,3,4,CONCEPTUAL_HINT,true,True,1,3,246,278,CONCEPTUAL_HINT,CONCEPTUAL_HINT,true,while condition
problem_suite_http,RULE,539,8,508006,problem_suite_http:RULE:c8:s508006:p306,306,306,trapping-rain-water,Trapping Rain Water,hard,two pointers and running maxima,partial_logic,partial_but_compiling,UNKNOWN,MEDIUM,True,1,2,1,4,5,CONCEPTUAL_HINT,true,True,1,4,239,288,CONCEPTUAL_HINT,CONCEPTUAL_HINT,true,logic block
problem_suite_http,RULE,540,8,508006,problem_suite_http:RULE:c8:s508006:p306,306,306,trapping-rain-water,Trapping Rain Water,hard,two pointers and running maxima,local_completion,locally_complete,UNKNOWN,LOW,True,1,2,2,5,6,CONCEPTUAL_HINT,true,True,1,5,241,262,CONCEPTUAL_HINT,NO_FEEDBACK,false,logic block
problem_suite_http,RULE,541,8,508007,problem_suite_http:RULE:c8:s508007:p307,307,307,lru-cache,LRU Cache,medium,state update and eviction policy,syntax,missing_statement_ending,SYNTAX_ERROR,HIGH,False,0,0,1,0,1,,,True,1,0,47,84,CODE_HIGHLIGHT,CODE_HIGHLIGHT,true,statement ending
problem_suite_http,RULE,542,8,508007,problem_suite_http:RULE:c8:s508007:p307,307,307,lru-cache,LRU Cache,medium,state update and eviction policy,planning,unfinished_implementation,STUCK_NO_PROGRESS,LOW,True,0,3,1,1,2,CODE_HIGHLIGHT,true,True,2,1,293,337,GUIDING_QUESTION,GUIDING_QUESTION,true,unfinished implementation
problem_suite_http,RULE,543,8,508007,problem_suite_http:RULE:c8:s508007:p307,307,307,lru-cache,LRU Cache,medium,state update and eviction policy,first_conceptual_error,unknown_logic_first,UNKNOWN,MEDIUM,True,3,0,1,2,3,GUIDING_QUESTION,true,True,1,2,332,356,NO_FEEDBACK,CONCEPTUAL_HINT,false,logic block
problem_suite_http,RULE,544,8,508007,problem_suite_http:RULE:c8:s508007:p307,307,307,lru-cache,LRU Cache,medium,state update and eviction policy,repeated_conceptual_error,unknown_logic_repeat,UNKNOWN,MEDIUM,True,3,0,2,3,4,NO_FEEDBACK,false,True,1,3,321,359,NO_FEEDBACK,CONCEPTUAL_HINT,false,logic block
problem_suite_http,RULE,545,8,508007,problem_suite_http:RULE:c8:s508007:p307,307,307,lru-cache,LRU Cache,medium,state update and eviction policy,partial_logic,partial_but_compiling,UNKNOWN,MEDIUM,True,1,2,3,4,5,NO_FEEDBACK,false,True,1,4,259,280,CONCEPTUAL_HINT,CONCEPTUAL_HINT,true,logic block
problem_suite_http,RULE,546,8,508007,problem_suite_http:RULE:c8:s508007:p307,307,307,lru-cache,LRU Cache,medium,state update and eviction policy,local_completion,locally_complete,UNKNOWN,LOW,True,3,0,4,5,6,CONCEPTUAL_HINT,true,True,1,5,268,288,CONCEPTUAL_HINT,NO_FEEDBACK,false,logic block
problem_suite_http,RULE,547,8,508008,problem_suite_http:RULE:c8:s508008:p308,308,308,longest-substring,Longest Substring Without Repeating Characters,medium,sliding window invariant,syntax,missing_statement_ending,SYNTAX_ERROR,HIGH,False,0,0,1,0,1,,,True,1,0,48,90,CODE_HIGHLIGHT,CODE_HIGHLIGHT,true,statement ending
problem_suite_http,RULE,548,8,508008,problem_suite_http:RULE:c8:s508008:p308,308,308,longest-substring,Longest Substring Without Repeating Characters,medium,sliding window invariant,planning,unfinished_implementation,STUCK_NO_PROGRESS,LOW,True,0,3,1,1,2,CODE_HIGHLIGHT,true,True,2,1,249,295,GUIDING_QUESTION,GUIDING_QUESTION,true,unfinished implementation
problem_suite_http,RULE,549,8,508008,problem_suite_http:RULE:c8:s508008:p308,308,308,longest-substring,Longest Substring Without Repeating Characters,medium,sliding window invariant,first_conceptual_error,off_by_one_first,OFF_BY_ONE,MEDIUM,True,1,2,1,2,3,GUIDING_QUESTION,true,True,1,2,289,330,CODE_HIGHLIGHT,CODE_HIGHLIGHT,true,for loop condition
problem_suite_http,RULE,550,8,508008,problem_suite_http:RULE:c8:s508008:p308,308,308,longest-substring,Longest Substring Without Repeating Characters,medium,sliding window invariant,repeated_conceptual_error,off_by_one_repeat,OFF_BY_ONE,MEDIUM,True,1,2,2,3,4,CODE_HIGHLIGHT,true,True,1,3,243,261,CONCEPTUAL_HINT,CONCEPTUAL_HINT,true,for loop condition
problem_suite_http,RULE,551,8,508008,problem_suite_http:RULE:c8:s508008:p308,308,308,longest-substring,Longest Substring Without Repeating Characters,medium,sliding window invariant,partial_logic,partial_but_compiling,UNKNOWN,MEDIUM,True,1,2,1,4,5,CONCEPTUAL_HINT,true,True,1,4,273,309,CONCEPTUAL_HINT,CONCEPTUAL_HINT,true,logic block
problem_suite_http,RULE,552,8,508008,problem_suite_http:RULE:c8:s508008:p308,308,308,longest-substring,Longest Substring Without Repeating Characters,medium,sliding window invariant,local_completion,locally_complete,UNKNOWN,LOW,True,3,0,2,5,6,CONCEPTUAL_HINT,true,True,1,5,252,286,NO_FEEDBACK,NO_FEEDBACK,true,logic block
problem_suite_http,RULE,553,8,508009,problem_suite_http:RULE:c8:s508009:p309,309,309,reverse-linked-list,Reverse Linked List,easy,pointer update order,syntax,missing_statement_ending,SYNTAX_ERROR,HIGH,False,0,0,1,0,1,,,True,1,0,48,90,CODE_HIGHLIGHT,CODE_HIGHLIGHT,true,statement ending
problem_suite_http,RULE,554,8,508009,problem_suite_http:RULE:c8:s508009:p309,309,309,reverse-linked-list,Reverse Linked List,easy,pointer update order,planning,unfinished_implementation,STUCK_NO_PROGRESS,LOW,True,0,3,1,1,2,CODE_HIGHLIGHT,true,True,2,1,249,279,GUIDING_QUESTION,GUIDING_QUESTION,true,unfinished implementation
problem_suite_http,RULE,555,8,508009,problem_suite_http:RULE:c8:s508009:p309,309,309,reverse-linked-list,Reverse Linked List,easy,pointer update order,first_conceptual_error,wrong_condition_first,WRONG_CONDITION,MEDIUM,True,1,2,1,2,3,GUIDING_QUESTION,true,True,1,2,250,270,CONCEPTUAL_HINT,CONCEPTUAL_HINT,true,while condition
problem_suite_http,RULE,556,8,508009,problem_suite_http:RULE:c8:s508009:p309,309,309,reverse-linked-list,Reverse Linked List,easy,pointer update order,repeated_conceptual_error,wrong_condition_repeat,WRONG_CONDITION,MEDIUM,True,1,2,2,3,4,CONCEPTUAL_HINT,true,True,1,3,251,292,CONCEPTUAL_HINT,CONCEPTUAL_HINT,true,while condition
problem_suite_http,RULE,557,8,508009,problem_suite_http:RULE:c8:s508009:p309,309,309,reverse-linked-list,Reverse Linked List,easy,pointer update order,partial_logic,partial_but_compiling,UNKNOWN,MEDIUM,True,1,2,1,4,5,CONCEPTUAL_HINT,true,True,1,4,261,299,CONCEPTUAL_HINT,CONCEPTUAL_HINT,true,logic block
problem_suite_http,RULE,558,8,508009,problem_suite_http:RULE:c8:s508009:p309,309,309,reverse-linked-list,Reverse Linked List,easy,pointer update order,local_completion,locally_complete,UNKNOWN,LOW,True,3,0,2,5,6,CONCEPTUAL_HINT,true,True,1,5,243,284,NO_FEEDBACK,NO_FEEDBACK,true,logic block
problem_suite_http,RULE,559,8,508010,problem_suite_http:RULE:c8:s508010:p310,310,310,matrix-diagonal-sum,Matrix Diagonal Sum,easy,nested indexing and double counting,syntax,missing_statement_ending,SYNTAX_ERROR,HIGH,False,0,0,1,0,1,,,True,1,0,48,80,CODE_HIGHLIGHT,CODE_HIGHLIGHT,true,statement ending
problem_suite_http,RULE,560,8,508010,problem_suite_http:RULE:c8:s508010:p310,310,310,matrix-diagonal-sum,Matrix Diagonal Sum,easy,nested indexing and double counting,planning,unfinished_implementation,STUCK_NO_PROGRESS,LOW,True,0,3,1,1,2,CODE_HIGHLIGHT,true,True,2,1,249,292,GUIDING_QUESTION,GUIDING_QUESTION,true,unfinished implementation
problem_suite_http,RULE,561,8,508010,problem_suite_http:RULE:c8:s508010:p310,310,310,matrix-diagonal-sum,Matrix Diagonal Sum,easy,nested indexing and double counting,first_conceptual_error,off_by_one_first,OFF_BY_ONE,MEDIUM,True,1,2,1,2,3,GUIDING_QUESTION,true,True,1,2,247,277,CODE_HIGHLIGHT,CODE_HIGHLIGHT,true,for loop condition
problem_suite_http,RULE,562,8,508010,problem_suite_http:RULE:c8:s508010:p310,310,310,matrix-diagonal-sum,Matrix Diagonal Sum,easy,nested indexing and double counting,repeated_conceptual_error,off_by_one_repeat,OFF_BY_ONE,MEDIUM,True,1,2,2,3,4,CODE_HIGHLIGHT,true,True,1,3,251,297,CONCEPTUAL_HINT,CONCEPTUAL_HINT,true,for loop condition
problem_suite_http,RULE,563,8,508010,problem_suite_http:RULE:c8:s508010:p310,310,310,matrix-diagonal-sum,Matrix Diagonal Sum,easy,nested indexing and double counting,partial_logic,partial_but_compiling,UNKNOWN,MEDIUM,True,1,2,1,4,5,CONCEPTUAL_HINT,true,True,1,4,245,287,CONCEPTUAL_HINT,CONCEPTUAL_HINT,true,logic block
problem_suite_http,RULE,564,8,508010,problem_suite_http:RULE:c8:s508010:p310,310,310,matrix-diagonal-sum,Matrix Diagonal Sum,easy,nested indexing and double counting,local_completion,locally_complete,UNKNOWN,LOW,True,3,0,2,5,6,CONCEPTUAL_HINT,true,True,1,5,246,267,NO_FEEDBACK,NO_FEEDBACK,true,logic block
problem_suite_http,RULE,565,8,508011,problem_suite_http:RULE:c8:s508011:p311,311,311,roman-to-integer,Roman to Integer,easy,lookahead condition,syntax,missing_statement_ending,SYNTAX_ERROR,HIGH,False,0,0,1,0,1,,,True,1,0,48,70,CODE_HIGHLIGHT,CODE_HIGHLIGHT,true,statement ending
problem_suite_http,RULE,566,8,508011,problem_suite_http:RULE:c8:s508011:p311,311,311,roman-to-integer,Roman to Integer,easy,lookahead condition,planning,unfinished_implementation,STUCK_NO_PROGRESS,LOW,True,0,3,1,1,2,CODE_HIGHLIGHT,true,True,2,1,264,298,GUIDING_QUESTION,GUIDING_QUESTION,true,unfinished implementation
problem_suite_http,RULE,567,8,508011,problem_suite_http:RULE:c8:s508011:p311,311,311,roman-to-integer,Roman to Integer,easy,lookahead condition,first_conceptual_error,off_by_one_first,OFF_BY_ONE,MEDIUM,True,1,2,1,2,3,GUIDING_QUESTION,true,True,1,2,249,295,CODE_HIGHLIGHT,CODE_HIGHLIGHT,true,for loop condition
problem_suite_http,RULE,568,8,508011,problem_suite_http:RULE:c8:s508011:p311,311,311,roman-to-integer,Roman to Integer,easy,lookahead condition,repeated_conceptual_error,off_by_one_repeat,OFF_BY_ONE,MEDIUM,True,1,2,2,3,4,CODE_HIGHLIGHT,true,True,1,3,241,279,CONCEPTUAL_HINT,CONCEPTUAL_HINT,true,for loop condition
problem_suite_http,RULE,569,8,508011,problem_suite_http:RULE:c8:s508011:p311,311,311,roman-to-integer,Roman to Integer,easy,lookahead condition,partial_logic,partial_but_compiling,UNKNOWN,MEDIUM,True,1,2,1,4,5,CONCEPTUAL_HINT,true,True,1,4,244,279,CONCEPTUAL_HINT,CONCEPTUAL_HINT,true,logic block
problem_suite_http,RULE,570,8,508011,problem_suite_http:RULE:c8:s508011:p311,311,311,roman-to-integer,Roman to Integer,easy,lookahead condition,local_completion,locally_complete,UNKNOWN,LOW,True,3,0,2,5,6,CONCEPTUAL_HINT,true,True,1,5,249,288,NO_FEEDBACK,NO_FEEDBACK,true,logic block
problem_suite_http,RULE,571,8,508012,problem_suite_http:RULE:c8:s508012:p312,312,312,climbing-stairs,Climbing Stairs,easy,base cases and recurrence,syntax,missing_statement_ending,SYNTAX_ERROR,HIGH,False,0,0,1,0,1,,,True,1,0,50,70,CODE_HIGHLIGHT,CODE_HIGHLIGHT,true,statement ending
problem_suite_http,RULE,572,8,508012,problem_suite_http:RULE:c8:s508012:p312,312,312,climbing-stairs,Climbing Stairs,easy,base cases and recurrence,planning,unfinished_implementation,STUCK_NO_PROGRESS,LOW,True,0,3,1,1,2,CODE_HIGHLIGHT,true,True,2,1,242,278,GUIDING_QUESTION,GUIDING_QUESTION,true,unfinished implementation
problem_suite_http,RULE,573,8,508012,problem_suite_http:RULE:c8:s508012:p312,312,312,climbing-stairs,Climbing Stairs,easy,base cases and recurrence,first_conceptual_error,wrong_condition_first,WRONG_CONDITION,MEDIUM,True,1,2,1,2,3,GUIDING_QUESTION,true,True,1,2,241,279,CONCEPTUAL_HINT,CONCEPTUAL_HINT,true,while condition
problem_suite_http,RULE,574,8,508012,problem_suite_http:RULE:c8:s508012:p312,312,312,climbing-stairs,Climbing Stairs,easy,base cases and recurrence,repeated_conceptual_error,wrong_condition_repeat,WRONG_CONDITION,MEDIUM,True,1,2,2,3,4,CONCEPTUAL_HINT,true,True,1,3,241,269,CONCEPTUAL_HINT,CONCEPTUAL_HINT,true,while condition
problem_suite_http,RULE,575,8,508012,problem_suite_http:RULE:c8:s508012:p312,312,312,climbing-stairs,Climbing Stairs,easy,base cases and recurrence,partial_logic,partial_but_compiling,UNKNOWN,MEDIUM,True,1,2,1,4,5,CONCEPTUAL_HINT,true,True,1,4,251,290,CONCEPTUAL_HINT,CONCEPTUAL_HINT,true,logic block
problem_suite_http,RULE,576,8,508012,problem_suite_http:RULE:c8:s508012:p312,312,312,climbing-stairs,Climbing Stairs,easy,base cases and recurrence,local_completion,locally_complete,OFF_BY_ONE,LOW,True,1,2,1,5,6,CONCEPTUAL_HINT,true,True,1,5,251,295,CODE_HIGHLIGHT,NO_FEEDBACK,false,for loop condition
problem_suite_http,RULE,577,9,509001,problem_suite_http:RULE:c9:s509001:p301,301,301,palindrome,Valid Palindrome,easy,two pointers and string normalization,syntax,missing_statement_ending,SYNTAX_ERROR,HIGH,False,0,0,1,0,1,,,True,1,0,47,85,CODE_HIGHLIGHT,CODE_HIGHLIGHT,true,statement ending
problem_suite_http,RULE,578,9,509001,problem_suite_http:RULE:c9:s509001:p301,301,301,palindrome,Valid Palindrome,easy,two pointers and string normalization,planning,unfinished_implementation,STUCK_NO_PROGRESS,LOW,True,0,3,1,1,2,CODE_HIGHLIGHT,true,True,2,1,249,293,GUIDING_QUESTION,GUIDING_QUESTION,true,unfinished implementation
problem_suite_http,RULE,579,9,509001,problem_suite_http:RULE:c9:s509001:p301,301,301,palindrome,Valid Palindrome,easy,two pointers and string normalization,first_conceptual_error,possible_null_access_first,POSSIBLE_NULL_ACCESS,MEDIUM,True,3,0,1,2,3,GUIDING_QUESTION,true,True,1,2,258,302,CODE_HIGHLIGHT,CODE_HIGHLIGHT,true,missing null or empty guard
problem_suite_http,RULE,580,9,509001,problem_suite_http:RULE:c9:s509001:p301,301,301,palindrome,Valid Palindrome,easy,two pointers and string normalization,repeated_conceptual_error,possible_null_access_repeat,POSSIBLE_NULL_ACCESS,MEDIUM,True,3,0,2,3,4,CODE_HIGHLIGHT,true,True,1,3,252,293,CONCEPTUAL_HINT,CONCEPTUAL_HINT,true,missing null or empty guard
problem_suite_http,RULE,581,9,509001,problem_suite_http:RULE:c9:s509001:p301,301,301,palindrome,Valid Palindrome,easy,two pointers and string normalization,partial_logic,partial_but_compiling,UNKNOWN,MEDIUM,True,1,2,1,4,5,CONCEPTUAL_HINT,true,True,1,4,253,295,CONCEPTUAL_HINT,CONCEPTUAL_HINT,true,logic block
problem_suite_http,RULE,582,9,509001,problem_suite_http:RULE:c9:s509001:p301,301,301,palindrome,Valid Palindrome,easy,two pointers and string normalization,local_completion,locally_complete,WRONG_CONDITION,LOW,True,1,2,1,5,6,CONCEPTUAL_HINT,true,True,1,5,267,307,CONCEPTUAL_HINT,NO_FEEDBACK,false,while condition
problem_suite_http,RULE,583,9,509002,problem_suite_http:RULE:c9:s509002:p302,302,302,two-sum,Two Sum,easy,hash map lookup and pair search,syntax,missing_statement_ending,SYNTAX_ERROR,HIGH,False,0,0,1,0,1,,,True,1,0,57,79,CODE_HIGHLIGHT,CODE_HIGHLIGHT,true,statement ending
problem_suite_http,RULE,584,9,509002,problem_suite_http:RULE:c9:s509002:p302,302,302,two-sum,Two Sum,easy,hash map lookup and pair search,planning,unfinished_implementation,STUCK_NO_PROGRESS,LOW,True,0,3,1,1,2,CODE_HIGHLIGHT,true,True,2,1,246,285,GUIDING_QUESTION,GUIDING_QUESTION,true,unfinished implementation
problem_suite_http,RULE,585,9,509002,problem_suite_http:RULE:c9:s509002:p302,302,302,two-sum,Two Sum,easy,hash map lookup and pair search,first_conceptual_error,off_by_one_first,OFF_BY_ONE,MEDIUM,True,1,2,1,2,3,GUIDING_QUESTION,true,True,1,2,240,276,CODE_HIGHLIGHT,CODE_HIGHLIGHT,true,for loop condition
problem_suite_http,RULE,586,9,509002,problem_suite_http:RULE:c9:s509002:p302,302,302,two-sum,Two Sum,easy,hash map lookup and pair search,repeated_conceptual_error,off_by_one_repeat,OFF_BY_ONE,MEDIUM,True,1,2,2,3,4,CODE_HIGHLIGHT,true,True,1,3,243,280,CONCEPTUAL_HINT,CONCEPTUAL_HINT,true,for loop condition
problem_suite_http,RULE,587,9,509002,problem_suite_http:RULE:c9:s509002:p302,302,302,two-sum,Two Sum,easy,hash map lookup and pair search,partial_logic,partial_but_compiling,UNKNOWN,MEDIUM,True,1,2,1,4,5,CONCEPTUAL_HINT,true,True,1,4,249,280,CONCEPTUAL_HINT,CONCEPTUAL_HINT,true,logic block
problem_suite_http,RULE,588,9,509002,problem_suite_http:RULE:c9:s509002:p302,302,302,two-sum,Two Sum,easy,hash map lookup and pair search,local_completion,locally_complete,UNKNOWN,LOW,True,3,0,2,5,6,CONCEPTUAL_HINT,true,True,1,5,288,335,NO_FEEDBACK,NO_FEEDBACK,true,logic block
problem_suite_http,RULE,589,9,509003,problem_suite_http:RULE:c9:s509003:p303,303,303,valid-parentheses,Valid Parentheses,easy,stack state and matching brackets,syntax,missing_statement_ending,SYNTAX_ERROR,HIGH,False,0,0,1,0,1,,,True,1,0,47,66,CODE_HIGHLIGHT,CODE_HIGHLIGHT,true,statement ending
problem_suite_http,RULE,590,9,509003,problem_suite_http:RULE:c9:s509003:p303,303,303,valid-parentheses,Valid Parentheses,easy,stack state and matching brackets,planning,unfinished_implementation,STUCK_NO_PROGRESS,LOW,True,0,3,1,1,2,CODE_HIGHLIGHT,true,True,2,1,238,254,GUIDING_QUESTION,GUIDING_QUESTION,true,unfinished implementation
problem_suite_http,RULE,591,9,509003,problem_suite_http:RULE:c9:s509003:p303,303,303,valid-parentheses,Valid Parentheses,easy,stack state and matching brackets,first_conceptual_error,possible_null_access_first,UNKNOWN,MEDIUM,True,3,0,1,2,3,GUIDING_QUESTION,true,True,1,2,243,277,NO_FEEDBACK,CODE_HIGHLIGHT,false,logic block
problem_suite_http,RULE,592,9,509003,problem_suite_http:RULE:c9:s509003:p303,303,303,valid-parentheses,Valid Parentheses,easy,stack state and matching brackets,repeated_conceptual_error,possible_null_access_repeat,UNKNOWN,MEDIUM,True,3,0,2,3,4,NO_FEEDBACK,false,True,1,3,248,283,NO_FEEDBACK,CONCEPTUAL_HINT,false,logic block
problem_suite_http,RULE,593,9,509003,problem_suite_http:RULE:c9:s509003:p303,303,303,valid-parentheses,Valid Parentheses,easy,stack state and matching brackets,partial_logic,partial_but_compiling,UNKNOWN,MEDIUM,True,1,2,3,4,5,NO_FEEDBACK,false,True,1,4,244,288,CONCEPTUAL_HINT,CONCEPTUAL_HINT,true,logic block
problem_suite_http,RULE,594,9,509003,problem_suite_http:RULE:c9:s509003:p303,303,303,valid-parentheses,Valid Parentheses,easy,stack state and matching brackets,local_completion,locally_complete,UNKNOWN,LOW,True,3,0,4,5,6,CONCEPTUAL_HINT,true,True,1,5,245,288,CONCEPTUAL_HINT,NO_FEEDBACK,false,logic block
problem_suite_http,RULE,595,9,509004,problem_suite_http:RULE:c9:s509004:p304,304,304,binary-search,Binary Search,easy,search interval invariant,syntax,missing_statement_ending,SYNTAX_ERROR,HIGH,False,0,0,1,0,1,,,True,1,0,46,84,CODE_HIGHLIGHT,CODE_HIGHLIGHT,true,statement ending
problem_suite_http,RULE,596,9,509004,problem_suite_http:RULE:c9:s509004:p304,304,304,binary-search,Binary Search,easy,search interval invariant,planning,unfinished_implementation,STUCK_NO_PROGRESS,LOW,True,0,3,1,1,2,CODE_HIGHLIGHT,true,True,2,1,243,273,GUIDING_QUESTION,GUIDING_QUESTION,true,unfinished implementation
problem_suite_http,RULE,597,9,509004,problem_suite_http:RULE:c9:s509004:p304,304,304,binary-search,Binary Search,easy,search interval invariant,first_conceptual_error,wrong_loop_boundary_first,WRONG_LOOP_BOUNDARY,MEDIUM,True,1,2,1,2,3,GUIDING_QUESTION,true,True,1,2,251,270,CODE_HIGHLIGHT,CODE_HIGHLIGHT,true,binary search loop boundary
problem_suite_http,RULE,598,9,509004,problem_suite_http:RULE:c9:s509004:p304,304,304,binary-search,Binary Search,easy,search interval invariant,repeated_conceptual_error,wrong_loop_boundary_repeat,WRONG_LOOP_BOUNDARY,MEDIUM,True,1,2,2,3,4,CODE_HIGHLIGHT,true,True,1,3,241,281,CONCEPTUAL_HINT,CONCEPTUAL_HINT,true,binary search loop boundary
problem_suite_http,RULE,599,9,509004,problem_suite_http:RULE:c9:s509004:p304,304,304,binary-search,Binary Search,easy,search interval invariant,partial_logic,partial_but_compiling,UNKNOWN,MEDIUM,True,1,2,1,4,5,CONCEPTUAL_HINT,true,True,1,4,256,286,CONCEPTUAL_HINT,CONCEPTUAL_HINT,true,logic block
problem_suite_http,RULE,600,9,509004,problem_suite_http:RULE:c9:s509004:p304,304,304,binary-search,Binary Search,easy,search interval invariant,local_completion,locally_complete,UNKNOWN,LOW,True,3,0,2,5,6,CONCEPTUAL_HINT,true,True,1,5,253,292,NO_FEEDBACK,NO_FEEDBACK,true,logic block
problem_suite_http,RULE,601,9,509005,problem_suite_http:RULE:c9:s509005:p305,305,305,merge-sorted-array,Merge Sorted Array,easy,array index management,syntax,missing_statement_ending,SYNTAX_ERROR,HIGH,False,0,0,1,0,1,,,True,1,0,46,84,CODE_HIGHLIGHT,CODE_HIGHLIGHT,true,statement ending
problem_suite_http,RULE,602,9,509005,problem_suite_http:RULE:c9:s509005:p305,305,305,merge-sorted-array,Merge Sorted Array,easy,array index management,planning,unfinished_implementation,STUCK_NO_PROGRESS,LOW,True,0,3,1,1,2,CODE_HIGHLIGHT,true,True,2,1,247,287,GUIDING_QUESTION,GUIDING_QUESTION,true,unfinished implementation
problem_suite_http,RULE,603,9,509005,problem_suite_http:RULE:c9:s509005:p305,305,305,merge-sorted-array,Merge Sorted Array,easy,array index management,first_conceptual_error,off_by_one_first,OFF_BY_ONE,MEDIUM,True,1,2,1,2,3,GUIDING_QUESTION,true,True,1,2,242,275,CODE_HIGHLIGHT,CODE_HIGHLIGHT,true,for loop condition
problem_suite_http,RULE,604,9,509005,problem_suite_http:RULE:c9:s509005:p305,305,305,merge-sorted-array,Merge Sorted Array,easy,array index management,repeated_conceptual_error,off_by_one_repeat,OFF_BY_ONE,MEDIUM,True,1,2,2,3,4,CODE_HIGHLIGHT,true,True,1,3,247,290,CONCEPTUAL_HINT,CONCEPTUAL_HINT,true,for loop condition
problem_suite_http,RULE,605,9,509005,problem_suite_http:RULE:c9:s509005:p305,305,305,merge-sorted-array,Merge Sorted Array,easy,array index management,partial_logic,partial_but_compiling,UNKNOWN,MEDIUM,True,1,2,1,4,5,CONCEPTUAL_HINT,true,True,1,4,241,277,CONCEPTUAL_HINT,CONCEPTUAL_HINT,true,logic block
problem_suite_http,RULE,606,9,509005,problem_suite_http:RULE:c9:s509005:p305,305,305,merge-sorted-array,Merge Sorted Array,easy,array index management,local_completion,locally_complete,UNKNOWN,LOW,True,3,0,2,5,6,CONCEPTUAL_HINT,true,True,1,5,253,292,NO_FEEDBACK,NO_FEEDBACK,true,logic block
problem_suite_http,RULE,607,9,509006,problem_suite_http:RULE:c9:s509006:p306,306,306,trapping-rain-water,Trapping Rain Water,hard,two pointers and running maxima,syntax,missing_statement_ending,SYNTAX_ERROR,HIGH,False,0,0,1,0,1,,,True,1,0,46,84,CODE_HIGHLIGHT,CODE_HIGHLIGHT,true,statement ending
problem_suite_http,RULE,608,9,509006,problem_suite_http:RULE:c9:s509006:p306,306,306,trapping-rain-water,Trapping Rain Water,hard,two pointers and running maxima,planning,unfinished_implementation,STUCK_NO_PROGRESS,LOW,True,0,3,1,1,2,CODE_HIGHLIGHT,true,True,2,1,242,275,GUIDING_QUESTION,GUIDING_QUESTION,true,unfinished implementation
problem_suite_http,RULE,609,9,509006,problem_suite_http:RULE:c9:s509006:p306,306,306,trapping-rain-water,Trapping Rain Water,hard,two pointers and running maxima,first_conceptual_error,wrong_condition_first,WRONG_CONDITION,MEDIUM,True,1,2,1,2,3,GUIDING_QUESTION,true,True,1,2,243,288,CONCEPTUAL_HINT,CONCEPTUAL_HINT,true,while condition
problem_suite_http,RULE,610,9,509006,problem_suite_http:RULE:c9:s509006:p306,306,306,trapping-rain-water,Trapping Rain Water,hard,two pointers and running maxima,repeated_conceptual_error,wrong_condition_repeat,WRONG_CONDITION,MEDIUM,True,1,2,2,3,4,CONCEPTUAL_HINT,true,True,1,3,249,281,CONCEPTUAL_HINT,CONCEPTUAL_HINT,true,while condition
problem_suite_http,RULE,611,9,509006,problem_suite_http:RULE:c9:s509006:p306,306,306,trapping-rain-water,Trapping Rain Water,hard,two pointers and running maxima,partial_logic,partial_but_compiling,UNKNOWN,MEDIUM,True,1,2,1,4,5,CONCEPTUAL_HINT,true,True,1,4,249,284,CONCEPTUAL_HINT,CONCEPTUAL_HINT,true,logic block
problem_suite_http,RULE,612,9,509006,problem_suite_http:RULE:c9:s509006:p306,306,306,trapping-rain-water,Trapping Rain Water,hard,two pointers and running maxima,local_completion,locally_complete,UNKNOWN,LOW,True,1,2,2,5,6,CONCEPTUAL_HINT,true,True,1,5,248,285,CONCEPTUAL_HINT,NO_FEEDBACK,false,logic block
problem_suite_http,RULE,613,9,509007,problem_suite_http:RULE:c9:s509007:p307,307,307,lru-cache,LRU Cache,medium,state update and eviction policy,syntax,missing_statement_ending,SYNTAX_ERROR,HIGH,False,0,0,1,0,1,,,True,1,0,53,94,CODE_HIGHLIGHT,CODE_HIGHLIGHT,true,statement ending
problem_suite_http,RULE,614,9,509007,problem_suite_http:RULE:c9:s509007:p307,307,307,lru-cache,LRU Cache,medium,state update and eviction policy,planning,unfinished_implementation,STUCK_NO_PROGRESS,LOW,True,0,3,1,1,2,CODE_HIGHLIGHT,true,True,2,1,242,281,GUIDING_QUESTION,GUIDING_QUESTION,true,unfinished implementation
problem_suite_http,RULE,615,9,509007,problem_suite_http:RULE:c9:s509007:p307,307,307,lru-cache,LRU Cache,medium,state update and eviction policy,first_conceptual_error,unknown_logic_first,UNKNOWN,MEDIUM,True,3,0,1,2,3,GUIDING_QUESTION,true,True,1,2,248,284,NO_FEEDBACK,CONCEPTUAL_HINT,false,logic block
problem_suite_http,RULE,616,9,509007,problem_suite_http:RULE:c9:s509007:p307,307,307,lru-cache,LRU Cache,medium,state update and eviction policy,repeated_conceptual_error,unknown_logic_repeat,UNKNOWN,MEDIUM,True,3,0,2,3,4,NO_FEEDBACK,false,True,1,3,243,278,NO_FEEDBACK,CONCEPTUAL_HINT,false,logic block
problem_suite_http,RULE,617,9,509007,problem_suite_http:RULE:c9:s509007:p307,307,307,lru-cache,LRU Cache,medium,state update and eviction policy,partial_logic,partial_but_compiling,UNKNOWN,MEDIUM,True,1,2,3,4,5,NO_FEEDBACK,false,True,1,4,249,287,CONCEPTUAL_HINT,CONCEPTUAL_HINT,true,logic block
problem_suite_http,RULE,618,9,509007,problem_suite_http:RULE:c9:s509007:p307,307,307,lru-cache,LRU Cache,medium,state update and eviction policy,local_completion,locally_complete,UNKNOWN,LOW,True,3,0,4,5,6,CONCEPTUAL_HINT,true,True,1,5,244,280,CONCEPTUAL_HINT,NO_FEEDBACK,false,logic block
problem_suite_http,RULE,619,9,509008,problem_suite_http:RULE:c9:s509008:p308,308,308,longest-substring,Longest Substring Without Repeating Characters,medium,sliding window invariant,syntax,missing_statement_ending,SYNTAX_ERROR,HIGH,False,0,0,1,0,1,,,True,1,0,51,84,CODE_HIGHLIGHT,CODE_HIGHLIGHT,true,statement ending
problem_suite_http,RULE,620,9,509008,problem_suite_http:RULE:c9:s509008:p308,308,308,longest-substring,Longest Substring Without Repeating Characters,medium,sliding window invariant,planning,unfinished_implementation,STUCK_NO_PROGRESS,LOW,True,0,3,1,1,2,CODE_HIGHLIGHT,true,True,2,1,245,277,GUIDING_QUESTION,GUIDING_QUESTION,true,unfinished implementation
problem_suite_http,RULE,621,9,509008,problem_suite_http:RULE:c9:s509008:p308,308,308,longest-substring,Longest Substring Without Repeating Characters,medium,sliding window invariant,first_conceptual_error,off_by_one_first,OFF_BY_ONE,MEDIUM,True,1,2,1,2,3,GUIDING_QUESTION,true,True,1,2,240,284,CODE_HIGHLIGHT,CODE_HIGHLIGHT,true,for loop condition
problem_suite_http,RULE,622,9,509008,problem_suite_http:RULE:c9:s509008:p308,308,308,longest-substring,Longest Substring Without Repeating Characters,medium,sliding window invariant,repeated_conceptual_error,off_by_one_repeat,OFF_BY_ONE,MEDIUM,True,1,2,2,3,4,CODE_HIGHLIGHT,true,True,1,3,251,287,CONCEPTUAL_HINT,CONCEPTUAL_HINT,true,for loop condition
problem_suite_http,RULE,623,9,509008,problem_suite_http:RULE:c9:s509008:p308,308,308,longest-substring,Longest Substring Without Repeating Characters,medium,sliding window invariant,partial_logic,partial_but_compiling,UNKNOWN,MEDIUM,True,1,2,1,4,5,CONCEPTUAL_HINT,true,True,1,4,245,287,CONCEPTUAL_HINT,CONCEPTUAL_HINT,true,logic block
problem_suite_http,RULE,624,9,509008,problem_suite_http:RULE:c9:s509008:p308,308,308,longest-substring,Longest Substring Without Repeating Characters,medium,sliding window invariant,local_completion,locally_complete,UNKNOWN,LOW,True,3,0,2,5,6,CONCEPTUAL_HINT,true,True,1,5,246,283,NO_FEEDBACK,NO_FEEDBACK,true,logic block
problem_suite_http,RULE,625,9,509009,problem_suite_http:RULE:c9:s509009:p309,309,309,reverse-linked-list,Reverse Linked List,easy,pointer update order,syntax,missing_statement_ending,SYNTAX_ERROR,HIGH,False,0,0,1,0,1,,,True,1,0,45,77,CODE_HIGHLIGHT,CODE_HIGHLIGHT,true,statement ending
problem_suite_http,RULE,626,9,509009,problem_suite_http:RULE:c9:s509009:p309,309,309,reverse-linked-list,Reverse Linked List,easy,pointer update order,planning,unfinished_implementation,STUCK_NO_PROGRESS,LOW,True,0,3,1,1,2,CODE_HIGHLIGHT,true,True,2,1,249,280,GUIDING_QUESTION,GUIDING_QUESTION,true,unfinished implementation
problem_suite_http,RULE,627,9,509009,problem_suite_http:RULE:c9:s509009:p309,309,309,reverse-linked-list,Reverse Linked List,easy,pointer update order,first_conceptual_error,wrong_condition_first,WRONG_CONDITION,MEDIUM,True,1,2,1,2,3,GUIDING_QUESTION,true,True,1,2,246,290,CONCEPTUAL_HINT,CONCEPTUAL_HINT,true,while condition
problem_suite_http,RULE,628,9,509009,problem_suite_http:RULE:c9:s509009:p309,309,309,reverse-linked-list,Reverse Linked List,easy,pointer update order,repeated_conceptual_error,wrong_condition_repeat,WRONG_CONDITION,MEDIUM,True,1,2,2,3,4,CONCEPTUAL_HINT,true,True,1,3,284,329,CONCEPTUAL_HINT,CONCEPTUAL_HINT,true,while condition
problem_suite_http,RULE,629,9,509009,problem_suite_http:RULE:c9:s509009:p309,309,309,reverse-linked-list,Reverse Linked List,easy,pointer update order,partial_logic,partial_but_compiling,UNKNOWN,MEDIUM,True,1,2,1,4,5,CONCEPTUAL_HINT,true,True,1,4,256,273,CONCEPTUAL_HINT,CONCEPTUAL_HINT,true,logic block
problem_suite_http,RULE,630,9,509009,problem_suite_http:RULE:c9:s509009:p309,309,309,reverse-linked-list,Reverse Linked List,easy,pointer update order,local_completion,locally_complete,UNKNOWN,LOW,True,3,0,2,5,6,CONCEPTUAL_HINT,true,True,1,5,253,285,NO_FEEDBACK,NO_FEEDBACK,true,logic block
problem_suite_http,RULE,631,9,509010,problem_suite_http:RULE:c9:s509010:p310,310,310,matrix-diagonal-sum,Matrix Diagonal Sum,easy,nested indexing and double counting,syntax,missing_statement_ending,SYNTAX_ERROR,HIGH,False,0,0,1,0,1,,,True,1,0,52,83,CODE_HIGHLIGHT,CODE_HIGHLIGHT,true,statement ending
problem_suite_http,RULE,632,9,509010,problem_suite_http:RULE:c9:s509010:p310,310,310,matrix-diagonal-sum,Matrix Diagonal Sum,easy,nested indexing and double counting,planning,unfinished_implementation,STUCK_NO_PROGRESS,LOW,True,0,3,1,1,2,CODE_HIGHLIGHT,true,True,2,1,242,288,GUIDING_QUESTION,GUIDING_QUESTION,true,unfinished implementation
problem_suite_http,RULE,633,9,509010,problem_suite_http:RULE:c9:s509010:p310,310,310,matrix-diagonal-sum,Matrix Diagonal Sum,easy,nested indexing and double counting,first_conceptual_error,off_by_one_first,OFF_BY_ONE,MEDIUM,True,1,2,1,2,3,GUIDING_QUESTION,true,True,1,2,237,269,CODE_HIGHLIGHT,CODE_HIGHLIGHT,true,for loop condition
problem_suite_http,RULE,634,9,509010,problem_suite_http:RULE:c9:s509010:p310,310,310,matrix-diagonal-sum,Matrix Diagonal Sum,easy,nested indexing and double counting,repeated_conceptual_error,off_by_one_repeat,OFF_BY_ONE,MEDIUM,True,1,2,2,3,4,CODE_HIGHLIGHT,true,True,1,3,251,268,CONCEPTUAL_HINT,CONCEPTUAL_HINT,true,for loop condition
problem_suite_http,RULE,635,9,509010,problem_suite_http:RULE:c9:s509010:p310,310,310,matrix-diagonal-sum,Matrix Diagonal Sum,easy,nested indexing and double counting,partial_logic,partial_but_compiling,UNKNOWN,MEDIUM,True,1,2,1,4,5,CONCEPTUAL_HINT,true,True,1,4,260,299,CONCEPTUAL_HINT,CONCEPTUAL_HINT,true,logic block
problem_suite_http,RULE,636,9,509010,problem_suite_http:RULE:c9:s509010:p310,310,310,matrix-diagonal-sum,Matrix Diagonal Sum,easy,nested indexing and double counting,local_completion,locally_complete,UNKNOWN,LOW,True,3,0,2,5,6,CONCEPTUAL_HINT,true,True,1,5,240,274,NO_FEEDBACK,NO_FEEDBACK,true,logic block
problem_suite_http,RULE,637,9,509011,problem_suite_http:RULE:c9:s509011:p311,311,311,roman-to-integer,Roman to Integer,easy,lookahead condition,syntax,missing_statement_ending,SYNTAX_ERROR,HIGH,False,0,0,1,0,1,,,True,1,0,47,81,CODE_HIGHLIGHT,CODE_HIGHLIGHT,true,statement ending
problem_suite_http,RULE,638,9,509011,problem_suite_http:RULE:c9:s509011:p311,311,311,roman-to-integer,Roman to Integer,easy,lookahead condition,planning,unfinished_implementation,STUCK_NO_PROGRESS,LOW,True,0,3,1,1,2,CODE_HIGHLIGHT,true,True,2,1,238,258,GUIDING_QUESTION,GUIDING_QUESTION,true,unfinished implementation
problem_suite_http,RULE,639,9,509011,problem_suite_http:RULE:c9:s509011:p311,311,311,roman-to-integer,Roman to Integer,easy,lookahead condition,first_conceptual_error,off_by_one_first,OFF_BY_ONE,MEDIUM,True,1,2,1,2,3,GUIDING_QUESTION,true,True,1,2,263,293,CODE_HIGHLIGHT,CODE_HIGHLIGHT,true,for loop condition
problem_suite_http,RULE,640,9,509011,problem_suite_http:RULE:c9:s509011:p311,311,311,roman-to-integer,Roman to Integer,easy,lookahead condition,repeated_conceptual_error,off_by_one_repeat,OFF_BY_ONE,MEDIUM,True,1,2,2,3,4,CODE_HIGHLIGHT,true,True,1,3,251,291,CONCEPTUAL_HINT,CONCEPTUAL_HINT,true,for loop condition
problem_suite_http,RULE,641,9,509011,problem_suite_http:RULE:c9:s509011:p311,311,311,roman-to-integer,Roman to Integer,easy,lookahead condition,partial_logic,partial_but_compiling,UNKNOWN,MEDIUM,True,1,2,1,4,5,CONCEPTUAL_HINT,true,True,1,4,243,283,CONCEPTUAL_HINT,CONCEPTUAL_HINT,true,logic block
problem_suite_http,RULE,642,9,509011,problem_suite_http:RULE:c9:s509011:p311,311,311,roman-to-integer,Roman to Integer,easy,lookahead condition,local_completion,locally_complete,UNKNOWN,LOW,True,3,0,2,5,6,CONCEPTUAL_HINT,true,True,1,5,253,290,NO_FEEDBACK,NO_FEEDBACK,true,logic block
problem_suite_http,RULE,643,9,509012,problem_suite_http:RULE:c9:s509012:p312,312,312,climbing-stairs,Climbing Stairs,easy,base cases and recurrence,syntax,missing_statement_ending,SYNTAX_ERROR,HIGH,False,0,0,1,0,1,,,True,1,0,52,88,CODE_HIGHLIGHT,CODE_HIGHLIGHT,true,statement ending
problem_suite_http,RULE,644,9,509012,problem_suite_http:RULE:c9:s509012:p312,312,312,climbing-stairs,Climbing Stairs,easy,base cases and recurrence,planning,unfinished_implementation,STUCK_NO_PROGRESS,LOW,True,0,3,1,1,2,CODE_HIGHLIGHT,true,True,2,1,255,290,GUIDING_QUESTION,GUIDING_QUESTION,true,unfinished implementation
problem_suite_http,RULE,645,9,509012,problem_suite_http:RULE:c9:s509012:p312,312,312,climbing-stairs,Climbing Stairs,easy,base cases and recurrence,first_conceptual_error,wrong_condition_first,WRONG_CONDITION,MEDIUM,True,1,2,1,2,3,GUIDING_QUESTION,true,True,1,2,246,278,CONCEPTUAL_HINT,CONCEPTUAL_HINT,true,while condition
problem_suite_http,RULE,646,9,509012,problem_suite_http:RULE:c9:s509012:p312,312,312,climbing-stairs,Climbing Stairs,easy,base cases and recurrence,repeated_conceptual_error,wrong_condition_repeat,WRONG_CONDITION,MEDIUM,True,1,2,2,3,4,CONCEPTUAL_HINT,true,True,1,3,253,288,CONCEPTUAL_HINT,CONCEPTUAL_HINT,true,while condition
problem_suite_http,RULE,647,9,509012,problem_suite_http:RULE:c9:s509012:p312,312,312,climbing-stairs,Climbing Stairs,easy,base cases and recurrence,partial_logic,partial_but_compiling,UNKNOWN,MEDIUM,True,1,2,1,4,5,CONCEPTUAL_HINT,true,True,1,4,249,290,CONCEPTUAL_HINT,CONCEPTUAL_HINT,true,logic block
problem_suite_http,RULE,648,9,509012,problem_suite_http:RULE:c9:s509012:p312,312,312,climbing-stairs,Climbing Stairs,easy,base cases and recurrence,local_completion,locally_complete,OFF_BY_ONE,LOW,True,1,2,1,5,6,CONCEPTUAL_HINT,true,True,1,5,238,274,CODE_HIGHLIGHT,NO_FEEDBACK,false,for loop condition
problem_suite_http,RULE,649,10,510001,problem_suite_http:RULE:c10:s510001:p301,301,301,palindrome,Valid Palindrome,easy,two pointers and string normalization,syntax,missing_statement_ending,SYNTAX_ERROR,HIGH,False,0,0,1,0,1,,,True,1,0,47,80,CODE_HIGHLIGHT,CODE_HIGHLIGHT,true,statement ending
problem_suite_http,RULE,650,10,510001,problem_suite_http:RULE:c10:s510001:p301,301,301,palindrome,Valid Palindrome,easy,two pointers and string normalization,planning,unfinished_implementation,STUCK_NO_PROGRESS,LOW,True,0,3,1,1,2,CODE_HIGHLIGHT,true,True,2,1,251,281,GUIDING_QUESTION,GUIDING_QUESTION,true,unfinished implementation
problem_suite_http,RULE,651,10,510001,problem_suite_http:RULE:c10:s510001:p301,301,301,palindrome,Valid Palindrome,easy,two pointers and string normalization,first_conceptual_error,possible_null_access_first,POSSIBLE_NULL_ACCESS,MEDIUM,True,3,0,1,2,3,GUIDING_QUESTION,true,True,1,2,246,277,CODE_HIGHLIGHT,CODE_HIGHLIGHT,true,missing null or empty guard
problem_suite_http,RULE,652,10,510001,problem_suite_http:RULE:c10:s510001:p301,301,301,palindrome,Valid Palindrome,easy,two pointers and string normalization,repeated_conceptual_error,possible_null_access_repeat,POSSIBLE_NULL_ACCESS,MEDIUM,True,3,0,2,3,4,CODE_HIGHLIGHT,true,True,1,3,251,273,CONCEPTUAL_HINT,CONCEPTUAL_HINT,true,missing null or empty guard
problem_suite_http,RULE,653,10,510001,problem_suite_http:RULE:c10:s510001:p301,301,301,palindrome,Valid Palindrome,easy,two pointers and string normalization,partial_logic,partial_but_compiling,UNKNOWN,MEDIUM,True,1,2,1,4,5,CONCEPTUAL_HINT,true,True,1,4,243,275,CONCEPTUAL_HINT,CONCEPTUAL_HINT,true,logic block
problem_suite_http,RULE,654,10,510001,problem_suite_http:RULE:c10:s510001:p301,301,301,palindrome,Valid Palindrome,easy,two pointers and string normalization,local_completion,locally_complete,WRONG_CONDITION,LOW,True,1,2,1,5,6,CONCEPTUAL_HINT,true,True,1,5,245,278,CONCEPTUAL_HINT,NO_FEEDBACK,false,while condition
problem_suite_http,RULE,655,10,510002,problem_suite_http:RULE:c10:s510002:p302,302,302,two-sum,Two Sum,easy,hash map lookup and pair search,syntax,missing_statement_ending,SYNTAX_ERROR,HIGH,False,0,0,1,0,1,,,True,1,0,48,77,CODE_HIGHLIGHT,CODE_HIGHLIGHT,true,statement ending
problem_suite_http,RULE,656,10,510002,problem_suite_http:RULE:c10:s510002:p302,302,302,two-sum,Two Sum,easy,hash map lookup and pair search,planning,unfinished_implementation,STUCK_NO_PROGRESS,LOW,True,0,3,1,1,2,CODE_HIGHLIGHT,true,True,2,1,248,284,GUIDING_QUESTION,GUIDING_QUESTION,true,unfinished implementation
problem_suite_http,RULE,657,10,510002,problem_suite_http:RULE:c10:s510002:p302,302,302,two-sum,Two Sum,easy,hash map lookup and pair search,first_conceptual_error,off_by_one_first,OFF_BY_ONE,MEDIUM,True,1,2,1,2,3,GUIDING_QUESTION,true,True,1,2,249,287,CODE_HIGHLIGHT,CODE_HIGHLIGHT,true,for loop condition
problem_suite_http,RULE,658,10,510002,problem_suite_http:RULE:c10:s510002:p302,302,302,two-sum,Two Sum,easy,hash map lookup and pair search,repeated_conceptual_error,off_by_one_repeat,OFF_BY_ONE,MEDIUM,True,1,2,2,3,4,CODE_HIGHLIGHT,true,True,1,3,244,283,CONCEPTUAL_HINT,CONCEPTUAL_HINT,true,for loop condition
problem_suite_http,RULE,659,10,510002,problem_suite_http:RULE:c10:s510002:p302,302,302,two-sum,Two Sum,easy,hash map lookup and pair search,partial_logic,partial_but_compiling,UNKNOWN,MEDIUM,True,1,2,1,4,5,CONCEPTUAL_HINT,true,True,1,4,239,275,CONCEPTUAL_HINT,CONCEPTUAL_HINT,true,logic block
problem_suite_http,RULE,660,10,510002,problem_suite_http:RULE:c10:s510002:p302,302,302,two-sum,Two Sum,easy,hash map lookup and pair search,local_completion,locally_complete,UNKNOWN,LOW,True,3,0,2,5,6,CONCEPTUAL_HINT,true,True,1,5,261,305,NO_FEEDBACK,NO_FEEDBACK,true,logic block
problem_suite_http,RULE,661,10,510003,problem_suite_http:RULE:c10:s510003:p303,303,303,valid-parentheses,Valid Parentheses,easy,stack state and matching brackets,syntax,missing_statement_ending,SYNTAX_ERROR,HIGH,False,0,0,1,0,1,,,True,1,0,49,85,CODE_HIGHLIGHT,CODE_HIGHLIGHT,true,statement ending
problem_suite_http,RULE,662,10,510003,problem_suite_http:RULE:c10:s510003:p303,303,303,valid-parentheses,Valid Parentheses,easy,stack state and matching brackets,planning,unfinished_implementation,STUCK_NO_PROGRESS,LOW,True,0,3,1,1,2,CODE_HIGHLIGHT,true,True,2,1,251,299,GUIDING_QUESTION,GUIDING_QUESTION,true,unfinished implementation
problem_suite_http,RULE,663,10,510003,problem_suite_http:RULE:c10:s510003:p303,303,303,valid-parentheses,Valid Parentheses,easy,stack state and matching brackets,first_conceptual_error,possible_null_access_first,UNKNOWN,MEDIUM,True,3,0,1,2,3,GUIDING_QUESTION,true,True,1,2,252,290,NO_FEEDBACK,CODE_HIGHLIGHT,false,logic block
problem_suite_http,RULE,664,10,510003,problem_suite_http:RULE:c10:s510003:p303,303,303,valid-parentheses,Valid Parentheses,easy,stack state and matching brackets,repeated_conceptual_error,possible_null_access_repeat,UNKNOWN,MEDIUM,True,3,0,2,3,4,NO_FEEDBACK,false,True,1,3,249,269,NO_FEEDBACK,CONCEPTUAL_HINT,false,logic block
problem_suite_http,RULE,665,10,510003,problem_suite_http:RULE:c10:s510003:p303,303,303,valid-parentheses,Valid Parentheses,easy,stack state and matching brackets,partial_logic,partial_but_compiling,UNKNOWN,MEDIUM,True,1,2,3,4,5,NO_FEEDBACK,false,True,1,4,240,286,CONCEPTUAL_HINT,CONCEPTUAL_HINT,true,logic block
problem_suite_http,RULE,666,10,510003,problem_suite_http:RULE:c10:s510003:p303,303,303,valid-parentheses,Valid Parentheses,easy,stack state and matching brackets,local_completion,locally_complete,UNKNOWN,LOW,True,3,0,4,5,6,CONCEPTUAL_HINT,true,True,1,5,257,298,CONCEPTUAL_HINT,NO_FEEDBACK,false,logic block
problem_suite_http,RULE,667,10,510004,problem_suite_http:RULE:c10:s510004:p304,304,304,binary-search,Binary Search,easy,search interval invariant,syntax,missing_statement_ending,SYNTAX_ERROR,HIGH,False,0,0,1,0,1,,,True,1,0,45,79,CODE_HIGHLIGHT,CODE_HIGHLIGHT,true,statement ending
problem_suite_http,RULE,668,10,510004,problem_suite_http:RULE:c10:s510004:p304,304,304,binary-search,Binary Search,easy,search interval invariant,planning,unfinished_implementation,STUCK_NO_PROGRESS,LOW,True,0,3,1,1,2,CODE_HIGHLIGHT,true,True,2,1,266,298,GUIDING_QUESTION,GUIDING_QUESTION,true,unfinished implementation
problem_suite_http,RULE,669,10,510004,problem_suite_http:RULE:c10:s510004:p304,304,304,binary-search,Binary Search,easy,search interval invariant,first_conceptual_error,wrong_loop_boundary_first,WRONG_LOOP_BOUNDARY,MEDIUM,True,1,2,1,2,3,GUIDING_QUESTION,true,True,1,2,278,318,CODE_HIGHLIGHT,CODE_HIGHLIGHT,true,binary search loop boundary
problem_suite_http,RULE,670,10,510004,problem_suite_http:RULE:c10:s510004:p304,304,304,binary-search,Binary Search,easy,search interval invariant,repeated_conceptual_error,wrong_loop_boundary_repeat,WRONG_LOOP_BOUNDARY,MEDIUM,True,1,2,2,3,4,CODE_HIGHLIGHT,true,True,1,3,254,273,CONCEPTUAL_HINT,CONCEPTUAL_HINT,true,binary search loop boundary
problem_suite_http,RULE,671,10,510004,problem_suite_http:RULE:c10:s510004:p304,304,304,binary-search,Binary Search,easy,search interval invariant,partial_logic,partial_but_compiling,UNKNOWN,MEDIUM,True,1,2,1,4,5,CONCEPTUAL_HINT,true,True,1,4,240,285,CONCEPTUAL_HINT,CONCEPTUAL_HINT,true,logic block
problem_suite_http,RULE,672,10,510004,problem_suite_http:RULE:c10:s510004:p304,304,304,binary-search,Binary Search,easy,search interval invariant,local_completion,locally_complete,UNKNOWN,LOW,True,3,0,2,5,6,CONCEPTUAL_HINT,true,True,1,5,252,288,NO_FEEDBACK,NO_FEEDBACK,true,logic block
problem_suite_http,RULE,673,10,510005,problem_suite_http:RULE:c10:s510005:p305,305,305,merge-sorted-array,Merge Sorted Array,easy,array index management,syntax,missing_statement_ending,SYNTAX_ERROR,HIGH,False,0,0,1,0,1,,,True,1,0,45,90,CODE_HIGHLIGHT,CODE_HIGHLIGHT,true,statement ending
problem_suite_http,RULE,674,10,510005,problem_suite_http:RULE:c10:s510005:p305,305,305,merge-sorted-array,Merge Sorted Array,easy,array index management,planning,unfinished_implementation,STUCK_NO_PROGRESS,LOW,True,0,3,1,1,2,CODE_HIGHLIGHT,true,True,2,1,245,279,GUIDING_QUESTION,GUIDING_QUESTION,true,unfinished implementation
problem_suite_http,RULE,675,10,510005,problem_suite_http:RULE:c10:s510005:p305,305,305,merge-sorted-array,Merge Sorted Array,easy,array index management,first_conceptual_error,off_by_one_first,OFF_BY_ONE,MEDIUM,True,1,2,1,2,3,GUIDING_QUESTION,true,True,1,2,251,287,CODE_HIGHLIGHT,CODE_HIGHLIGHT,true,for loop condition
problem_suite_http,RULE,676,10,510005,problem_suite_http:RULE:c10:s510005:p305,305,305,merge-sorted-array,Merge Sorted Array,easy,array index management,repeated_conceptual_error,off_by_one_repeat,OFF_BY_ONE,MEDIUM,True,1,2,2,3,4,CODE_HIGHLIGHT,true,True,1,3,240,284,CONCEPTUAL_HINT,CONCEPTUAL_HINT,true,for loop condition
problem_suite_http,RULE,677,10,510005,problem_suite_http:RULE:c10:s510005:p305,305,305,merge-sorted-array,Merge Sorted Array,easy,array index management,partial_logic,partial_but_compiling,UNKNOWN,MEDIUM,True,1,2,1,4,5,CONCEPTUAL_HINT,true,True,1,4,246,283,CONCEPTUAL_HINT,CONCEPTUAL_HINT,true,logic block
problem_suite_http,RULE,678,10,510005,problem_suite_http:RULE:c10:s510005:p305,305,305,merge-sorted-array,Merge Sorted Array,easy,array index management,local_completion,locally_complete,UNKNOWN,LOW,True,3,0,2,5,6,CONCEPTUAL_HINT,true,True,1,5,243,277,NO_FEEDBACK,NO_FEEDBACK,true,logic block
problem_suite_http,RULE,679,10,510006,problem_suite_http:RULE:c10:s510006:p306,306,306,trapping-rain-water,Trapping Rain Water,hard,two pointers and running maxima,syntax,missing_statement_ending,SYNTAX_ERROR,HIGH,False,0,0,1,0,1,,,True,1,0,50,87,CODE_HIGHLIGHT,CODE_HIGHLIGHT,true,statement ending
problem_suite_http,RULE,680,10,510006,problem_suite_http:RULE:c10:s510006:p306,306,306,trapping-rain-water,Trapping Rain Water,hard,two pointers and running maxima,planning,unfinished_implementation,STUCK_NO_PROGRESS,LOW,True,0,3,1,1,2,CODE_HIGHLIGHT,true,True,2,1,241,285,GUIDING_QUESTION,GUIDING_QUESTION,true,unfinished implementation
problem_suite_http,RULE,681,10,510006,problem_suite_http:RULE:c10:s510006:p306,306,306,trapping-rain-water,Trapping Rain Water,hard,two pointers and running maxima,first_conceptual_error,wrong_condition_first,WRONG_CONDITION,MEDIUM,True,1,2,1,2,3,GUIDING_QUESTION,true,True,1,2,249,285,CONCEPTUAL_HINT,CONCEPTUAL_HINT,true,while condition
problem_suite_http,RULE,682,10,510006,problem_suite_http:RULE:c10:s510006:p306,306,306,trapping-rain-water,Trapping Rain Water,hard,two pointers and running maxima,repeated_conceptual_error,wrong_condition_repeat,WRONG_CONDITION,MEDIUM,True,1,2,2,3,4,CONCEPTUAL_HINT,true,True,1,3,244,263,CONCEPTUAL_HINT,CONCEPTUAL_HINT,true,while condition
problem_suite_http,RULE,683,10,510006,problem_suite_http:RULE:c10:s510006:p306,306,306,trapping-rain-water,Trapping Rain Water,hard,two pointers and running maxima,partial_logic,partial_but_compiling,UNKNOWN,MEDIUM,True,1,2,1,4,5,CONCEPTUAL_HINT,true,True,1,4,242,282,CONCEPTUAL_HINT,CONCEPTUAL_HINT,true,logic block
problem_suite_http,RULE,684,10,510006,problem_suite_http:RULE:c10:s510006:p306,306,306,trapping-rain-water,Trapping Rain Water,hard,two pointers and running maxima,local_completion,locally_complete,UNKNOWN,LOW,True,1,2,2,5,6,CONCEPTUAL_HINT,true,True,1,5,250,289,CONCEPTUAL_HINT,NO_FEEDBACK,false,logic block
problem_suite_http,RULE,685,10,510007,problem_suite_http:RULE:c10:s510007:p307,307,307,lru-cache,LRU Cache,medium,state update and eviction policy,syntax,missing_statement_ending,SYNTAX_ERROR,HIGH,False,0,0,1,0,1,,,True,1,0,47,88,CODE_HIGHLIGHT,CODE_HIGHLIGHT,true,statement ending
problem_suite_http,RULE,686,10,510007,problem_suite_http:RULE:c10:s510007:p307,307,307,lru-cache,LRU Cache,medium,state update and eviction policy,planning,unfinished_implementation,STUCK_NO_PROGRESS,LOW,True,0,3,1,1,2,CODE_HIGHLIGHT,true,True,2,1,256,279,GUIDING_QUESTION,GUIDING_QUESTION,true,unfinished implementation
problem_suite_http,RULE,687,10,510007,problem_suite_http:RULE:c10:s510007:p307,307,307,lru-cache,LRU Cache,medium,state update and eviction policy,first_conceptual_error,unknown_logic_first,UNKNOWN,MEDIUM,True,3,0,1,2,3,GUIDING_QUESTION,true,True,1,2,237,282,NO_FEEDBACK,CONCEPTUAL_HINT,false,logic block
problem_suite_http,RULE,688,10,510007,problem_suite_http:RULE:c10:s510007:p307,307,307,lru-cache,LRU Cache,medium,state update and eviction policy,repeated_conceptual_error,unknown_logic_repeat,UNKNOWN,MEDIUM,True,3,0,2,3,4,NO_FEEDBACK,false,True,1,3,248,282,NO_FEEDBACK,CONCEPTUAL_HINT,false,logic block
problem_suite_http,RULE,689,10,510007,problem_suite_http:RULE:c10:s510007:p307,307,307,lru-cache,LRU Cache,medium,state update and eviction policy,partial_logic,partial_but_compiling,UNKNOWN,MEDIUM,True,1,2,3,4,5,NO_FEEDBACK,false,True,1,4,237,257,CONCEPTUAL_HINT,CONCEPTUAL_HINT,true,logic block
problem_suite_http,RULE,690,10,510007,problem_suite_http:RULE:c10:s510007:p307,307,307,lru-cache,LRU Cache,medium,state update and eviction policy,local_completion,locally_complete,UNKNOWN,LOW,True,3,0,4,5,6,CONCEPTUAL_HINT,true,True,1,5,256,292,CONCEPTUAL_HINT,NO_FEEDBACK,false,logic block
problem_suite_http,RULE,691,10,510008,problem_suite_http:RULE:c10:s510008:p308,308,308,longest-substring,Longest Substring Without Repeating Characters,medium,sliding window invariant,syntax,missing_statement_ending,SYNTAX_ERROR,HIGH,False,0,0,1,0,1,,,True,1,0,47,84,CODE_HIGHLIGHT,CODE_HIGHLIGHT,true,statement ending
problem_suite_http,RULE,692,10,510008,problem_suite_http:RULE:c10:s510008:p308,308,308,longest-substring,Longest Substring Without Repeating Characters,medium,sliding window invariant,planning,unfinished_implementation,STUCK_NO_PROGRESS,LOW,True,0,3,1,1,2,CODE_HIGHLIGHT,true,True,2,1,243,277,GUIDING_QUESTION,GUIDING_QUESTION,true,unfinished implementation
problem_suite_http,RULE,693,10,510008,problem_suite_http:RULE:c10:s510008:p308,308,308,longest-substring,Longest Substring Without Repeating Characters,medium,sliding window invariant,first_conceptual_error,off_by_one_first,OFF_BY_ONE,MEDIUM,True,1,2,1,2,3,GUIDING_QUESTION,true,True,1,2,245,288,CODE_HIGHLIGHT,CODE_HIGHLIGHT,true,for loop condition
problem_suite_http,RULE,694,10,510008,problem_suite_http:RULE:c10:s510008:p308,308,308,longest-substring,Longest Substring Without Repeating Characters,medium,sliding window invariant,repeated_conceptual_error,off_by_one_repeat,OFF_BY_ONE,MEDIUM,True,1,2,2,3,4,CODE_HIGHLIGHT,true,True,1,3,250,282,CONCEPTUAL_HINT,CONCEPTUAL_HINT,true,for loop condition
problem_suite_http,RULE,695,10,510008,problem_suite_http:RULE:c10:s510008:p308,308,308,longest-substring,Longest Substring Without Repeating Characters,medium,sliding window invariant,partial_logic,partial_but_compiling,UNKNOWN,MEDIUM,True,1,2,1,4,5,CONCEPTUAL_HINT,true,True,1,4,245,284,CONCEPTUAL_HINT,CONCEPTUAL_HINT,true,logic block
problem_suite_http,RULE,696,10,510008,problem_suite_http:RULE:c10:s510008:p308,308,308,longest-substring,Longest Substring Without Repeating Characters,medium,sliding window invariant,local_completion,locally_complete,UNKNOWN,LOW,True,3,0,2,5,6,CONCEPTUAL_HINT,true,True,1,5,246,281,NO_FEEDBACK,NO_FEEDBACK,true,logic block
problem_suite_http,RULE,697,10,510009,problem_suite_http:RULE:c10:s510009:p309,309,309,reverse-linked-list,Reverse Linked List,easy,pointer update order,syntax,missing_statement_ending,SYNTAX_ERROR,HIGH,False,0,0,1,0,1,,,True,1,0,49,84,CODE_HIGHLIGHT,CODE_HIGHLIGHT,true,statement ending
problem_suite_http,RULE,698,10,510009,problem_suite_http:RULE:c10:s510009:p309,309,309,reverse-linked-list,Reverse Linked List,easy,pointer update order,planning,unfinished_implementation,STUCK_NO_PROGRESS,LOW,True,0,3,1,1,2,CODE_HIGHLIGHT,true,True,2,1,242,283,GUIDING_QUESTION,GUIDING_QUESTION,true,unfinished implementation
problem_suite_http,RULE,699,10,510009,problem_suite_http:RULE:c10:s510009:p309,309,309,reverse-linked-list,Reverse Linked List,easy,pointer update order,first_conceptual_error,wrong_condition_first,WRONG_CONDITION,MEDIUM,True,1,2,1,2,3,GUIDING_QUESTION,true,True,1,2,248,287,CONCEPTUAL_HINT,CONCEPTUAL_HINT,true,while condition
problem_suite_http,RULE,700,10,510009,problem_suite_http:RULE:c10:s510009:p309,309,309,reverse-linked-list,Reverse Linked List,easy,pointer update order,repeated_conceptual_error,wrong_condition_repeat,WRONG_CONDITION,MEDIUM,True,1,2,2,3,4,CONCEPTUAL_HINT,true,True,1,3,249,290,CONCEPTUAL_HINT,CONCEPTUAL_HINT,true,while condition
problem_suite_http,RULE,701,10,510009,problem_suite_http:RULE:c10:s510009:p309,309,309,reverse-linked-list,Reverse Linked List,easy,pointer update order,partial_logic,partial_but_compiling,UNKNOWN,MEDIUM,True,1,2,1,4,5,CONCEPTUAL_HINT,true,True,1,4,244,276,CONCEPTUAL_HINT,CONCEPTUAL_HINT,true,logic block
problem_suite_http,RULE,702,10,510009,problem_suite_http:RULE:c10:s510009:p309,309,309,reverse-linked-list,Reverse Linked List,easy,pointer update order,local_completion,locally_complete,UNKNOWN,LOW,True,3,0,2,5,6,CONCEPTUAL_HINT,true,True,1,5,243,261,NO_FEEDBACK,NO_FEEDBACK,true,logic block
problem_suite_http,RULE,703,10,510010,problem_suite_http:RULE:c10:s510010:p310,310,310,matrix-diagonal-sum,Matrix Diagonal Sum,easy,nested indexing and double counting,syntax,missing_statement_ending,SYNTAX_ERROR,HIGH,False,0,0,1,0,1,,,True,1,0,54,86,CODE_HIGHLIGHT,CODE_HIGHLIGHT,true,statement ending
problem_suite_http,RULE,704,10,510010,problem_suite_http:RULE:c10:s510010:p310,310,310,matrix-diagonal-sum,Matrix Diagonal Sum,easy,nested indexing and double counting,planning,unfinished_implementation,STUCK_NO_PROGRESS,LOW,True,0,3,1,1,2,CODE_HIGHLIGHT,true,True,2,1,244,286,GUIDING_QUESTION,GUIDING_QUESTION,true,unfinished implementation
problem_suite_http,RULE,705,10,510010,problem_suite_http:RULE:c10:s510010:p310,310,310,matrix-diagonal-sum,Matrix Diagonal Sum,easy,nested indexing and double counting,first_conceptual_error,off_by_one_first,OFF_BY_ONE,MEDIUM,True,1,2,1,2,3,GUIDING_QUESTION,true,True,1,2,249,278,CODE_HIGHLIGHT,CODE_HIGHLIGHT,true,for loop condition
problem_suite_http,RULE,706,10,510010,problem_suite_http:RULE:c10:s510010:p310,310,310,matrix-diagonal-sum,Matrix Diagonal Sum,easy,nested indexing and double counting,repeated_conceptual_error,off_by_one_repeat,OFF_BY_ONE,MEDIUM,True,1,2,2,3,4,CODE_HIGHLIGHT,true,True,1,3,249,280,CONCEPTUAL_HINT,CONCEPTUAL_HINT,true,for loop condition
problem_suite_http,RULE,707,10,510010,problem_suite_http:RULE:c10:s510010:p310,310,310,matrix-diagonal-sum,Matrix Diagonal Sum,easy,nested indexing and double counting,partial_logic,partial_but_compiling,UNKNOWN,MEDIUM,True,1,2,1,4,5,CONCEPTUAL_HINT,true,True,1,4,252,298,CONCEPTUAL_HINT,CONCEPTUAL_HINT,true,logic block
problem_suite_http,RULE,708,10,510010,problem_suite_http:RULE:c10:s510010:p310,310,310,matrix-diagonal-sum,Matrix Diagonal Sum,easy,nested indexing and double counting,local_completion,locally_complete,UNKNOWN,LOW,True,3,0,2,5,6,CONCEPTUAL_HINT,true,True,1,5,327,367,NO_FEEDBACK,NO_FEEDBACK,true,logic block
problem_suite_http,RULE,709,10,510011,problem_suite_http:RULE:c10:s510011:p311,311,311,roman-to-integer,Roman to Integer,easy,lookahead condition,syntax,missing_statement_ending,SYNTAX_ERROR,HIGH,False,0,0,1,0,1,,,True,1,0,52,91,CODE_HIGHLIGHT,CODE_HIGHLIGHT,true,statement ending
problem_suite_http,RULE,710,10,510011,problem_suite_http:RULE:c10:s510011:p311,311,311,roman-to-integer,Roman to Integer,easy,lookahead condition,planning,unfinished_implementation,STUCK_NO_PROGRESS,LOW,True,0,3,1,1,2,CODE_HIGHLIGHT,true,True,2,1,255,292,GUIDING_QUESTION,GUIDING_QUESTION,true,unfinished implementation
problem_suite_http,RULE,711,10,510011,problem_suite_http:RULE:c10:s510011:p311,311,311,roman-to-integer,Roman to Integer,easy,lookahead condition,first_conceptual_error,off_by_one_first,OFF_BY_ONE,MEDIUM,True,1,2,1,2,3,GUIDING_QUESTION,true,True,1,2,267,310,CODE_HIGHLIGHT,CODE_HIGHLIGHT,true,for loop condition
problem_suite_http,RULE,712,10,510011,problem_suite_http:RULE:c10:s510011:p311,311,311,roman-to-integer,Roman to Integer,easy,lookahead condition,repeated_conceptual_error,off_by_one_repeat,OFF_BY_ONE,MEDIUM,True,1,2,2,3,4,CODE_HIGHLIGHT,true,True,1,3,249,283,CONCEPTUAL_HINT,CONCEPTUAL_HINT,true,for loop condition
problem_suite_http,RULE,713,10,510011,problem_suite_http:RULE:c10:s510011:p311,311,311,roman-to-integer,Roman to Integer,easy,lookahead condition,partial_logic,partial_but_compiling,UNKNOWN,MEDIUM,True,1,2,1,4,5,CONCEPTUAL_HINT,true,True,1,4,247,288,CONCEPTUAL_HINT,CONCEPTUAL_HINT,true,logic block
problem_suite_http,RULE,714,10,510011,problem_suite_http:RULE:c10:s510011:p311,311,311,roman-to-integer,Roman to Integer,easy,lookahead condition,local_completion,locally_complete,UNKNOWN,LOW,True,3,0,2,5,6,CONCEPTUAL_HINT,true,True,1,5,246,283,NO_FEEDBACK,NO_FEEDBACK,true,logic block
problem_suite_http,RULE,715,10,510012,problem_suite_http:RULE:c10:s510012:p312,312,312,climbing-stairs,Climbing Stairs,easy,base cases and recurrence,syntax,missing_statement_ending,SYNTAX_ERROR,HIGH,False,0,0,1,0,1,,,True,1,0,49,70,CODE_HIGHLIGHT,CODE_HIGHLIGHT,true,statement ending
problem_suite_http,RULE,716,10,510012,problem_suite_http:RULE:c10:s510012:p312,312,312,climbing-stairs,Climbing Stairs,easy,base cases and recurrence,planning,unfinished_implementation,STUCK_NO_PROGRESS,LOW,True,0,3,1,1,2,CODE_HIGHLIGHT,true,True,2,1,253,289,GUIDING_QUESTION,GUIDING_QUESTION,true,unfinished implementation
problem_suite_http,RULE,717,10,510012,problem_suite_http:RULE:c10:s510012:p312,312,312,climbing-stairs,Climbing Stairs,easy,base cases and recurrence,first_conceptual_error,wrong_condition_first,WRONG_CONDITION,MEDIUM,True,1,2,1,2,3,GUIDING_QUESTION,true,True,1,2,256,291,CONCEPTUAL_HINT,CONCEPTUAL_HINT,true,while condition
problem_suite_http,RULE,718,10,510012,problem_suite_http:RULE:c10:s510012:p312,312,312,climbing-stairs,Climbing Stairs,easy,base cases and recurrence,repeated_conceptual_error,wrong_condition_repeat,WRONG_CONDITION,MEDIUM,True,1,2,2,3,4,CONCEPTUAL_HINT,true,True,1,3,244,283,CONCEPTUAL_HINT,CONCEPTUAL_HINT,true,while condition
problem_suite_http,RULE,719,10,510012,problem_suite_http:RULE:c10:s510012:p312,312,312,climbing-stairs,Climbing Stairs,easy,base cases and recurrence,partial_logic,partial_but_compiling,UNKNOWN,MEDIUM,True,1,2,1,4,5,CONCEPTUAL_HINT,true,True,1,4,253,286,CONCEPTUAL_HINT,CONCEPTUAL_HINT,true,logic block
problem_suite_http,RULE,720,10,510012,problem_suite_http:RULE:c10:s510012:p312,312,312,climbing-stairs,Climbing Stairs,easy,base cases and recurrence,local_completion,locally_complete,OFF_BY_ONE,LOW,True,1,2,1,5,6,CONCEPTUAL_HINT,true,True,1,5,244,277,CODE_HIGHLIGHT,NO_FEEDBACK,false,for loop condition
problem_suite_http,RULE,721,11,511001,problem_suite_http:RULE:c11:s511001:p301,301,301,palindrome,Valid Palindrome,easy,two pointers and string normalization,syntax,missing_statement_ending,SYNTAX_ERROR,HIGH,False,0,0,1,0,1,,,True,1,0,48,84,CODE_HIGHLIGHT,CODE_HIGHLIGHT,true,statement ending
problem_suite_http,RULE,722,11,511001,problem_suite_http:RULE:c11:s511001:p301,301,301,palindrome,Valid Palindrome,easy,two pointers and string normalization,planning,unfinished_implementation,STUCK_NO_PROGRESS,LOW,True,0,3,1,1,2,CODE_HIGHLIGHT,true,True,2,1,244,286,GUIDING_QUESTION,GUIDING_QUESTION,true,unfinished implementation
problem_suite_http,RULE,723,11,511001,problem_suite_http:RULE:c11:s511001:p301,301,301,palindrome,Valid Palindrome,easy,two pointers and string normalization,first_conceptual_error,possible_null_access_first,POSSIBLE_NULL_ACCESS,MEDIUM,True,3,0,1,2,3,GUIDING_QUESTION,true,True,1,2,252,273,CODE_HIGHLIGHT,CODE_HIGHLIGHT,true,missing null or empty guard
problem_suite_http,RULE,724,11,511001,problem_suite_http:RULE:c11:s511001:p301,301,301,palindrome,Valid Palindrome,easy,two pointers and string normalization,repeated_conceptual_error,possible_null_access_repeat,POSSIBLE_NULL_ACCESS,MEDIUM,True,3,0,2,3,4,CODE_HIGHLIGHT,true,True,1,3,254,297,CONCEPTUAL_HINT,CONCEPTUAL_HINT,true,missing null or empty guard
problem_suite_http,RULE,725,11,511001,problem_suite_http:RULE:c11:s511001:p301,301,301,palindrome,Valid Palindrome,easy,two pointers and string normalization,partial_logic,partial_but_compiling,UNKNOWN,MEDIUM,True,1,2,1,4,5,CONCEPTUAL_HINT,true,True,1,4,251,283,CONCEPTUAL_HINT,CONCEPTUAL_HINT,true,logic block
problem_suite_http,RULE,726,11,511001,problem_suite_http:RULE:c11:s511001:p301,301,301,palindrome,Valid Palindrome,easy,two pointers and string normalization,local_completion,locally_complete,WRONG_CONDITION,LOW,True,1,2,1,5,6,CONCEPTUAL_HINT,true,True,1,5,245,283,CONCEPTUAL_HINT,NO_FEEDBACK,false,while condition
problem_suite_http,RULE,727,11,511002,problem_suite_http:RULE:c11:s511002:p302,302,302,two-sum,Two Sum,easy,hash map lookup and pair search,syntax,missing_statement_ending,SYNTAX_ERROR,HIGH,False,0,0,1,0,1,,,True,1,0,49,93,CODE_HIGHLIGHT,CODE_HIGHLIGHT,true,statement ending
problem_suite_http,RULE,728,11,511002,problem_suite_http:RULE:c11:s511002:p302,302,302,two-sum,Two Sum,easy,hash map lookup and pair search,planning,unfinished_implementation,STUCK_NO_PROGRESS,LOW,True,0,3,1,1,2,CODE_HIGHLIGHT,true,True,2,1,249,295,GUIDING_QUESTION,GUIDING_QUESTION,true,unfinished implementation
problem_suite_http,RULE,729,11,511002,problem_suite_http:RULE:c11:s511002:p302,302,302,two-sum,Two Sum,easy,hash map lookup and pair search,first_conceptual_error,off_by_one_first,OFF_BY_ONE,MEDIUM,True,1,2,1,2,3,GUIDING_QUESTION,true,True,1,2,241,282,CODE_HIGHLIGHT,CODE_HIGHLIGHT,true,for loop condition
problem_suite_http,RULE,730,11,511002,problem_suite_http:RULE:c11:s511002:p302,302,302,two-sum,Two Sum,easy,hash map lookup and pair search,repeated_conceptual_error,off_by_one_repeat,OFF_BY_ONE,MEDIUM,True,1,2,2,3,4,CODE_HIGHLIGHT,true,True,1,3,250,286,CONCEPTUAL_HINT,CONCEPTUAL_HINT,true,for loop condition
problem_suite_http,RULE,731,11,511002,problem_suite_http:RULE:c11:s511002:p302,302,302,two-sum,Two Sum,easy,hash map lookup and pair search,partial_logic,partial_but_compiling,UNKNOWN,MEDIUM,True,1,2,1,4,5,CONCEPTUAL_HINT,true,True,1,4,251,291,CONCEPTUAL_HINT,CONCEPTUAL_HINT,true,logic block
problem_suite_http,RULE,732,11,511002,problem_suite_http:RULE:c11:s511002:p302,302,302,two-sum,Two Sum,easy,hash map lookup and pair search,local_completion,locally_complete,UNKNOWN,LOW,True,3,0,2,5,6,CONCEPTUAL_HINT,true,True,1,5,247,292,NO_FEEDBACK,NO_FEEDBACK,true,logic block
problem_suite_http,RULE,733,11,511003,problem_suite_http:RULE:c11:s511003:p303,303,303,valid-parentheses,Valid Parentheses,easy,stack state and matching brackets,syntax,missing_statement_ending,SYNTAX_ERROR,HIGH,False,0,0,1,0,1,,,True,1,0,48,92,CODE_HIGHLIGHT,CODE_HIGHLIGHT,true,statement ending
problem_suite_http,RULE,734,11,511003,problem_suite_http:RULE:c11:s511003:p303,303,303,valid-parentheses,Valid Parentheses,easy,stack state and matching brackets,planning,unfinished_implementation,STUCK_NO_PROGRESS,LOW,True,0,3,1,1,2,CODE_HIGHLIGHT,true,True,2,1,241,286,GUIDING_QUESTION,GUIDING_QUESTION,true,unfinished implementation
problem_suite_http,RULE,735,11,511003,problem_suite_http:RULE:c11:s511003:p303,303,303,valid-parentheses,Valid Parentheses,easy,stack state and matching brackets,first_conceptual_error,possible_null_access_first,UNKNOWN,MEDIUM,True,3,0,1,2,3,GUIDING_QUESTION,true,True,1,2,248,286,NO_FEEDBACK,CODE_HIGHLIGHT,false,logic block
problem_suite_http,RULE,736,11,511003,problem_suite_http:RULE:c11:s511003:p303,303,303,valid-parentheses,Valid Parentheses,easy,stack state and matching brackets,repeated_conceptual_error,possible_null_access_repeat,UNKNOWN,MEDIUM,True,3,0,2,3,4,NO_FEEDBACK,false,True,1,3,248,288,NO_FEEDBACK,CONCEPTUAL_HINT,false,logic block
problem_suite_http,RULE,737,11,511003,problem_suite_http:RULE:c11:s511003:p303,303,303,valid-parentheses,Valid Parentheses,easy,stack state and matching brackets,partial_logic,partial_but_compiling,UNKNOWN,MEDIUM,True,1,2,3,4,5,NO_FEEDBACK,false,True,1,4,247,286,CONCEPTUAL_HINT,CONCEPTUAL_HINT,true,logic block
problem_suite_http,RULE,738,11,511003,problem_suite_http:RULE:c11:s511003:p303,303,303,valid-parentheses,Valid Parentheses,easy,stack state and matching brackets,local_completion,locally_complete,UNKNOWN,LOW,True,3,0,4,5,6,CONCEPTUAL_HINT,true,True,1,5,238,271,CONCEPTUAL_HINT,NO_FEEDBACK,false,logic block
problem_suite_http,RULE,739,11,511004,problem_suite_http:RULE:c11:s511004:p304,304,304,binary-search,Binary Search,easy,search interval invariant,syntax,missing_statement_ending,SYNTAX_ERROR,HIGH,False,0,0,1,0,1,,,True,1,0,48,89,CODE_HIGHLIGHT,CODE_HIGHLIGHT,true,statement ending
problem_suite_http,RULE,740,11,511004,problem_suite_http:RULE:c11:s511004:p304,304,304,binary-search,Binary Search,easy,search interval invariant,planning,unfinished_implementation,STUCK_NO_PROGRESS,LOW,True,0,3,1,1,2,CODE_HIGHLIGHT,true,True,2,1,239,284,GUIDING_QUESTION,GUIDING_QUESTION,true,unfinished implementation
problem_suite_http,RULE,741,11,511004,problem_suite_http:RULE:c11:s511004:p304,304,304,binary-search,Binary Search,easy,search interval invariant,first_conceptual_error,wrong_loop_boundary_first,WRONG_LOOP_BOUNDARY,MEDIUM,True,1,2,1,2,3,GUIDING_QUESTION,true,True,1,2,246,285,CODE_HIGHLIGHT,CODE_HIGHLIGHT,true,binary search loop boundary
problem_suite_http,RULE,742,11,511004,problem_suite_http:RULE:c11:s511004:p304,304,304,binary-search,Binary Search,easy,search interval invariant,repeated_conceptual_error,wrong_loop_boundary_repeat,WRONG_LOOP_BOUNDARY,MEDIUM,True,1,2,2,3,4,CODE_HIGHLIGHT,true,True,1,3,239,267,CONCEPTUAL_HINT,CONCEPTUAL_HINT,true,binary search loop boundary
problem_suite_http,RULE,743,11,511004,problem_suite_http:RULE:c11:s511004:p304,304,304,binary-search,Binary Search,easy,search interval invariant,partial_logic,partial_but_compiling,UNKNOWN,MEDIUM,True,1,2,1,4,5,CONCEPTUAL_HINT,true,True,1,4,243,291,CONCEPTUAL_HINT,CONCEPTUAL_HINT,true,logic block
problem_suite_http,RULE,744,11,511004,problem_suite_http:RULE:c11:s511004:p304,304,304,binary-search,Binary Search,easy,search interval invariant,local_completion,locally_complete,UNKNOWN,LOW,True,3,0,2,5,6,CONCEPTUAL_HINT,true,True,1,5,238,284,NO_FEEDBACK,NO_FEEDBACK,true,logic block
problem_suite_http,RULE,745,11,511005,problem_suite_http:RULE:c11:s511005:p305,305,305,merge-sorted-array,Merge Sorted Array,easy,array index management,syntax,missing_statement_ending,SYNTAX_ERROR,HIGH,False,0,0,1,0,1,,,True,1,0,57,97,CODE_HIGHLIGHT,CODE_HIGHLIGHT,true,statement ending
problem_suite_http,RULE,746,11,511005,problem_suite_http:RULE:c11:s511005:p305,305,305,merge-sorted-array,Merge Sorted Array,easy,array index management,planning,unfinished_implementation,STUCK_NO_PROGRESS,LOW,True,0,3,1,1,2,CODE_HIGHLIGHT,true,True,2,1,242,277,GUIDING_QUESTION,GUIDING_QUESTION,true,unfinished implementation
problem_suite_http,RULE,747,11,511005,problem_suite_http:RULE:c11:s511005:p305,305,305,merge-sorted-array,Merge Sorted Array,easy,array index management,first_conceptual_error,off_by_one_first,OFF_BY_ONE,MEDIUM,True,1,2,1,2,3,GUIDING_QUESTION,true,True,1,2,261,304,CODE_HIGHLIGHT,CODE_HIGHLIGHT,true,for loop condition
problem_suite_http,RULE,748,11,511005,problem_suite_http:RULE:c11:s511005:p305,305,305,merge-sorted-array,Merge Sorted Array,easy,array index management,repeated_conceptual_error,off_by_one_repeat,OFF_BY_ONE,MEDIUM,True,1,2,2,3,4,CODE_HIGHLIGHT,true,True,1,3,273,289,CONCEPTUAL_HINT,CONCEPTUAL_HINT,true,for loop condition
problem_suite_http,RULE,749,11,511005,problem_suite_http:RULE:c11:s511005:p305,305,305,merge-sorted-array,Merge Sorted Array,easy,array index management,partial_logic,partial_but_compiling,UNKNOWN,MEDIUM,True,1,2,1,4,5,CONCEPTUAL_HINT,true,True,1,4,246,287,CONCEPTUAL_HINT,CONCEPTUAL_HINT,true,logic block
problem_suite_http,RULE,750,11,511005,problem_suite_http:RULE:c11:s511005:p305,305,305,merge-sorted-array,Merge Sorted Array,easy,array index management,local_completion,locally_complete,UNKNOWN,LOW,True,3,0,2,5,6,CONCEPTUAL_HINT,true,True,1,5,242,274,NO_FEEDBACK,NO_FEEDBACK,true,logic block
problem_suite_http,RULE,751,11,511006,problem_suite_http:RULE:c11:s511006:p306,306,306,trapping-rain-water,Trapping Rain Water,hard,two pointers and running maxima,syntax,missing_statement_ending,SYNTAX_ERROR,HIGH,False,0,0,1,0,1,,,True,1,0,49,84,CODE_HIGHLIGHT,CODE_HIGHLIGHT,true,statement ending
problem_suite_http,RULE,752,11,511006,problem_suite_http:RULE:c11:s511006:p306,306,306,trapping-rain-water,Trapping Rain Water,hard,two pointers and running maxima,planning,unfinished_implementation,STUCK_NO_PROGRESS,LOW,True,0,3,1,1,2,CODE_HIGHLIGHT,true,True,2,1,242,287,GUIDING_QUESTION,GUIDING_QUESTION,true,unfinished implementation
problem_suite_http,RULE,753,11,511006,problem_suite_http:RULE:c11:s511006:p306,306,306,trapping-rain-water,Trapping Rain Water,hard,two pointers and running maxima,first_conceptual_error,wrong_condition_first,WRONG_CONDITION,MEDIUM,True,1,2,1,2,3,GUIDING_QUESTION,true,True,1,2,270,289,CONCEPTUAL_HINT,CONCEPTUAL_HINT,true,while condition
problem_suite_http,RULE,754,11,511006,problem_suite_http:RULE:c11:s511006:p306,306,306,trapping-rain-water,Trapping Rain Water,hard,two pointers and running maxima,repeated_conceptual_error,wrong_condition_repeat,WRONG_CONDITION,MEDIUM,True,1,2,2,3,4,CONCEPTUAL_HINT,true,True,1,3,285,321,CONCEPTUAL_HINT,CONCEPTUAL_HINT,true,while condition
problem_suite_http,RULE,755,11,511006,problem_suite_http:RULE:c11:s511006:p306,306,306,trapping-rain-water,Trapping Rain Water,hard,two pointers and running maxima,partial_logic,partial_but_compiling,UNKNOWN,MEDIUM,True,1,2,1,4,5,CONCEPTUAL_HINT,true,True,1,4,249,289,CONCEPTUAL_HINT,CONCEPTUAL_HINT,true,logic block
problem_suite_http,RULE,756,11,511006,problem_suite_http:RULE:c11:s511006:p306,306,306,trapping-rain-water,Trapping Rain Water,hard,two pointers and running maxima,local_completion,locally_complete,UNKNOWN,LOW,True,1,2,2,5,6,CONCEPTUAL_HINT,true,True,1,5,264,304,CONCEPTUAL_HINT,NO_FEEDBACK,false,logic block
problem_suite_http,RULE,757,11,511007,problem_suite_http:RULE:c11:s511007:p307,307,307,lru-cache,LRU Cache,medium,state update and eviction policy,syntax,missing_statement_ending,SYNTAX_ERROR,HIGH,False,0,0,1,0,1,,,True,1,0,51,87,CODE_HIGHLIGHT,CODE_HIGHLIGHT,true,statement ending
problem_suite_http,RULE,758,11,511007,problem_suite_http:RULE:c11:s511007:p307,307,307,lru-cache,LRU Cache,medium,state update and eviction policy,planning,unfinished_implementation,STUCK_NO_PROGRESS,LOW,True,0,3,1,1,2,CODE_HIGHLIGHT,true,True,2,1,286,327,GUIDING_QUESTION,GUIDING_QUESTION,true,unfinished implementation
problem_suite_http,RULE,759,11,511007,problem_suite_http:RULE:c11:s511007:p307,307,307,lru-cache,LRU Cache,medium,state update and eviction policy,first_conceptual_error,unknown_logic_first,UNKNOWN,MEDIUM,True,3,0,1,2,3,GUIDING_QUESTION,true,True,1,2,250,292,NO_FEEDBACK,CONCEPTUAL_HINT,false,logic block
problem_suite_http,RULE,760,11,511007,problem_suite_http:RULE:c11:s511007:p307,307,307,lru-cache,LRU Cache,medium,state update and eviction policy,repeated_conceptual_error,unknown_logic_repeat,UNKNOWN,MEDIUM,True,3,0,2,3,4,NO_FEEDBACK,false,True,1,3,242,288,NO_FEEDBACK,CONCEPTUAL_HINT,false,logic block
problem_suite_http,RULE,761,11,511007,problem_suite_http:RULE:c11:s511007:p307,307,307,lru-cache,LRU Cache,medium,state update and eviction policy,partial_logic,partial_but_compiling,UNKNOWN,MEDIUM,True,1,2,3,4,5,NO_FEEDBACK,false,True,1,4,240,269,CONCEPTUAL_HINT,CONCEPTUAL_HINT,true,logic block
problem_suite_http,RULE,762,11,511007,problem_suite_http:RULE:c11:s511007:p307,307,307,lru-cache,LRU Cache,medium,state update and eviction policy,local_completion,locally_complete,UNKNOWN,LOW,True,3,0,4,5,6,CONCEPTUAL_HINT,true,True,1,5,247,287,CONCEPTUAL_HINT,NO_FEEDBACK,false,logic block
problem_suite_http,RULE,763,11,511008,problem_suite_http:RULE:c11:s511008:p308,308,308,longest-substring,Longest Substring Without Repeating Characters,medium,sliding window invariant,syntax,missing_statement_ending,SYNTAX_ERROR,HIGH,False,0,0,1,0,1,,,True,1,0,47,81,CODE_HIGHLIGHT,CODE_HIGHLIGHT,true,statement ending
problem_suite_http,RULE,764,11,511008,problem_suite_http:RULE:c11:s511008:p308,308,308,longest-substring,Longest Substring Without Repeating Characters,medium,sliding window invariant,planning,unfinished_implementation,STUCK_NO_PROGRESS,LOW,True,0,3,1,1,2,CODE_HIGHLIGHT,true,True,2,1,243,290,GUIDING_QUESTION,GUIDING_QUESTION,true,unfinished implementation
problem_suite_http,RULE,765,11,511008,problem_suite_http:RULE:c11:s511008:p308,308,308,longest-substring,Longest Substring Without Repeating Characters,medium,sliding window invariant,first_conceptual_error,off_by_one_first,OFF_BY_ONE,MEDIUM,True,1,2,1,2,3,GUIDING_QUESTION,true,True,1,2,254,286,CODE_HIGHLIGHT,CODE_HIGHLIGHT,true,for loop condition
problem_suite_http,RULE,766,11,511008,problem_suite_http:RULE:c11:s511008:p308,308,308,longest-substring,Longest Substring Without Repeating Characters,medium,sliding window invariant,repeated_conceptual_error,off_by_one_repeat,OFF_BY_ONE,MEDIUM,True,1,2,2,3,4,CODE_HIGHLIGHT,true,True,1,3,252,286,CONCEPTUAL_HINT,CONCEPTUAL_HINT,true,for loop condition
problem_suite_http,RULE,767,11,511008,problem_suite_http:RULE:c11:s511008:p308,308,308,longest-substring,Longest Substring Without Repeating Characters,medium,sliding window invariant,partial_logic,partial_but_compiling,UNKNOWN,MEDIUM,True,1,2,1,4,5,CONCEPTUAL_HINT,true,True,1,4,248,292,CONCEPTUAL_HINT,CONCEPTUAL_HINT,true,logic block
problem_suite_http,RULE,768,11,511008,problem_suite_http:RULE:c11:s511008:p308,308,308,longest-substring,Longest Substring Without Repeating Characters,medium,sliding window invariant,local_completion,locally_complete,UNKNOWN,LOW,True,3,0,2,5,6,CONCEPTUAL_HINT,true,True,1,5,247,289,NO_FEEDBACK,NO_FEEDBACK,true,logic block
problem_suite_http,RULE,769,11,511009,problem_suite_http:RULE:c11:s511009:p309,309,309,reverse-linked-list,Reverse Linked List,easy,pointer update order,syntax,missing_statement_ending,SYNTAX_ERROR,HIGH,False,0,0,1,0,1,,,True,1,0,47,79,CODE_HIGHLIGHT,CODE_HIGHLIGHT,true,statement ending
problem_suite_http,RULE,770,11,511009,problem_suite_http:RULE:c11:s511009:p309,309,309,reverse-linked-list,Reverse Linked List,easy,pointer update order,planning,unfinished_implementation,STUCK_NO_PROGRESS,LOW,True,0,3,1,1,2,CODE_HIGHLIGHT,true,True,2,1,256,298,GUIDING_QUESTION,GUIDING_QUESTION,true,unfinished implementation
problem_suite_http,RULE,771,11,511009,problem_suite_http:RULE:c11:s511009:p309,309,309,reverse-linked-list,Reverse Linked List,easy,pointer update order,first_conceptual_error,wrong_condition_first,WRONG_CONDITION,MEDIUM,True,1,2,1,2,3,GUIDING_QUESTION,true,True,1,2,244,290,CONCEPTUAL_HINT,CONCEPTUAL_HINT,true,while condition
problem_suite_http,RULE,772,11,511009,problem_suite_http:RULE:c11:s511009:p309,309,309,reverse-linked-list,Reverse Linked List,easy,pointer update order,repeated_conceptual_error,wrong_condition_repeat,WRONG_CONDITION,MEDIUM,True,1,2,2,3,4,CONCEPTUAL_HINT,true,True,1,3,247,284,CONCEPTUAL_HINT,CONCEPTUAL_HINT,true,while condition
problem_suite_http,RULE,773,11,511009,problem_suite_http:RULE:c11:s511009:p309,309,309,reverse-linked-list,Reverse Linked List,easy,pointer update order,partial_logic,partial_but_compiling,UNKNOWN,MEDIUM,True,1,2,1,4,5,CONCEPTUAL_HINT,true,True,1,4,252,271,CONCEPTUAL_HINT,CONCEPTUAL_HINT,true,logic block
problem_suite_http,RULE,774,11,511009,problem_suite_http:RULE:c11:s511009:p309,309,309,reverse-linked-list,Reverse Linked List,easy,pointer update order,local_completion,locally_complete,UNKNOWN,LOW,True,3,0,2,5,6,CONCEPTUAL_HINT,true,True,1,5,248,288,NO_FEEDBACK,NO_FEEDBACK,true,logic block
problem_suite_http,RULE,775,11,511010,problem_suite_http:RULE:c11:s511010:p310,310,310,matrix-diagonal-sum,Matrix Diagonal Sum,easy,nested indexing and double counting,syntax,missing_statement_ending,SYNTAX_ERROR,HIGH,False,0,0,1,0,1,,,True,1,0,48,97,CODE_HIGHLIGHT,CODE_HIGHLIGHT,true,statement ending
problem_suite_http,RULE,776,11,511010,problem_suite_http:RULE:c11:s511010:p310,310,310,matrix-diagonal-sum,Matrix Diagonal Sum,easy,nested indexing and double counting,planning,unfinished_implementation,STUCK_NO_PROGRESS,LOW,True,0,3,1,1,2,CODE_HIGHLIGHT,true,True,2,1,254,292,GUIDING_QUESTION,GUIDING_QUESTION,true,unfinished implementation
problem_suite_http,RULE,777,11,511010,problem_suite_http:RULE:c11:s511010:p310,310,310,matrix-diagonal-sum,Matrix Diagonal Sum,easy,nested indexing and double counting,first_conceptual_error,off_by_one_first,OFF_BY_ONE,MEDIUM,True,1,2,1,2,3,GUIDING_QUESTION,true,True,1,2,244,275,CODE_HIGHLIGHT,CODE_HIGHLIGHT,true,for loop condition
problem_suite_http,RULE,778,11,511010,problem_suite_http:RULE:c11:s511010:p310,310,310,matrix-diagonal-sum,Matrix Diagonal Sum,easy,nested indexing and double counting,repeated_conceptual_error,off_by_one_repeat,OFF_BY_ONE,MEDIUM,True,1,2,2,3,4,CODE_HIGHLIGHT,true,True,1,3,275,312,CONCEPTUAL_HINT,CONCEPTUAL_HINT,true,for loop condition
problem_suite_http,RULE,779,11,511010,problem_suite_http:RULE:c11:s511010:p310,310,310,matrix-diagonal-sum,Matrix Diagonal Sum,easy,nested indexing and double counting,partial_logic,partial_but_compiling,UNKNOWN,MEDIUM,True,1,2,1,4,5,CONCEPTUAL_HINT,true,True,1,4,281,314,CONCEPTUAL_HINT,CONCEPTUAL_HINT,true,logic block
problem_suite_http,RULE,780,11,511010,problem_suite_http:RULE:c11:s511010:p310,310,310,matrix-diagonal-sum,Matrix Diagonal Sum,easy,nested indexing and double counting,local_completion,locally_complete,UNKNOWN,LOW,True,3,0,2,5,6,CONCEPTUAL_HINT,true,True,1,5,417,450,NO_FEEDBACK,NO_FEEDBACK,true,logic block
problem_suite_http,RULE,781,11,511011,problem_suite_http:RULE:c11:s511011:p311,311,311,roman-to-integer,Roman to Integer,easy,lookahead condition,syntax,missing_statement_ending,SYNTAX_ERROR,HIGH,False,0,0,1,0,1,,,True,1,0,50,73,CODE_HIGHLIGHT,CODE_HIGHLIGHT,true,statement ending
problem_suite_http,RULE,782,11,511011,problem_suite_http:RULE:c11:s511011:p311,311,311,roman-to-integer,Roman to Integer,easy,lookahead condition,planning,unfinished_implementation,STUCK_NO_PROGRESS,LOW,True,0,3,1,1,2,CODE_HIGHLIGHT,true,True,2,1,267,304,GUIDING_QUESTION,GUIDING_QUESTION,true,unfinished implementation
problem_suite_http,RULE,783,11,511011,problem_suite_http:RULE:c11:s511011:p311,311,311,roman-to-integer,Roman to Integer,easy,lookahead condition,first_conceptual_error,off_by_one_first,OFF_BY_ONE,MEDIUM,True,1,2,1,2,3,GUIDING_QUESTION,true,True,1,2,265,540,CODE_HIGHLIGHT,CODE_HIGHLIGHT,true,for loop condition
problem_suite_http,RULE,784,11,511011,problem_suite_http:RULE:c11:s511011:p311,311,311,roman-to-integer,Roman to Integer,easy,lookahead condition,repeated_conceptual_error,off_by_one_repeat,OFF_BY_ONE,MEDIUM,True,1,2,2,3,4,CODE_HIGHLIGHT,true,True,1,3,257,302,CONCEPTUAL_HINT,CONCEPTUAL_HINT,true,for loop condition
problem_suite_http,RULE,785,11,511011,problem_suite_http:RULE:c11:s511011:p311,311,311,roman-to-integer,Roman to Integer,easy,lookahead condition,partial_logic,partial_but_compiling,UNKNOWN,MEDIUM,True,1,2,1,4,5,CONCEPTUAL_HINT,true,True,1,4,276,308,CONCEPTUAL_HINT,CONCEPTUAL_HINT,true,logic block
problem_suite_http,RULE,786,11,511011,problem_suite_http:RULE:c11:s511011:p311,311,311,roman-to-integer,Roman to Integer,easy,lookahead condition,local_completion,locally_complete,UNKNOWN,LOW,True,3,0,2,5,6,CONCEPTUAL_HINT,true,True,1,5,287,316,NO_FEEDBACK,NO_FEEDBACK,true,logic block
problem_suite_http,RULE,787,11,511012,problem_suite_http:RULE:c11:s511012:p312,312,312,climbing-stairs,Climbing Stairs,easy,base cases and recurrence,syntax,missing_statement_ending,SYNTAX_ERROR,HIGH,False,0,0,1,0,1,,,True,1,0,98,120,CODE_HIGHLIGHT,CODE_HIGHLIGHT,true,statement ending
problem_suite_http,RULE,788,11,511012,problem_suite_http:RULE:c11:s511012:p312,312,312,climbing-stairs,Climbing Stairs,easy,base cases and recurrence,planning,unfinished_implementation,STUCK_NO_PROGRESS,LOW,True,0,3,1,1,2,CODE_HIGHLIGHT,true,True,2,1,473,510,GUIDING_QUESTION,GUIDING_QUESTION,true,unfinished implementation
problem_suite_http,RULE,789,11,511012,problem_suite_http:RULE:c11:s511012:p312,312,312,climbing-stairs,Climbing Stairs,easy,base cases and recurrence,first_conceptual_error,wrong_condition_first,WRONG_CONDITION,MEDIUM,True,1,2,1,2,3,GUIDING_QUESTION,true,True,1,2,271,311,CONCEPTUAL_HINT,CONCEPTUAL_HINT,true,while condition
problem_suite_http,RULE,790,11,511012,problem_suite_http:RULE:c11:s511012:p312,312,312,climbing-stairs,Climbing Stairs,easy,base cases and recurrence,repeated_conceptual_error,wrong_condition_repeat,WRONG_CONDITION,MEDIUM,True,1,2,2,3,4,CONCEPTUAL_HINT,true,True,1,3,258,295,CONCEPTUAL_HINT,CONCEPTUAL_HINT,true,while condition
problem_suite_http,RULE,791,11,511012,problem_suite_http:RULE:c11:s511012:p312,312,312,climbing-stairs,Climbing Stairs,easy,base cases and recurrence,partial_logic,partial_but_compiling,UNKNOWN,MEDIUM,True,1,2,1,4,5,CONCEPTUAL_HINT,true,True,1,4,256,288,CONCEPTUAL_HINT,CONCEPTUAL_HINT,true,logic block
problem_suite_http,RULE,792,11,511012,problem_suite_http:RULE:c11:s511012:p312,312,312,climbing-stairs,Climbing Stairs,easy,base cases and recurrence,local_completion,locally_complete,OFF_BY_ONE,LOW,True,1,2,1,5,6,CONCEPTUAL_HINT,true,True,1,5,264,294,CODE_HIGHLIGHT,NO_FEEDBACK,false,for loop condition
problem_suite_http,RULE,793,12,512001,problem_suite_http:RULE:c12:s512001:p301,301,301,palindrome,Valid Palindrome,easy,two pointers and string normalization,syntax,missing_statement_ending,SYNTAX_ERROR,HIGH,False,0,0,1,0,1,,,True,1,0,47,67,CODE_HIGHLIGHT,CODE_HIGHLIGHT,true,statement ending
problem_suite_http,RULE,794,12,512001,problem_suite_http:RULE:c12:s512001:p301,301,301,palindrome,Valid Palindrome,easy,two pointers and string normalization,planning,unfinished_implementation,STUCK_NO_PROGRESS,LOW,True,0,3,1,1,2,CODE_HIGHLIGHT,true,True,2,1,248,270,GUIDING_QUESTION,GUIDING_QUESTION,true,unfinished implementation
problem_suite_http,RULE,795,12,512001,problem_suite_http:RULE:c12:s512001:p301,301,301,palindrome,Valid Palindrome,easy,two pointers and string normalization,first_conceptual_error,possible_null_access_first,POSSIBLE_NULL_ACCESS,MEDIUM,True,3,0,1,2,3,GUIDING_QUESTION,true,True,1,2,254,291,CODE_HIGHLIGHT,CODE_HIGHLIGHT,true,missing null or empty guard
problem_suite_http,RULE,796,12,512001,problem_suite_http:RULE:c12:s512001:p301,301,301,palindrome,Valid Palindrome,easy,two pointers and string normalization,repeated_conceptual_error,possible_null_access_repeat,POSSIBLE_NULL_ACCESS,MEDIUM,True,3,0,2,3,4,CODE_HIGHLIGHT,true,True,1,3,258,298,CONCEPTUAL_HINT,CONCEPTUAL_HINT,true,missing null or empty guard
problem_suite_http,RULE,797,12,512001,problem_suite_http:RULE:c12:s512001:p301,301,301,palindrome,Valid Palindrome,easy,two pointers and string normalization,partial_logic,partial_but_compiling,UNKNOWN,MEDIUM,True,1,2,1,4,5,CONCEPTUAL_HINT,true,True,1,4,247,279,CONCEPTUAL_HINT,CONCEPTUAL_HINT,true,logic block
problem_suite_http,RULE,798,12,512001,problem_suite_http:RULE:c12:s512001:p301,301,301,palindrome,Valid Palindrome,easy,two pointers and string normalization,local_completion,locally_complete,WRONG_CONDITION,LOW,True,1,2,1,5,6,CONCEPTUAL_HINT,true,True,1,5,254,287,CONCEPTUAL_HINT,NO_FEEDBACK,false,while condition
problem_suite_http,RULE,799,12,512002,problem_suite_http:RULE:c12:s512002:p302,302,302,two-sum,Two Sum,easy,hash map lookup and pair search,syntax,missing_statement_ending,SYNTAX_ERROR,HIGH,False,0,0,1,0,1,,,True,1,0,46,90,CODE_HIGHLIGHT,CODE_HIGHLIGHT,true,statement ending
problem_suite_http,RULE,800,12,512002,problem_suite_http:RULE:c12:s512002:p302,302,302,two-sum,Two Sum,easy,hash map lookup and pair search,planning,unfinished_implementation,STUCK_NO_PROGRESS,LOW,True,0,3,1,1,2,CODE_HIGHLIGHT,true,True,2,1,254,289,GUIDING_QUESTION,GUIDING_QUESTION,true,unfinished implementation
problem_suite_http,RULE,801,12,512002,problem_suite_http:RULE:c12:s512002:p302,302,302,two-sum,Two Sum,easy,hash map lookup and pair search,first_conceptual_error,off_by_one_first,OFF_BY_ONE,MEDIUM,True,1,2,1,2,3,GUIDING_QUESTION,true,True,1,2,264,304,CODE_HIGHLIGHT,CODE_HIGHLIGHT,true,for loop condition
problem_suite_http,RULE,802,12,512002,problem_suite_http:RULE:c12:s512002:p302,302,302,two-sum,Two Sum,easy,hash map lookup and pair search,repeated_conceptual_error,off_by_one_repeat,OFF_BY_ONE,MEDIUM,True,1,2,2,3,4,CODE_HIGHLIGHT,true,True,1,3,252,280,CONCEPTUAL_HINT,CONCEPTUAL_HINT,true,for loop condition
problem_suite_http,RULE,803,12,512002,problem_suite_http:RULE:c12:s512002:p302,302,302,two-sum,Two Sum,easy,hash map lookup and pair search,partial_logic,partial_but_compiling,UNKNOWN,MEDIUM,True,1,2,1,4,5,CONCEPTUAL_HINT,true,True,1,4,245,280,CONCEPTUAL_HINT,CONCEPTUAL_HINT,true,logic block
problem_suite_http,RULE,804,12,512002,problem_suite_http:RULE:c12:s512002:p302,302,302,two-sum,Two Sum,easy,hash map lookup and pair search,local_completion,locally_complete,UNKNOWN,LOW,True,3,0,2,5,6,CONCEPTUAL_HINT,true,True,1,5,247,283,NO_FEEDBACK,NO_FEEDBACK,true,logic block
problem_suite_http,RULE,805,12,512003,problem_suite_http:RULE:c12:s512003:p303,303,303,valid-parentheses,Valid Parentheses,easy,stack state and matching brackets,syntax,missing_statement_ending,SYNTAX_ERROR,HIGH,False,0,0,1,0,1,,,True,1,0,47,90,CODE_HIGHLIGHT,CODE_HIGHLIGHT,true,statement ending
problem_suite_http,RULE,806,12,512003,problem_suite_http:RULE:c12:s512003:p303,303,303,valid-parentheses,Valid Parentheses,easy,stack state and matching brackets,planning,unfinished_implementation,STUCK_NO_PROGRESS,LOW,True,0,3,1,1,2,CODE_HIGHLIGHT,true,True,2,1,253,299,GUIDING_QUESTION,GUIDING_QUESTION,true,unfinished implementation
problem_suite_http,RULE,807,12,512003,problem_suite_http:RULE:c12:s512003:p303,303,303,valid-parentheses,Valid Parentheses,easy,stack state and matching brackets,first_conceptual_error,possible_null_access_first,UNKNOWN,MEDIUM,True,3,0,1,2,3,GUIDING_QUESTION,true,True,1,2,246,279,NO_FEEDBACK,CODE_HIGHLIGHT,false,logic block
problem_suite_http,RULE,808,12,512003,problem_suite_http:RULE:c12:s512003:p303,303,303,valid-parentheses,Valid Parentheses,easy,stack state and matching brackets,repeated_conceptual_error,possible_null_access_repeat,UNKNOWN,MEDIUM,True,3,0,2,3,4,NO_FEEDBACK,false,True,1,3,246,276,NO_FEEDBACK,CONCEPTUAL_HINT,false,logic block
problem_suite_http,RULE,809,12,512003,problem_suite_http:RULE:c12:s512003:p303,303,303,valid-parentheses,Valid Parentheses,easy,stack state and matching brackets,partial_logic,partial_but_compiling,UNKNOWN,MEDIUM,True,1,2,3,4,5,NO_FEEDBACK,false,True,1,4,248,281,CONCEPTUAL_HINT,CONCEPTUAL_HINT,true,logic block
problem_suite_http,RULE,810,12,512003,problem_suite_http:RULE:c12:s512003:p303,303,303,valid-parentheses,Valid Parentheses,easy,stack state and matching brackets,local_completion,locally_complete,UNKNOWN,LOW,True,3,0,4,5,6,CONCEPTUAL_HINT,true,True,1,5,249,292,CONCEPTUAL_HINT,NO_FEEDBACK,false,logic block
problem_suite_http,RULE,811,12,512004,problem_suite_http:RULE:c12:s512004:p304,304,304,binary-search,Binary Search,easy,search interval invariant,syntax,missing_statement_ending,SYNTAX_ERROR,HIGH,False,0,0,1,0,1,,,True,1,0,47,68,CODE_HIGHLIGHT,CODE_HIGHLIGHT,true,statement ending
problem_suite_http,RULE,812,12,512004,problem_suite_http:RULE:c12:s512004:p304,304,304,binary-search,Binary Search,easy,search interval invariant,planning,unfinished_implementation,STUCK_NO_PROGRESS,LOW,True,0,3,1,1,2,CODE_HIGHLIGHT,true,True,2,1,242,278,GUIDING_QUESTION,GUIDING_QUESTION,true,unfinished implementation
problem_suite_http,RULE,813,12,512004,problem_suite_http:RULE:c12:s512004:p304,304,304,binary-search,Binary Search,easy,search interval invariant,first_conceptual_error,wrong_loop_boundary_first,WRONG_LOOP_BOUNDARY,MEDIUM,True,1,2,1,2,3,GUIDING_QUESTION,true,True,1,2,249,289,CODE_HIGHLIGHT,CODE_HIGHLIGHT,true,binary search loop boundary
problem_suite_http,RULE,814,12,512004,problem_suite_http:RULE:c12:s512004:p304,304,304,binary-search,Binary Search,easy,search interval invariant,repeated_conceptual_error,wrong_loop_boundary_repeat,WRONG_LOOP_BOUNDARY,MEDIUM,True,1,2,2,3,4,CODE_HIGHLIGHT,true,True,1,3,246,289,CONCEPTUAL_HINT,CONCEPTUAL_HINT,true,binary search loop boundary
problem_suite_http,RULE,815,12,512004,problem_suite_http:RULE:c12:s512004:p304,304,304,binary-search,Binary Search,easy,search interval invariant,partial_logic,partial_but_compiling,UNKNOWN,MEDIUM,True,1,2,1,4,5,CONCEPTUAL_HINT,true,True,1,4,244,265,CONCEPTUAL_HINT,CONCEPTUAL_HINT,true,logic block
problem_suite_http,RULE,816,12,512004,problem_suite_http:RULE:c12:s512004:p304,304,304,binary-search,Binary Search,easy,search interval invariant,local_completion,locally_complete,UNKNOWN,LOW,True,3,0,2,5,6,CONCEPTUAL_HINT,true,True,1,5,267,313,NO_FEEDBACK,NO_FEEDBACK,true,logic block
problem_suite_http,RULE,817,12,512005,problem_suite_http:RULE:c12:s512005:p305,305,305,merge-sorted-array,Merge Sorted Array,easy,array index management,syntax,missing_statement_ending,SYNTAX_ERROR,HIGH,False,0,0,1,0,1,,,True,1,0,52,72,CODE_HIGHLIGHT,CODE_HIGHLIGHT,true,statement ending
problem_suite_http,RULE,818,12,512005,problem_suite_http:RULE:c12:s512005:p305,305,305,merge-sorted-array,Merge Sorted Array,easy,array index management,planning,unfinished_implementation,STUCK_NO_PROGRESS,LOW,True,0,3,1,1,2,CODE_HIGHLIGHT,true,True,2,1,257,302,GUIDING_QUESTION,GUIDING_QUESTION,true,unfinished implementation
problem_suite_http,RULE,819,12,512005,problem_suite_http:RULE:c12:s512005:p305,305,305,merge-sorted-array,Merge Sorted Array,easy,array index management,first_conceptual_error,off_by_one_first,OFF_BY_ONE,MEDIUM,True,1,2,1,2,3,GUIDING_QUESTION,true,True,1,2,241,276,CODE_HIGHLIGHT,CODE_HIGHLIGHT,true,for loop condition
problem_suite_http,RULE,820,12,512005,problem_suite_http:RULE:c12:s512005:p305,305,305,merge-sorted-array,Merge Sorted Array,easy,array index management,repeated_conceptual_error,off_by_one_repeat,OFF_BY_ONE,MEDIUM,True,1,2,2,3,4,CODE_HIGHLIGHT,true,True,1,3,239,277,CONCEPTUAL_HINT,CONCEPTUAL_HINT,true,for loop condition
problem_suite_http,RULE,821,12,512005,problem_suite_http:RULE:c12:s512005:p305,305,305,merge-sorted-array,Merge Sorted Array,easy,array index management,partial_logic,partial_but_compiling,UNKNOWN,MEDIUM,True,1,2,1,4,5,CONCEPTUAL_HINT,true,True,1,4,248,280,CONCEPTUAL_HINT,CONCEPTUAL_HINT,true,logic block
problem_suite_http,RULE,822,12,512005,problem_suite_http:RULE:c12:s512005:p305,305,305,merge-sorted-array,Merge Sorted Array,easy,array index management,local_completion,locally_complete,UNKNOWN,LOW,True,3,0,2,5,6,CONCEPTUAL_HINT,true,True,1,5,262,302,NO_FEEDBACK,NO_FEEDBACK,true,logic block
problem_suite_http,RULE,823,12,512006,problem_suite_http:RULE:c12:s512006:p306,306,306,trapping-rain-water,Trapping Rain Water,hard,two pointers and running maxima,syntax,missing_statement_ending,SYNTAX_ERROR,HIGH,False,0,0,1,0,1,,,True,1,0,51,90,CODE_HIGHLIGHT,CODE_HIGHLIGHT,true,statement ending
problem_suite_http,RULE,824,12,512006,problem_suite_http:RULE:c12:s512006:p306,306,306,trapping-rain-water,Trapping Rain Water,hard,two pointers and running maxima,planning,unfinished_implementation,STUCK_NO_PROGRESS,LOW,True,0,3,1,1,2,CODE_HIGHLIGHT,true,True,2,1,272,311,GUIDING_QUESTION,GUIDING_QUESTION,true,unfinished implementation
problem_suite_http,RULE,825,12,512006,problem_suite_http:RULE:c12:s512006:p306,306,306,trapping-rain-water,Trapping Rain Water,hard,two pointers and running maxima,first_conceptual_error,wrong_condition_first,WRONG_CONDITION,MEDIUM,True,1,2,1,2,3,GUIDING_QUESTION,true,True,1,2,249,283,CONCEPTUAL_HINT,CONCEPTUAL_HINT,true,while condition
problem_suite_http,RULE,826,12,512006,problem_suite_http:RULE:c12:s512006:p306,306,306,trapping-rain-water,Trapping Rain Water,hard,two pointers and running maxima,repeated_conceptual_error,wrong_condition_repeat,WRONG_CONDITION,MEDIUM,True,1,2,2,3,4,CONCEPTUAL_HINT,true,True,1,3,244,285,CONCEPTUAL_HINT,CONCEPTUAL_HINT,true,while condition
problem_suite_http,RULE,827,12,512006,problem_suite_http:RULE:c12:s512006:p306,306,306,trapping-rain-water,Trapping Rain Water,hard,two pointers and running maxima,partial_logic,partial_but_compiling,UNKNOWN,MEDIUM,True,1,2,1,4,5,CONCEPTUAL_HINT,true,True,1,4,249,268,CONCEPTUAL_HINT,CONCEPTUAL_HINT,true,logic block
problem_suite_http,RULE,828,12,512006,problem_suite_http:RULE:c12:s512006:p306,306,306,trapping-rain-water,Trapping Rain Water,hard,two pointers and running maxima,local_completion,locally_complete,UNKNOWN,LOW,True,1,2,2,5,6,CONCEPTUAL_HINT,true,True,1,5,242,274,CONCEPTUAL_HINT,NO_FEEDBACK,false,logic block
problem_suite_http,RULE,829,12,512007,problem_suite_http:RULE:c12:s512007:p307,307,307,lru-cache,LRU Cache,medium,state update and eviction policy,syntax,missing_statement_ending,SYNTAX_ERROR,HIGH,False,0,0,1,0,1,,,True,1,0,47,86,CODE_HIGHLIGHT,CODE_HIGHLIGHT,true,statement ending
problem_suite_http,RULE,830,12,512007,problem_suite_http:RULE:c12:s512007:p307,307,307,lru-cache,LRU Cache,medium,state update and eviction policy,planning,unfinished_implementation,STUCK_NO_PROGRESS,LOW,True,0,3,1,1,2,CODE_HIGHLIGHT,true,True,2,1,246,289,GUIDING_QUESTION,GUIDING_QUESTION,true,unfinished implementation
problem_suite_http,RULE,831,12,512007,problem_suite_http:RULE:c12:s512007:p307,307,307,lru-cache,LRU Cache,medium,state update and eviction policy,first_conceptual_error,unknown_logic_first,UNKNOWN,MEDIUM,True,3,0,1,2,3,GUIDING_QUESTION,true,True,1,2,248,280,NO_FEEDBACK,CONCEPTUAL_HINT,false,logic block
problem_suite_http,RULE,832,12,512007,problem_suite_http:RULE:c12:s512007:p307,307,307,lru-cache,LRU Cache,medium,state update and eviction policy,repeated_conceptual_error,unknown_logic_repeat,UNKNOWN,MEDIUM,True,3,0,2,3,4,NO_FEEDBACK,false,True,1,3,245,287,NO_FEEDBACK,CONCEPTUAL_HINT,false,logic block
problem_suite_http,RULE,833,12,512007,problem_suite_http:RULE:c12:s512007:p307,307,307,lru-cache,LRU Cache,medium,state update and eviction policy,partial_logic,partial_but_compiling,UNKNOWN,MEDIUM,True,1,2,3,4,5,NO_FEEDBACK,false,True,1,4,250,271,CONCEPTUAL_HINT,CONCEPTUAL_HINT,true,logic block
problem_suite_http,RULE,834,12,512007,problem_suite_http:RULE:c12:s512007:p307,307,307,lru-cache,LRU Cache,medium,state update and eviction policy,local_completion,locally_complete,UNKNOWN,LOW,True,3,0,4,5,6,CONCEPTUAL_HINT,true,True,1,5,252,287,CONCEPTUAL_HINT,NO_FEEDBACK,false,logic block
problem_suite_http,RULE,835,12,512008,problem_suite_http:RULE:c12:s512008:p308,308,308,longest-substring,Longest Substring Without Repeating Characters,medium,sliding window invariant,syntax,missing_statement_ending,SYNTAX_ERROR,HIGH,False,0,0,1,0,1,,,True,1,0,49,92,CODE_HIGHLIGHT,CODE_HIGHLIGHT,true,statement ending
problem_suite_http,RULE,836,12,512008,problem_suite_http:RULE:c12:s512008:p308,308,308,longest-substring,Longest Substring Without Repeating Characters,medium,sliding window invariant,planning,unfinished_implementation,STUCK_NO_PROGRESS,LOW,True,0,3,1,1,2,CODE_HIGHLIGHT,true,True,2,1,247,264,GUIDING_QUESTION,GUIDING_QUESTION,true,unfinished implementation
problem_suite_http,RULE,837,12,512008,problem_suite_http:RULE:c12:s512008:p308,308,308,longest-substring,Longest Substring Without Repeating Characters,medium,sliding window invariant,first_conceptual_error,off_by_one_first,OFF_BY_ONE,MEDIUM,True,1,2,1,2,3,GUIDING_QUESTION,true,True,1,2,245,276,CODE_HIGHLIGHT,CODE_HIGHLIGHT,true,for loop condition
problem_suite_http,RULE,838,12,512008,problem_suite_http:RULE:c12:s512008:p308,308,308,longest-substring,Longest Substring Without Repeating Characters,medium,sliding window invariant,repeated_conceptual_error,off_by_one_repeat,OFF_BY_ONE,MEDIUM,True,1,2,2,3,4,CODE_HIGHLIGHT,true,True,1,3,247,292,CONCEPTUAL_HINT,CONCEPTUAL_HINT,true,for loop condition
problem_suite_http,RULE,839,12,512008,problem_suite_http:RULE:c12:s512008:p308,308,308,longest-substring,Longest Substring Without Repeating Characters,medium,sliding window invariant,partial_logic,partial_but_compiling,UNKNOWN,MEDIUM,True,1,2,1,4,5,CONCEPTUAL_HINT,true,True,1,4,242,265,CONCEPTUAL_HINT,CONCEPTUAL_HINT,true,logic block
problem_suite_http,RULE,840,12,512008,problem_suite_http:RULE:c12:s512008:p308,308,308,longest-substring,Longest Substring Without Repeating Characters,medium,sliding window invariant,local_completion,locally_complete,UNKNOWN,LOW,True,3,0,2,5,6,CONCEPTUAL_HINT,true,True,1,5,257,278,NO_FEEDBACK,NO_FEEDBACK,true,logic block
problem_suite_http,RULE,841,12,512009,problem_suite_http:RULE:c12:s512009:p309,309,309,reverse-linked-list,Reverse Linked List,easy,pointer update order,syntax,missing_statement_ending,SYNTAX_ERROR,HIGH,False,0,0,1,0,1,,,True,1,0,49,92,CODE_HIGHLIGHT,CODE_HIGHLIGHT,true,statement ending
problem_suite_http,RULE,842,12,512009,problem_suite_http:RULE:c12:s512009:p309,309,309,reverse-linked-list,Reverse Linked List,easy,pointer update order,planning,unfinished_implementation,STUCK_NO_PROGRESS,LOW,True,0,3,1,1,2,CODE_HIGHLIGHT,true,True,2,1,243,287,GUIDING_QUESTION,GUIDING_QUESTION,true,unfinished implementation
problem_suite_http,RULE,843,12,512009,problem_suite_http:RULE:c12:s512009:p309,309,309,reverse-linked-list,Reverse Linked List,easy,pointer update order,first_conceptual_error,wrong_condition_first,WRONG_CONDITION,MEDIUM,True,1,2,1,2,3,GUIDING_QUESTION,true,True,1,2,246,288,CONCEPTUAL_HINT,CONCEPTUAL_HINT,true,while condition
problem_suite_http,RULE,844,12,512009,problem_suite_http:RULE:c12:s512009:p309,309,309,reverse-linked-list,Reverse Linked List,easy,pointer update order,repeated_conceptual_error,wrong_condition_repeat,WRONG_CONDITION,MEDIUM,True,1,2,2,3,4,CONCEPTUAL_HINT,true,True,1,3,249,282,CONCEPTUAL_HINT,CONCEPTUAL_HINT,true,while condition
problem_suite_http,RULE,845,12,512009,problem_suite_http:RULE:c12:s512009:p309,309,309,reverse-linked-list,Reverse Linked List,easy,pointer update order,partial_logic,partial_but_compiling,UNKNOWN,MEDIUM,True,1,2,1,4,5,CONCEPTUAL_HINT,true,True,1,4,249,282,CONCEPTUAL_HINT,CONCEPTUAL_HINT,true,logic block
problem_suite_http,RULE,846,12,512009,problem_suite_http:RULE:c12:s512009:p309,309,309,reverse-linked-list,Reverse Linked List,easy,pointer update order,local_completion,locally_complete,UNKNOWN,LOW,True,3,0,2,5,6,CONCEPTUAL_HINT,true,True,1,5,246,263,NO_FEEDBACK,NO_FEEDBACK,true,logic block
problem_suite_http,RULE,847,12,512010,problem_suite_http:RULE:c12:s512010:p310,310,310,matrix-diagonal-sum,Matrix Diagonal Sum,easy,nested indexing and double counting,syntax,missing_statement_ending,SYNTAX_ERROR,HIGH,False,0,0,1,0,1,,,True,1,0,49,80,CODE_HIGHLIGHT,CODE_HIGHLIGHT,true,statement ending
problem_suite_http,RULE,848,12,512010,problem_suite_http:RULE:c12:s512010:p310,310,310,matrix-diagonal-sum,Matrix Diagonal Sum,easy,nested indexing and double counting,planning,unfinished_implementation,STUCK_NO_PROGRESS,LOW,True,0,3,1,1,2,CODE_HIGHLIGHT,true,True,2,1,246,289,GUIDING_QUESTION,GUIDING_QUESTION,true,unfinished implementation
problem_suite_http,RULE,849,12,512010,problem_suite_http:RULE:c12:s512010:p310,310,310,matrix-diagonal-sum,Matrix Diagonal Sum,easy,nested indexing and double counting,first_conceptual_error,off_by_one_first,OFF_BY_ONE,MEDIUM,True,1,2,1,2,3,GUIDING_QUESTION,true,True,1,2,250,282,CODE_HIGHLIGHT,CODE_HIGHLIGHT,true,for loop condition
problem_suite_http,RULE,850,12,512010,problem_suite_http:RULE:c12:s512010:p310,310,310,matrix-diagonal-sum,Matrix Diagonal Sum,easy,nested indexing and double counting,repeated_conceptual_error,off_by_one_repeat,OFF_BY_ONE,MEDIUM,True,1,2,2,3,4,CODE_HIGHLIGHT,true,True,1,3,246,282,CONCEPTUAL_HINT,CONCEPTUAL_HINT,true,for loop condition
problem_suite_http,RULE,851,12,512010,problem_suite_http:RULE:c12:s512010:p310,310,310,matrix-diagonal-sum,Matrix Diagonal Sum,easy,nested indexing and double counting,partial_logic,partial_but_compiling,UNKNOWN,MEDIUM,True,1,2,1,4,5,CONCEPTUAL_HINT,true,True,1,4,248,282,CONCEPTUAL_HINT,CONCEPTUAL_HINT,true,logic block
problem_suite_http,RULE,852,12,512010,problem_suite_http:RULE:c12:s512010:p310,310,310,matrix-diagonal-sum,Matrix Diagonal Sum,easy,nested indexing and double counting,local_completion,locally_complete,UNKNOWN,LOW,True,3,0,2,5,6,CONCEPTUAL_HINT,true,True,1,5,255,285,NO_FEEDBACK,NO_FEEDBACK,true,logic block
problem_suite_http,RULE,853,12,512011,problem_suite_http:RULE:c12:s512011:p311,311,311,roman-to-integer,Roman to Integer,easy,lookahead condition,syntax,missing_statement_ending,SYNTAX_ERROR,HIGH,False,0,0,1,0,1,,,True,1,0,47,78,CODE_HIGHLIGHT,CODE_HIGHLIGHT,true,statement ending
problem_suite_http,RULE,854,12,512011,problem_suite_http:RULE:c12:s512011:p311,311,311,roman-to-integer,Roman to Integer,easy,lookahead condition,planning,unfinished_implementation,STUCK_NO_PROGRESS,LOW,True,0,3,1,1,2,CODE_HIGHLIGHT,true,True,2,1,243,291,GUIDING_QUESTION,GUIDING_QUESTION,true,unfinished implementation
problem_suite_http,RULE,855,12,512011,problem_suite_http:RULE:c12:s512011:p311,311,311,roman-to-integer,Roman to Integer,easy,lookahead condition,first_conceptual_error,off_by_one_first,OFF_BY_ONE,MEDIUM,True,1,2,1,2,3,GUIDING_QUESTION,true,True,1,2,252,295,CODE_HIGHLIGHT,CODE_HIGHLIGHT,true,for loop condition
problem_suite_http,RULE,856,12,512011,problem_suite_http:RULE:c12:s512011:p311,311,311,roman-to-integer,Roman to Integer,easy,lookahead condition,repeated_conceptual_error,off_by_one_repeat,OFF_BY_ONE,MEDIUM,True,1,2,2,3,4,CODE_HIGHLIGHT,true,True,1,3,247,281,CONCEPTUAL_HINT,CONCEPTUAL_HINT,true,for loop condition
problem_suite_http,RULE,857,12,512011,problem_suite_http:RULE:c12:s512011:p311,311,311,roman-to-integer,Roman to Integer,easy,lookahead condition,partial_logic,partial_but_compiling,UNKNOWN,MEDIUM,True,1,2,1,4,5,CONCEPTUAL_HINT,true,True,1,4,245,283,CONCEPTUAL_HINT,CONCEPTUAL_HINT,true,logic block
problem_suite_http,RULE,858,12,512011,problem_suite_http:RULE:c12:s512011:p311,311,311,roman-to-integer,Roman to Integer,easy,lookahead condition,local_completion,locally_complete,UNKNOWN,LOW,True,3,0,2,5,6,CONCEPTUAL_HINT,true,True,1,5,248,292,NO_FEEDBACK,NO_FEEDBACK,true,logic block
problem_suite_http,RULE,859,12,512012,problem_suite_http:RULE:c12:s512012:p312,312,312,climbing-stairs,Climbing Stairs,easy,base cases and recurrence,syntax,missing_statement_ending,SYNTAX_ERROR,HIGH,False,0,0,1,0,1,,,True,1,0,48,80,CODE_HIGHLIGHT,CODE_HIGHLIGHT,true,statement ending
problem_suite_http,RULE,860,12,512012,problem_suite_http:RULE:c12:s512012:p312,312,312,climbing-stairs,Climbing Stairs,easy,base cases and recurrence,planning,unfinished_implementation,STUCK_NO_PROGRESS,LOW,True,0,3,1,1,2,CODE_HIGHLIGHT,true,True,2,1,249,289,GUIDING_QUESTION,GUIDING_QUESTION,true,unfinished implementation
problem_suite_http,RULE,861,12,512012,problem_suite_http:RULE:c12:s512012:p312,312,312,climbing-stairs,Climbing Stairs,easy,base cases and recurrence,first_conceptual_error,wrong_condition_first,WRONG_CONDITION,MEDIUM,True,1,2,1,2,3,GUIDING_QUESTION,true,True,1,2,250,295,CONCEPTUAL_HINT,CONCEPTUAL_HINT,true,while condition
problem_suite_http,RULE,862,12,512012,problem_suite_http:RULE:c12:s512012:p312,312,312,climbing-stairs,Climbing Stairs,easy,base cases and recurrence,repeated_conceptual_error,wrong_condition_repeat,WRONG_CONDITION,MEDIUM,True,1,2,2,3,4,CONCEPTUAL_HINT,true,True,1,3,250,291,CONCEPTUAL_HINT,CONCEPTUAL_HINT,true,while condition
problem_suite_http,RULE,863,12,512012,problem_suite_http:RULE:c12:s512012:p312,312,312,climbing-stairs,Climbing Stairs,easy,base cases and recurrence,partial_logic,partial_but_compiling,UNKNOWN,MEDIUM,True,1,2,1,4,5,CONCEPTUAL_HINT,true,True,1,4,284,327,CONCEPTUAL_HINT,CONCEPTUAL_HINT,true,logic block
problem_suite_http,RULE,864,12,512012,problem_suite_http:RULE:c12:s512012:p312,312,312,climbing-stairs,Climbing Stairs,easy,base cases and recurrence,local_completion,locally_complete,OFF_BY_ONE,LOW,True,1,2,1,5,6,CONCEPTUAL_HINT,true,True,1,5,253,293,CODE_HIGHLIGHT,NO_FEEDBACK,false,for loop condition
problem_suite_http,RULE,865,13,513001,problem_suite_http:RULE:c13:s513001:p301,301,301,palindrome,Valid Palindrome,easy,two pointers and string normalization,syntax,missing_statement_ending,SYNTAX_ERROR,HIGH,False,0,0,1,0,1,,,True,1,0,48,79,CODE_HIGHLIGHT,CODE_HIGHLIGHT,true,statement ending
problem_suite_http,RULE,866,13,513001,problem_suite_http:RULE:c13:s513001:p301,301,301,palindrome,Valid Palindrome,easy,two pointers and string normalization,planning,unfinished_implementation,STUCK_NO_PROGRESS,LOW,True,0,3,1,1,2,CODE_HIGHLIGHT,true,True,2,1,248,292,GUIDING_QUESTION,GUIDING_QUESTION,true,unfinished implementation
problem_suite_http,RULE,867,13,513001,problem_suite_http:RULE:c13:s513001:p301,301,301,palindrome,Valid Palindrome,easy,two pointers and string normalization,first_conceptual_error,possible_null_access_first,POSSIBLE_NULL_ACCESS,MEDIUM,True,3,0,1,2,3,GUIDING_QUESTION,true,True,1,2,250,292,CODE_HIGHLIGHT,CODE_HIGHLIGHT,true,missing null or empty guard
problem_suite_http,RULE,868,13,513001,problem_suite_http:RULE:c13:s513001:p301,301,301,palindrome,Valid Palindrome,easy,two pointers and string normalization,repeated_conceptual_error,possible_null_access_repeat,POSSIBLE_NULL_ACCESS,MEDIUM,True,3,0,2,3,4,CODE_HIGHLIGHT,true,True,1,3,243,277,CONCEPTUAL_HINT,CONCEPTUAL_HINT,true,missing null or empty guard
problem_suite_http,RULE,869,13,513001,problem_suite_http:RULE:c13:s513001:p301,301,301,palindrome,Valid Palindrome,easy,two pointers and string normalization,partial_logic,partial_but_compiling,UNKNOWN,MEDIUM,True,1,2,1,4,5,CONCEPTUAL_HINT,true,True,1,4,249,296,CONCEPTUAL_HINT,CONCEPTUAL_HINT,true,logic block
problem_suite_http,RULE,870,13,513001,problem_suite_http:RULE:c13:s513001:p301,301,301,palindrome,Valid Palindrome,easy,two pointers and string normalization,local_completion,locally_complete,WRONG_CONDITION,LOW,True,1,2,1,5,6,CONCEPTUAL_HINT,true,True,1,5,253,291,CONCEPTUAL_HINT,NO_FEEDBACK,false,while condition
problem_suite_http,RULE,871,13,513002,problem_suite_http:RULE:c13:s513002:p302,302,302,two-sum,Two Sum,easy,hash map lookup and pair search,syntax,missing_statement_ending,SYNTAX_ERROR,HIGH,False,0,0,1,0,1,,,True,1,0,46,80,CODE_HIGHLIGHT,CODE_HIGHLIGHT,true,statement ending
problem_suite_http,RULE,872,13,513002,problem_suite_http:RULE:c13:s513002:p302,302,302,two-sum,Two Sum,easy,hash map lookup and pair search,planning,unfinished_implementation,STUCK_NO_PROGRESS,LOW,True,0,3,1,1,2,CODE_HIGHLIGHT,true,True,2,1,241,281,GUIDING_QUESTION,GUIDING_QUESTION,true,unfinished implementation
problem_suite_http,RULE,873,13,513002,problem_suite_http:RULE:c13:s513002:p302,302,302,two-sum,Two Sum,easy,hash map lookup and pair search,first_conceptual_error,off_by_one_first,OFF_BY_ONE,MEDIUM,True,1,2,1,2,3,GUIDING_QUESTION,true,True,1,2,242,280,CODE_HIGHLIGHT,CODE_HIGHLIGHT,true,for loop condition
problem_suite_http,RULE,874,13,513002,problem_suite_http:RULE:c13:s513002:p302,302,302,two-sum,Two Sum,easy,hash map lookup and pair search,repeated_conceptual_error,off_by_one_repeat,OFF_BY_ONE,MEDIUM,True,1,2,2,3,4,CODE_HIGHLIGHT,true,True,1,3,254,298,CONCEPTUAL_HINT,CONCEPTUAL_HINT,true,for loop condition
problem_suite_http,RULE,875,13,513002,problem_suite_http:RULE:c13:s513002:p302,302,302,two-sum,Two Sum,easy,hash map lookup and pair search,partial_logic,partial_but_compiling,UNKNOWN,MEDIUM,True,1,2,1,4,5,CONCEPTUAL_HINT,true,True,1,4,246,272,CONCEPTUAL_HINT,CONCEPTUAL_HINT,true,logic block
problem_suite_http,RULE,876,13,513002,problem_suite_http:RULE:c13:s513002:p302,302,302,two-sum,Two Sum,easy,hash map lookup and pair search,local_completion,locally_complete,UNKNOWN,LOW,True,3,0,2,5,6,CONCEPTUAL_HINT,true,True,1,5,247,277,NO_FEEDBACK,NO_FEEDBACK,true,logic block
problem_suite_http,RULE,877,13,513003,problem_suite_http:RULE:c13:s513003:p303,303,303,valid-parentheses,Valid Parentheses,easy,stack state and matching brackets,syntax,missing_statement_ending,SYNTAX_ERROR,HIGH,False,0,0,1,0,1,,,True,1,0,47,78,CODE_HIGHLIGHT,CODE_HIGHLIGHT,true,statement ending
problem_suite_http,RULE,878,13,513003,problem_suite_http:RULE:c13:s513003:p303,303,303,valid-parentheses,Valid Parentheses,easy,stack state and matching brackets,planning,unfinished_implementation,STUCK_NO_PROGRESS,LOW,True,0,3,1,1,2,CODE_HIGHLIGHT,true,True,2,1,247,277,GUIDING_QUESTION,GUIDING_QUESTION,true,unfinished implementation
problem_suite_http,RULE,879,13,513003,problem_suite_http:RULE:c13:s513003:p303,303,303,valid-parentheses,Valid Parentheses,easy,stack state and matching brackets,first_conceptual_error,possible_null_access_first,UNKNOWN,MEDIUM,True,3,0,1,2,3,GUIDING_QUESTION,true,True,1,2,242,272,NO_FEEDBACK,CODE_HIGHLIGHT,false,logic block
problem_suite_http,RULE,880,13,513003,problem_suite_http:RULE:c13:s513003:p303,303,303,valid-parentheses,Valid Parentheses,easy,stack state and matching brackets,repeated_conceptual_error,possible_null_access_repeat,UNKNOWN,MEDIUM,True,3,0,2,3,4,NO_FEEDBACK,false,True,1,3,254,287,NO_FEEDBACK,CONCEPTUAL_HINT,false,logic block
problem_suite_http,RULE,881,13,513003,problem_suite_http:RULE:c13:s513003:p303,303,303,valid-parentheses,Valid Parentheses,easy,stack state and matching brackets,partial_logic,partial_but_compiling,UNKNOWN,MEDIUM,True,1,2,3,4,5,NO_FEEDBACK,false,True,1,4,239,277,CONCEPTUAL_HINT,CONCEPTUAL_HINT,true,logic block
problem_suite_http,RULE,882,13,513003,problem_suite_http:RULE:c13:s513003:p303,303,303,valid-parentheses,Valid Parentheses,easy,stack state and matching brackets,local_completion,locally_complete,UNKNOWN,LOW,True,3,0,4,5,6,CONCEPTUAL_HINT,true,True,1,5,245,267,CONCEPTUAL_HINT,NO_FEEDBACK,false,logic block
problem_suite_http,RULE,883,13,513004,problem_suite_http:RULE:c13:s513004:p304,304,304,binary-search,Binary Search,easy,search interval invariant,syntax,missing_statement_ending,SYNTAX_ERROR,HIGH,False,0,0,1,0,1,,,True,1,0,46,85,CODE_HIGHLIGHT,CODE_HIGHLIGHT,true,statement ending
problem_suite_http,RULE,884,13,513004,problem_suite_http:RULE:c13:s513004:p304,304,304,binary-search,Binary Search,easy,search interval invariant,planning,unfinished_implementation,STUCK_NO_PROGRESS,LOW,True,0,3,1,1,2,CODE_HIGHLIGHT,true,True,2,1,233,272,GUIDING_QUESTION,GUIDING_QUESTION,true,unfinished implementation
problem_suite_http,RULE,885,13,513004,problem_suite_http:RULE:c13:s513004:p304,304,304,binary-search,Binary Search,easy,search interval invariant,first_conceptual_error,wrong_loop_boundary_first,WRONG_LOOP_BOUNDARY,MEDIUM,True,1,2,1,2,3,GUIDING_QUESTION,true,True,1,2,247,291,CODE_HIGHLIGHT,CODE_HIGHLIGHT,true,binary search loop boundary
problem_suite_http,RULE,886,13,513004,problem_suite_http:RULE:c13:s513004:p304,304,304,binary-search,Binary Search,easy,search interval invariant,repeated_conceptual_error,wrong_loop_boundary_repeat,WRONG_LOOP_BOUNDARY,MEDIUM,True,1,2,2,3,4,CODE_HIGHLIGHT,true,True,1,3,238,275,CONCEPTUAL_HINT,CONCEPTUAL_HINT,true,binary search loop boundary
problem_suite_http,RULE,887,13,513004,problem_suite_http:RULE:c13:s513004:p304,304,304,binary-search,Binary Search,easy,search interval invariant,partial_logic,partial_but_compiling,UNKNOWN,MEDIUM,True,1,2,1,4,5,CONCEPTUAL_HINT,true,True,1,4,244,281,CONCEPTUAL_HINT,CONCEPTUAL_HINT,true,logic block
problem_suite_http,RULE,888,13,513004,problem_suite_http:RULE:c13:s513004:p304,304,304,binary-search,Binary Search,easy,search interval invariant,local_completion,locally_complete,UNKNOWN,LOW,True,3,0,2,5,6,CONCEPTUAL_HINT,true,True,1,5,243,275,NO_FEEDBACK,NO_FEEDBACK,true,logic block
problem_suite_http,RULE,889,13,513005,problem_suite_http:RULE:c13:s513005:p305,305,305,merge-sorted-array,Merge Sorted Array,easy,array index management,syntax,missing_statement_ending,SYNTAX_ERROR,HIGH,False,0,0,1,0,1,,,True,1,0,46,92,CODE_HIGHLIGHT,CODE_HIGHLIGHT,true,statement ending
problem_suite_http,RULE,890,13,513005,problem_suite_http:RULE:c13:s513005:p305,305,305,merge-sorted-array,Merge Sorted Array,easy,array index management,planning,unfinished_implementation,STUCK_NO_PROGRESS,LOW,True,0,3,1,1,2,CODE_HIGHLIGHT,true,True,2,1,247,264,GUIDING_QUESTION,GUIDING_QUESTION,true,unfinished implementation
problem_suite_http,RULE,891,13,513005,problem_suite_http:RULE:c13:s513005:p305,305,305,merge-sorted-array,Merge Sorted Array,easy,array index management,first_conceptual_error,off_by_one_first,OFF_BY_ONE,MEDIUM,True,1,2,1,2,3,GUIDING_QUESTION,true,True,1,2,242,280,CODE_HIGHLIGHT,CODE_HIGHLIGHT,true,for loop condition
problem_suite_http,RULE,892,13,513005,problem_suite_http:RULE:c13:s513005:p305,305,305,merge-sorted-array,Merge Sorted Array,easy,array index management,repeated_conceptual_error,off_by_one_repeat,OFF_BY_ONE,MEDIUM,True,1,2,2,3,4,CODE_HIGHLIGHT,true,True,1,3,244,282,CONCEPTUAL_HINT,CONCEPTUAL_HINT,true,for loop condition
problem_suite_http,RULE,893,13,513005,problem_suite_http:RULE:c13:s513005:p305,305,305,merge-sorted-array,Merge Sorted Array,easy,array index management,partial_logic,partial_but_compiling,UNKNOWN,MEDIUM,True,1,2,1,4,5,CONCEPTUAL_HINT,true,True,1,4,245,292,CONCEPTUAL_HINT,CONCEPTUAL_HINT,true,logic block
problem_suite_http,RULE,894,13,513005,problem_suite_http:RULE:c13:s513005:p305,305,305,merge-sorted-array,Merge Sorted Array,easy,array index management,local_completion,locally_complete,UNKNOWN,LOW,True,3,0,2,5,6,CONCEPTUAL_HINT,true,True,1,5,246,284,NO_FEEDBACK,NO_FEEDBACK,true,logic block
problem_suite_http,RULE,895,13,513006,problem_suite_http:RULE:c13:s513006:p306,306,306,trapping-rain-water,Trapping Rain Water,hard,two pointers and running maxima,syntax,missing_statement_ending,SYNTAX_ERROR,HIGH,False,0,0,1,0,1,,,True,1,0,45,89,CODE_HIGHLIGHT,CODE_HIGHLIGHT,true,statement ending
problem_suite_http,RULE,896,13,513006,problem_suite_http:RULE:c13:s513006:p306,306,306,trapping-rain-water,Trapping Rain Water,hard,two pointers and running maxima,planning,unfinished_implementation,STUCK_NO_PROGRESS,LOW,True,0,3,1,1,2,CODE_HIGHLIGHT,true,True,2,1,255,273,GUIDING_QUESTION,GUIDING_QUESTION,true,unfinished implementation
problem_suite_http,RULE,897,13,513006,problem_suite_http:RULE:c13:s513006:p306,306,306,trapping-rain-water,Trapping Rain Water,hard,two pointers and running maxima,first_conceptual_error,wrong_condition_first,WRONG_CONDITION,MEDIUM,True,1,2,1,2,3,GUIDING_QUESTION,true,True,1,2,241,271,CONCEPTUAL_HINT,CONCEPTUAL_HINT,true,while condition
problem_suite_http,RULE,898,13,513006,problem_suite_http:RULE:c13:s513006:p306,306,306,trapping-rain-water,Trapping Rain Water,hard,two pointers and running maxima,repeated_conceptual_error,wrong_condition_repeat,WRONG_CONDITION,MEDIUM,True,1,2,2,3,4,CONCEPTUAL_HINT,true,True,1,3,254,297,CONCEPTUAL_HINT,CONCEPTUAL_HINT,true,while condition
problem_suite_http,RULE,899,13,513006,problem_suite_http:RULE:c13:s513006:p306,306,306,trapping-rain-water,Trapping Rain Water,hard,two pointers and running maxima,partial_logic,partial_but_compiling,UNKNOWN,MEDIUM,True,1,2,1,4,5,CONCEPTUAL_HINT,true,True,1,4,250,292,CONCEPTUAL_HINT,CONCEPTUAL_HINT,true,logic block
problem_suite_http,RULE,900,13,513006,problem_suite_http:RULE:c13:s513006:p306,306,306,trapping-rain-water,Trapping Rain Water,hard,two pointers and running maxima,local_completion,locally_complete,UNKNOWN,LOW,True,1,2,2,5,6,CONCEPTUAL_HINT,true,True,1,5,261,280,CONCEPTUAL_HINT,NO_FEEDBACK,false,logic block
problem_suite_http,RULE,901,13,513007,problem_suite_http:RULE:c13:s513007:p307,307,307,lru-cache,LRU Cache,medium,state update and eviction policy,syntax,missing_statement_ending,SYNTAX_ERROR,HIGH,False,0,0,1,0,1,,,True,1,0,47,84,CODE_HIGHLIGHT,CODE_HIGHLIGHT,true,statement ending
problem_suite_http,RULE,902,13,513007,problem_suite_http:RULE:c13:s513007:p307,307,307,lru-cache,LRU Cache,medium,state update and eviction policy,planning,unfinished_implementation,STUCK_NO_PROGRESS,LOW,True,0,3,1,1,2,CODE_HIGHLIGHT,true,True,2,1,246,281,GUIDING_QUESTION,GUIDING_QUESTION,true,unfinished implementation
problem_suite_http,RULE,903,13,513007,problem_suite_http:RULE:c13:s513007:p307,307,307,lru-cache,LRU Cache,medium,state update and eviction policy,first_conceptual_error,unknown_logic_first,UNKNOWN,MEDIUM,True,3,0,1,2,3,GUIDING_QUESTION,true,True,1,2,283,316,NO_FEEDBACK,CONCEPTUAL_HINT,false,logic block
problem_suite_http,RULE,904,13,513007,problem_suite_http:RULE:c13:s513007:p307,307,307,lru-cache,LRU Cache,medium,state update and eviction policy,repeated_conceptual_error,unknown_logic_repeat,UNKNOWN,MEDIUM,True,3,0,2,3,4,NO_FEEDBACK,false,True,1,3,262,306,NO_FEEDBACK,CONCEPTUAL_HINT,false,logic block
problem_suite_http,RULE,905,13,513007,problem_suite_http:RULE:c13:s513007:p307,307,307,lru-cache,LRU Cache,medium,state update and eviction policy,partial_logic,partial_but_compiling,UNKNOWN,MEDIUM,True,1,2,3,4,5,NO_FEEDBACK,false,True,1,4,253,284,CONCEPTUAL_HINT,CONCEPTUAL_HINT,true,logic block
problem_suite_http,RULE,906,13,513007,problem_suite_http:RULE:c13:s513007:p307,307,307,lru-cache,LRU Cache,medium,state update and eviction policy,local_completion,locally_complete,UNKNOWN,LOW,True,3,0,4,5,6,CONCEPTUAL_HINT,true,True,1,5,247,280,CONCEPTUAL_HINT,NO_FEEDBACK,false,logic block
problem_suite_http,RULE,907,13,513008,problem_suite_http:RULE:c13:s513008:p308,308,308,longest-substring,Longest Substring Without Repeating Characters,medium,sliding window invariant,syntax,missing_statement_ending,SYNTAX_ERROR,HIGH,False,0,0,1,0,1,,,True,1,0,45,86,CODE_HIGHLIGHT,CODE_HIGHLIGHT,true,statement ending
problem_suite_http,RULE,908,13,513008,problem_suite_http:RULE:c13:s513008:p308,308,308,longest-substring,Longest Substring Without Repeating Characters,medium,sliding window invariant,planning,unfinished_implementation,STUCK_NO_PROGRESS,LOW,True,0,3,1,1,2,CODE_HIGHLIGHT,true,True,2,1,241,264,GUIDING_QUESTION,GUIDING_QUESTION,true,unfinished implementation
problem_suite_http,RULE,909,13,513008,problem_suite_http:RULE:c13:s513008:p308,308,308,longest-substring,Longest Substring Without Repeating Characters,medium,sliding window invariant,first_conceptual_error,off_by_one_first,OFF_BY_ONE,MEDIUM,True,1,2,1,2,3,GUIDING_QUESTION,true,True,1,2,252,285,CODE_HIGHLIGHT,CODE_HIGHLIGHT,true,for loop condition
problem_suite_http,RULE,910,13,513008,problem_suite_http:RULE:c13:s513008:p308,308,308,longest-substring,Longest Substring Without Repeating Characters,medium,sliding window invariant,repeated_conceptual_error,off_by_one_repeat,OFF_BY_ONE,MEDIUM,True,1,2,2,3,4,CODE_HIGHLIGHT,true,True,1,3,241,263,CONCEPTUAL_HINT,CONCEPTUAL_HINT,true,for loop condition
problem_suite_http,RULE,911,13,513008,problem_suite_http:RULE:c13:s513008:p308,308,308,longest-substring,Longest Substring Without Repeating Characters,medium,sliding window invariant,partial_logic,partial_but_compiling,UNKNOWN,MEDIUM,True,1,2,1,4,5,CONCEPTUAL_HINT,true,True,1,4,237,258,CONCEPTUAL_HINT,CONCEPTUAL_HINT,true,logic block
problem_suite_http,RULE,912,13,513008,problem_suite_http:RULE:c13:s513008:p308,308,308,longest-substring,Longest Substring Without Repeating Characters,medium,sliding window invariant,local_completion,locally_complete,UNKNOWN,LOW,True,3,0,2,5,6,CONCEPTUAL_HINT,true,True,1,5,250,283,NO_FEEDBACK,NO_FEEDBACK,true,logic block
problem_suite_http,RULE,913,13,513009,problem_suite_http:RULE:c13:s513009:p309,309,309,reverse-linked-list,Reverse Linked List,easy,pointer update order,syntax,missing_statement_ending,SYNTAX_ERROR,HIGH,False,0,0,1,0,1,,,True,1,0,50,88,CODE_HIGHLIGHT,CODE_HIGHLIGHT,true,statement ending
problem_suite_http,RULE,914,13,513009,problem_suite_http:RULE:c13:s513009:p309,309,309,reverse-linked-list,Reverse Linked List,easy,pointer update order,planning,unfinished_implementation,STUCK_NO_PROGRESS,LOW,True,0,3,1,1,2,CODE_HIGHLIGHT,true,True,2,1,250,284,GUIDING_QUESTION,GUIDING_QUESTION,true,unfinished implementation
problem_suite_http,RULE,915,13,513009,problem_suite_http:RULE:c13:s513009:p309,309,309,reverse-linked-list,Reverse Linked List,easy,pointer update order,first_conceptual_error,wrong_condition_first,WRONG_CONDITION,MEDIUM,True,1,2,1,2,3,GUIDING_QUESTION,true,True,1,2,237,277,CONCEPTUAL_HINT,CONCEPTUAL_HINT,true,while condition
problem_suite_http,RULE,916,13,513009,problem_suite_http:RULE:c13:s513009:p309,309,309,reverse-linked-list,Reverse Linked List,easy,pointer update order,repeated_conceptual_error,wrong_condition_repeat,WRONG_CONDITION,MEDIUM,True,1,2,2,3,4,CONCEPTUAL_HINT,true,True,1,3,242,273,CONCEPTUAL_HINT,CONCEPTUAL_HINT,true,while condition
problem_suite_http,RULE,917,13,513009,problem_suite_http:RULE:c13:s513009:p309,309,309,reverse-linked-list,Reverse Linked List,easy,pointer update order,partial_logic,partial_but_compiling,UNKNOWN,MEDIUM,True,1,2,1,4,5,CONCEPTUAL_HINT,true,True,1,4,247,288,CONCEPTUAL_HINT,CONCEPTUAL_HINT,true,logic block
problem_suite_http,RULE,918,13,513009,problem_suite_http:RULE:c13:s513009:p309,309,309,reverse-linked-list,Reverse Linked List,easy,pointer update order,local_completion,locally_complete,UNKNOWN,LOW,True,3,0,2,5,6,CONCEPTUAL_HINT,true,True,1,5,248,282,NO_FEEDBACK,NO_FEEDBACK,true,logic block
problem_suite_http,RULE,919,13,513010,problem_suite_http:RULE:c13:s513010:p310,310,310,matrix-diagonal-sum,Matrix Diagonal Sum,easy,nested indexing and double counting,syntax,missing_statement_ending,SYNTAX_ERROR,HIGH,False,0,0,1,0,1,,,True,1,0,47,82,CODE_HIGHLIGHT,CODE_HIGHLIGHT,true,statement ending
problem_suite_http,RULE,920,13,513010,problem_suite_http:RULE:c13:s513010:p310,310,310,matrix-diagonal-sum,Matrix Diagonal Sum,easy,nested indexing and double counting,planning,unfinished_implementation,STUCK_NO_PROGRESS,LOW,True,0,3,1,1,2,CODE_HIGHLIGHT,true,True,2,1,242,285,GUIDING_QUESTION,GUIDING_QUESTION,true,unfinished implementation
problem_suite_http,RULE,921,13,513010,problem_suite_http:RULE:c13:s513010:p310,310,310,matrix-diagonal-sum,Matrix Diagonal Sum,easy,nested indexing and double counting,first_conceptual_error,off_by_one_first,OFF_BY_ONE,MEDIUM,True,1,2,1,2,3,GUIDING_QUESTION,true,True,1,2,247,289,CODE_HIGHLIGHT,CODE_HIGHLIGHT,true,for loop condition
problem_suite_http,RULE,922,13,513010,problem_suite_http:RULE:c13:s513010:p310,310,310,matrix-diagonal-sum,Matrix Diagonal Sum,easy,nested indexing and double counting,repeated_conceptual_error,off_by_one_repeat,OFF_BY_ONE,MEDIUM,True,1,2,2,3,4,CODE_HIGHLIGHT,true,True,1,3,238,276,CONCEPTUAL_HINT,CONCEPTUAL_HINT,true,for loop condition
problem_suite_http,RULE,923,13,513010,problem_suite_http:RULE:c13:s513010:p310,310,310,matrix-diagonal-sum,Matrix Diagonal Sum,easy,nested indexing and double counting,partial_logic,partial_but_compiling,UNKNOWN,MEDIUM,True,1,2,1,4,5,CONCEPTUAL_HINT,true,True,1,4,240,273,CONCEPTUAL_HINT,CONCEPTUAL_HINT,true,logic block
problem_suite_http,RULE,924,13,513010,problem_suite_http:RULE:c13:s513010:p310,310,310,matrix-diagonal-sum,Matrix Diagonal Sum,easy,nested indexing and double counting,local_completion,locally_complete,UNKNOWN,LOW,True,3,0,2,5,6,CONCEPTUAL_HINT,true,True,1,5,243,286,NO_FEEDBACK,NO_FEEDBACK,true,logic block
problem_suite_http,RULE,925,13,513011,problem_suite_http:RULE:c13:s513011:p311,311,311,roman-to-integer,Roman to Integer,easy,lookahead condition,syntax,missing_statement_ending,SYNTAX_ERROR,HIGH,False,0,0,1,0,1,,,True,1,0,46,86,CODE_HIGHLIGHT,CODE_HIGHLIGHT,true,statement ending
problem_suite_http,RULE,926,13,513011,problem_suite_http:RULE:c13:s513011:p311,311,311,roman-to-integer,Roman to Integer,easy,lookahead condition,planning,unfinished_implementation,STUCK_NO_PROGRESS,LOW,True,0,3,1,1,2,CODE_HIGHLIGHT,true,True,2,1,251,295,GUIDING_QUESTION,GUIDING_QUESTION,true,unfinished implementation
problem_suite_http,RULE,927,13,513011,problem_suite_http:RULE:c13:s513011:p311,311,311,roman-to-integer,Roman to Integer,easy,lookahead condition,first_conceptual_error,off_by_one_first,OFF_BY_ONE,MEDIUM,True,1,2,1,2,3,GUIDING_QUESTION,true,True,1,2,251,282,CODE_HIGHLIGHT,CODE_HIGHLIGHT,true,for loop condition
problem_suite_http,RULE,928,13,513011,problem_suite_http:RULE:c13:s513011:p311,311,311,roman-to-integer,Roman to Integer,easy,lookahead condition,repeated_conceptual_error,off_by_one_repeat,OFF_BY_ONE,MEDIUM,True,1,2,2,3,4,CODE_HIGHLIGHT,true,True,1,3,244,272,CONCEPTUAL_HINT,CONCEPTUAL_HINT,true,for loop condition
problem_suite_http,RULE,929,13,513011,problem_suite_http:RULE:c13:s513011:p311,311,311,roman-to-integer,Roman to Integer,easy,lookahead condition,partial_logic,partial_but_compiling,UNKNOWN,MEDIUM,True,1,2,1,4,5,CONCEPTUAL_HINT,true,True,1,4,243,287,CONCEPTUAL_HINT,CONCEPTUAL_HINT,true,logic block
problem_suite_http,RULE,930,13,513011,problem_suite_http:RULE:c13:s513011:p311,311,311,roman-to-integer,Roman to Integer,easy,lookahead condition,local_completion,locally_complete,UNKNOWN,LOW,True,3,0,2,5,6,CONCEPTUAL_HINT,true,True,1,5,259,293,NO_FEEDBACK,NO_FEEDBACK,true,logic block
problem_suite_http,RULE,931,13,513012,problem_suite_http:RULE:c13:s513012:p312,312,312,climbing-stairs,Climbing Stairs,easy,base cases and recurrence,syntax,missing_statement_ending,SYNTAX_ERROR,HIGH,False,0,0,1,0,1,,,True,1,0,46,85,CODE_HIGHLIGHT,CODE_HIGHLIGHT,true,statement ending
problem_suite_http,RULE,932,13,513012,problem_suite_http:RULE:c13:s513012:p312,312,312,climbing-stairs,Climbing Stairs,easy,base cases and recurrence,planning,unfinished_implementation,STUCK_NO_PROGRESS,LOW,True,0,3,1,1,2,CODE_HIGHLIGHT,true,True,2,1,252,284,GUIDING_QUESTION,GUIDING_QUESTION,true,unfinished implementation
problem_suite_http,RULE,933,13,513012,problem_suite_http:RULE:c13:s513012:p312,312,312,climbing-stairs,Climbing Stairs,easy,base cases and recurrence,first_conceptual_error,wrong_condition_first,WRONG_CONDITION,MEDIUM,True,1,2,1,2,3,GUIDING_QUESTION,true,True,1,2,257,298,CONCEPTUAL_HINT,CONCEPTUAL_HINT,true,while condition
problem_suite_http,RULE,934,13,513012,problem_suite_http:RULE:c13:s513012:p312,312,312,climbing-stairs,Climbing Stairs,easy,base cases and recurrence,repeated_conceptual_error,wrong_condition_repeat,WRONG_CONDITION,MEDIUM,True,1,2,2,3,4,CONCEPTUAL_HINT,true,True,1,3,251,288,CONCEPTUAL_HINT,CONCEPTUAL_HINT,true,while condition
problem_suite_http,RULE,935,13,513012,problem_suite_http:RULE:c13:s513012:p312,312,312,climbing-stairs,Climbing Stairs,easy,base cases and recurrence,partial_logic,partial_but_compiling,UNKNOWN,MEDIUM,True,1,2,1,4,5,CONCEPTUAL_HINT,true,True,1,4,246,289,CONCEPTUAL_HINT,CONCEPTUAL_HINT,true,logic block
problem_suite_http,RULE,936,13,513012,problem_suite_http:RULE:c13:s513012:p312,312,312,climbing-stairs,Climbing Stairs,easy,base cases and recurrence,local_completion,locally_complete,OFF_BY_ONE,LOW,True,1,2,1,5,6,CONCEPTUAL_HINT,true,True,1,5,246,293,CODE_HIGHLIGHT,NO_FEEDBACK,false,for loop condition
problem_suite_http,RULE,937,14,514001,problem_suite_http:RULE:c14:s514001:p301,301,301,palindrome,Valid Palindrome,easy,two pointers and string normalization,syntax,missing_statement_ending,SYNTAX_ERROR,HIGH,False,0,0,1,0,1,,,True,1,0,47,89,CODE_HIGHLIGHT,CODE_HIGHLIGHT,true,statement ending
problem_suite_http,RULE,938,14,514001,problem_suite_http:RULE:c14:s514001:p301,301,301,palindrome,Valid Palindrome,easy,two pointers and string normalization,planning,unfinished_implementation,STUCK_NO_PROGRESS,LOW,True,0,3,1,1,2,CODE_HIGHLIGHT,true,True,2,1,245,292,GUIDING_QUESTION,GUIDING_QUESTION,true,unfinished implementation
problem_suite_http,RULE,939,14,514001,problem_suite_http:RULE:c14:s514001:p301,301,301,palindrome,Valid Palindrome,easy,two pointers and string normalization,first_conceptual_error,possible_null_access_first,POSSIBLE_NULL_ACCESS,MEDIUM,True,3,0,1,2,3,GUIDING_QUESTION,true,True,1,2,287,316,CODE_HIGHLIGHT,CODE_HIGHLIGHT,true,missing null or empty guard
problem_suite_http,RULE,940,14,514001,problem_suite_http:RULE:c14:s514001:p301,301,301,palindrome,Valid Palindrome,easy,two pointers and string normalization,repeated_conceptual_error,possible_null_access_repeat,POSSIBLE_NULL_ACCESS,MEDIUM,True,3,0,2,3,4,CODE_HIGHLIGHT,true,True,1,3,274,296,CONCEPTUAL_HINT,CONCEPTUAL_HINT,true,missing null or empty guard
problem_suite_http,RULE,941,14,514001,problem_suite_http:RULE:c14:s514001:p301,301,301,palindrome,Valid Palindrome,easy,two pointers and string normalization,partial_logic,partial_but_compiling,UNKNOWN,MEDIUM,True,1,2,1,4,5,CONCEPTUAL_HINT,true,True,1,4,256,298,CONCEPTUAL_HINT,CONCEPTUAL_HINT,true,logic block
problem_suite_http,RULE,942,14,514001,problem_suite_http:RULE:c14:s514001:p301,301,301,palindrome,Valid Palindrome,easy,two pointers and string normalization,local_completion,locally_complete,WRONG_CONDITION,LOW,True,1,2,1,5,6,CONCEPTUAL_HINT,true,True,1,5,319,357,CONCEPTUAL_HINT,NO_FEEDBACK,false,while condition
problem_suite_http,RULE,943,14,514002,problem_suite_http:RULE:c14:s514002:p302,302,302,two-sum,Two Sum,easy,hash map lookup and pair search,syntax,missing_statement_ending,SYNTAX_ERROR,HIGH,False,0,0,1,0,1,,,True,1,0,59,99,CODE_HIGHLIGHT,CODE_HIGHLIGHT,true,statement ending
problem_suite_http,RULE,944,14,514002,problem_suite_http:RULE:c14:s514002:p302,302,302,two-sum,Two Sum,easy,hash map lookup and pair search,planning,unfinished_implementation,STUCK_NO_PROGRESS,LOW,True,0,3,1,1,2,CODE_HIGHLIGHT,true,True,2,1,255,285,GUIDING_QUESTION,GUIDING_QUESTION,true,unfinished implementation
problem_suite_http,RULE,945,14,514002,problem_suite_http:RULE:c14:s514002:p302,302,302,two-sum,Two Sum,easy,hash map lookup and pair search,first_conceptual_error,off_by_one_first,OFF_BY_ONE,MEDIUM,True,1,2,1,2,3,GUIDING_QUESTION,true,True,1,2,245,285,CODE_HIGHLIGHT,CODE_HIGHLIGHT,true,for loop condition
problem_suite_http,RULE,946,14,514002,problem_suite_http:RULE:c14:s514002:p302,302,302,two-sum,Two Sum,easy,hash map lookup and pair search,repeated_conceptual_error,off_by_one_repeat,OFF_BY_ONE,MEDIUM,True,1,2,2,3,4,CODE_HIGHLIGHT,true,True,1,3,251,297,CONCEPTUAL_HINT,CONCEPTUAL_HINT,true,for loop condition
problem_suite_http,RULE,947,14,514002,problem_suite_http:RULE:c14:s514002:p302,302,302,two-sum,Two Sum,easy,hash map lookup and pair search,partial_logic,partial_but_compiling,UNKNOWN,MEDIUM,True,1,2,1,4,5,CONCEPTUAL_HINT,true,True,1,4,243,284,CONCEPTUAL_HINT,CONCEPTUAL_HINT,true,logic block
problem_suite_http,RULE,948,14,514002,problem_suite_http:RULE:c14:s514002:p302,302,302,two-sum,Two Sum,easy,hash map lookup and pair search,local_completion,locally_complete,UNKNOWN,LOW,True,3,0,2,5,6,CONCEPTUAL_HINT,true,True,1,5,264,303,NO_FEEDBACK,NO_FEEDBACK,true,logic block
problem_suite_http,RULE,949,14,514003,problem_suite_http:RULE:c14:s514003:p303,303,303,valid-parentheses,Valid Parentheses,easy,stack state and matching brackets,syntax,missing_statement_ending,SYNTAX_ERROR,HIGH,False,0,0,1,0,1,,,True,1,0,58,83,CODE_HIGHLIGHT,CODE_HIGHLIGHT,true,statement ending
problem_suite_http,RULE,950,14,514003,problem_suite_http:RULE:c14:s514003:p303,303,303,valid-parentheses,Valid Parentheses,easy,stack state and matching brackets,planning,unfinished_implementation,STUCK_NO_PROGRESS,LOW,True,0,3,1,1,2,CODE_HIGHLIGHT,true,True,2,1,302,327,GUIDING_QUESTION,GUIDING_QUESTION,true,unfinished implementation
problem_suite_http,RULE,951,14,514003,problem_suite_http:RULE:c14:s514003:p303,303,303,valid-parentheses,Valid Parentheses,easy,stack state and matching brackets,first_conceptual_error,possible_null_access_first,UNKNOWN,MEDIUM,True,3,0,1,2,3,GUIDING_QUESTION,true,True,1,2,256,295,NO_FEEDBACK,CODE_HIGHLIGHT,false,logic block
problem_suite_http,RULE,952,14,514003,problem_suite_http:RULE:c14:s514003:p303,303,303,valid-parentheses,Valid Parentheses,easy,stack state and matching brackets,repeated_conceptual_error,possible_null_access_repeat,UNKNOWN,MEDIUM,True,3,0,2,3,4,NO_FEEDBACK,false,True,1,3,249,290,NO_FEEDBACK,CONCEPTUAL_HINT,false,logic block
problem_suite_http,RULE,953,14,514003,problem_suite_http:RULE:c14:s514003:p303,303,303,valid-parentheses,Valid Parentheses,easy,stack state and matching brackets,partial_logic,partial_but_compiling,UNKNOWN,MEDIUM,True,1,2,3,4,5,NO_FEEDBACK,false,True,1,4,251,293,CONCEPTUAL_HINT,CONCEPTUAL_HINT,true,logic block
problem_suite_http,RULE,954,14,514003,problem_suite_http:RULE:c14:s514003:p303,303,303,valid-parentheses,Valid Parentheses,easy,stack state and matching brackets,local_completion,locally_complete,UNKNOWN,LOW,True,3,0,4,5,6,CONCEPTUAL_HINT,true,True,1,5,246,262,CONCEPTUAL_HINT,NO_FEEDBACK,false,logic block
problem_suite_http,RULE,955,14,514004,problem_suite_http:RULE:c14:s514004:p304,304,304,binary-search,Binary Search,easy,search interval invariant,syntax,missing_statement_ending,SYNTAX_ERROR,HIGH,False,0,0,1,0,1,,,True,1,0,51,87,CODE_HIGHLIGHT,CODE_HIGHLIGHT,true,statement ending
problem_suite_http,RULE,956,14,514004,problem_suite_http:RULE:c14:s514004:p304,304,304,binary-search,Binary Search,easy,search interval invariant,planning,unfinished_implementation,STUCK_NO_PROGRESS,LOW,True,0,3,1,1,2,CODE_HIGHLIGHT,true,True,2,1,239,273,GUIDING_QUESTION,GUIDING_QUESTION,true,unfinished implementation
problem_suite_http,RULE,957,14,514004,problem_suite_http:RULE:c14:s514004:p304,304,304,binary-search,Binary Search,easy,search interval invariant,first_conceptual_error,wrong_loop_boundary_first,WRONG_LOOP_BOUNDARY,MEDIUM,True,1,2,1,2,3,GUIDING_QUESTION,true,True,1,2,250,284,CODE_HIGHLIGHT,CODE_HIGHLIGHT,true,binary search loop boundary
problem_suite_http,RULE,958,14,514004,problem_suite_http:RULE:c14:s514004:p304,304,304,binary-search,Binary Search,easy,search interval invariant,repeated_conceptual_error,wrong_loop_boundary_repeat,WRONG_LOOP_BOUNDARY,MEDIUM,True,1,2,2,3,4,CODE_HIGHLIGHT,true,True,1,3,241,278,CONCEPTUAL_HINT,CONCEPTUAL_HINT,true,binary search loop boundary
problem_suite_http,RULE,959,14,514004,problem_suite_http:RULE:c14:s514004:p304,304,304,binary-search,Binary Search,easy,search interval invariant,partial_logic,partial_but_compiling,UNKNOWN,MEDIUM,True,1,2,1,4,5,CONCEPTUAL_HINT,true,True,1,4,245,290,CONCEPTUAL_HINT,CONCEPTUAL_HINT,true,logic block
problem_suite_http,RULE,960,14,514004,problem_suite_http:RULE:c14:s514004:p304,304,304,binary-search,Binary Search,easy,search interval invariant,local_completion,locally_complete,UNKNOWN,LOW,True,3,0,2,5,6,CONCEPTUAL_HINT,true,True,1,5,247,293,NO_FEEDBACK,NO_FEEDBACK,true,logic block
problem_suite_http,RULE,961,14,514005,problem_suite_http:RULE:c14:s514005:p305,305,305,merge-sorted-array,Merge Sorted Array,easy,array index management,syntax,missing_statement_ending,SYNTAX_ERROR,HIGH,False,0,0,1,0,1,,,True,1,0,49,94,CODE_HIGHLIGHT,CODE_HIGHLIGHT,true,statement ending
problem_suite_http,RULE,962,14,514005,problem_suite_http:RULE:c14:s514005:p305,305,305,merge-sorted-array,Merge Sorted Array,easy,array index management,planning,unfinished_implementation,STUCK_NO_PROGRESS,LOW,True,0,3,1,1,2,CODE_HIGHLIGHT,true,True,2,1,246,277,GUIDING_QUESTION,GUIDING_QUESTION,true,unfinished implementation
problem_suite_http,RULE,963,14,514005,problem_suite_http:RULE:c14:s514005:p305,305,305,merge-sorted-array,Merge Sorted Array,easy,array index management,first_conceptual_error,off_by_one_first,OFF_BY_ONE,MEDIUM,True,1,2,1,2,3,GUIDING_QUESTION,true,True,1,2,249,289,CODE_HIGHLIGHT,CODE_HIGHLIGHT,true,for loop condition
problem_suite_http,RULE,964,14,514005,problem_suite_http:RULE:c14:s514005:p305,305,305,merge-sorted-array,Merge Sorted Array,easy,array index management,repeated_conceptual_error,off_by_one_repeat,OFF_BY_ONE,MEDIUM,True,1,2,2,3,4,CODE_HIGHLIGHT,true,True,1,3,247,287,CONCEPTUAL_HINT,CONCEPTUAL_HINT,true,for loop condition
problem_suite_http,RULE,965,14,514005,problem_suite_http:RULE:c14:s514005:p305,305,305,merge-sorted-array,Merge Sorted Array,easy,array index management,partial_logic,partial_but_compiling,UNKNOWN,MEDIUM,True,1,2,1,4,5,CONCEPTUAL_HINT,true,True,1,4,247,265,CONCEPTUAL_HINT,CONCEPTUAL_HINT,true,logic block
problem_suite_http,RULE,966,14,514005,problem_suite_http:RULE:c14:s514005:p305,305,305,merge-sorted-array,Merge Sorted Array,easy,array index management,local_completion,locally_complete,UNKNOWN,LOW,True,3,0,2,5,6,CONCEPTUAL_HINT,true,True,1,5,243,285,NO_FEEDBACK,NO_FEEDBACK,true,logic block
problem_suite_http,RULE,967,14,514006,problem_suite_http:RULE:c14:s514006:p306,306,306,trapping-rain-water,Trapping Rain Water,hard,two pointers and running maxima,syntax,missing_statement_ending,SYNTAX_ERROR,HIGH,False,0,0,1,0,1,,,True,1,0,46,91,CODE_HIGHLIGHT,CODE_HIGHLIGHT,true,statement ending
problem_suite_http,RULE,968,14,514006,problem_suite_http:RULE:c14:s514006:p306,306,306,trapping-rain-water,Trapping Rain Water,hard,two pointers and running maxima,planning,unfinished_implementation,STUCK_NO_PROGRESS,LOW,True,0,3,1,1,2,CODE_HIGHLIGHT,true,True,2,1,245,278,GUIDING_QUESTION,GUIDING_QUESTION,true,unfinished implementation
problem_suite_http,RULE,969,14,514006,problem_suite_http:RULE:c14:s514006:p306,306,306,trapping-rain-water,Trapping Rain Water,hard,two pointers and running maxima,first_conceptual_error,wrong_condition_first,WRONG_CONDITION,MEDIUM,True,1,2,1,2,3,GUIDING_QUESTION,true,True,1,2,245,280,CONCEPTUAL_HINT,CONCEPTUAL_HINT,true,while condition
problem_suite_http,RULE,970,14,514006,problem_suite_http:RULE:c14:s514006:p306,306,306,trapping-rain-water,Trapping Rain Water,hard,two pointers and running maxima,repeated_conceptual_error,wrong_condition_repeat,WRONG_CONDITION,MEDIUM,True,1,2,2,3,4,CONCEPTUAL_HINT,true,True,1,3,248,280,CONCEPTUAL_HINT,CONCEPTUAL_HINT,true,while condition
problem_suite_http,RULE,971,14,514006,problem_suite_http:RULE:c14:s514006:p306,306,306,trapping-rain-water,Trapping Rain Water,hard,two pointers and running maxima,partial_logic,partial_but_compiling,UNKNOWN,MEDIUM,True,1,2,1,4,5,CONCEPTUAL_HINT,true,True,1,4,250,283,CONCEPTUAL_HINT,CONCEPTUAL_HINT,true,logic block
problem_suite_http,RULE,972,14,514006,problem_suite_http:RULE:c14:s514006:p306,306,306,trapping-rain-water,Trapping Rain Water,hard,two pointers and running maxima,local_completion,locally_complete,UNKNOWN,LOW,True,1,2,2,5,6,CONCEPTUAL_HINT,true,True,1,5,252,294,CONCEPTUAL_HINT,NO_FEEDBACK,false,logic block
problem_suite_http,RULE,973,14,514007,problem_suite_http:RULE:c14:s514007:p307,307,307,lru-cache,LRU Cache,medium,state update and eviction policy,syntax,missing_statement_ending,SYNTAX_ERROR,HIGH,False,0,0,1,0,1,,,True,1,0,50,82,CODE_HIGHLIGHT,CODE_HIGHLIGHT,true,statement ending
problem_suite_http,RULE,974,14,514007,problem_suite_http:RULE:c14:s514007:p307,307,307,lru-cache,LRU Cache,medium,state update and eviction policy,planning,unfinished_implementation,STUCK_NO_PROGRESS,LOW,True,0,3,1,1,2,CODE_HIGHLIGHT,true,True,2,1,242,278,GUIDING_QUESTION,GUIDING_QUESTION,true,unfinished implementation
problem_suite_http,RULE,975,14,514007,problem_suite_http:RULE:c14:s514007:p307,307,307,lru-cache,LRU Cache,medium,state update and eviction policy,first_conceptual_error,unknown_logic_first,UNKNOWN,MEDIUM,True,3,0,1,2,3,GUIDING_QUESTION,true,True,1,2,241,274,NO_FEEDBACK,CONCEPTUAL_HINT,false,logic block
problem_suite_http,RULE,976,14,514007,problem_suite_http:RULE:c14:s514007:p307,307,307,lru-cache,LRU Cache,medium,state update and eviction policy,repeated_conceptual_error,unknown_logic_repeat,UNKNOWN,MEDIUM,True,3,0,2,3,4,NO_FEEDBACK,false,True,1,3,249,285,NO_FEEDBACK,CONCEPTUAL_HINT,false,logic block
problem_suite_http,RULE,977,14,514007,problem_suite_http:RULE:c14:s514007:p307,307,307,lru-cache,LRU Cache,medium,state update and eviction policy,partial_logic,partial_but_compiling,UNKNOWN,MEDIUM,True,1,2,3,4,5,NO_FEEDBACK,false,True,1,4,254,272,CONCEPTUAL_HINT,CONCEPTUAL_HINT,true,logic block
problem_suite_http,RULE,978,14,514007,problem_suite_http:RULE:c14:s514007:p307,307,307,lru-cache,LRU Cache,medium,state update and eviction policy,local_completion,locally_complete,UNKNOWN,LOW,True,3,0,4,5,6,CONCEPTUAL_HINT,true,True,1,5,252,288,CONCEPTUAL_HINT,NO_FEEDBACK,false,logic block
problem_suite_http,RULE,979,14,514008,problem_suite_http:RULE:c14:s514008:p308,308,308,longest-substring,Longest Substring Without Repeating Characters,medium,sliding window invariant,syntax,missing_statement_ending,SYNTAX_ERROR,HIGH,False,0,0,1,0,1,,,True,1,0,54,87,CODE_HIGHLIGHT,CODE_HIGHLIGHT,true,statement ending
problem_suite_http,RULE,980,14,514008,problem_suite_http:RULE:c14:s514008:p308,308,308,longest-substring,Longest Substring Without Repeating Characters,medium,sliding window invariant,planning,unfinished_implementation,STUCK_NO_PROGRESS,LOW,True,0,3,1,1,2,CODE_HIGHLIGHT,true,True,2,1,272,307,GUIDING_QUESTION,GUIDING_QUESTION,true,unfinished implementation
problem_suite_http,RULE,981,14,514008,problem_suite_http:RULE:c14:s514008:p308,308,308,longest-substring,Longest Substring Without Repeating Characters,medium,sliding window invariant,first_conceptual_error,off_by_one_first,OFF_BY_ONE,MEDIUM,True,1,2,1,2,3,GUIDING_QUESTION,true,True,1,2,259,299,CODE_HIGHLIGHT,CODE_HIGHLIGHT,true,for loop condition
problem_suite_http,RULE,982,14,514008,problem_suite_http:RULE:c14:s514008:p308,308,308,longest-substring,Longest Substring Without Repeating Characters,medium,sliding window invariant,repeated_conceptual_error,off_by_one_repeat,OFF_BY_ONE,MEDIUM,True,1,2,2,3,4,CODE_HIGHLIGHT,true,True,1,3,286,321,CONCEPTUAL_HINT,CONCEPTUAL_HINT,true,for loop condition
problem_suite_http,RULE,983,14,514008,problem_suite_http:RULE:c14:s514008:p308,308,308,longest-substring,Longest Substring Without Repeating Characters,medium,sliding window invariant,partial_logic,partial_but_compiling,UNKNOWN,MEDIUM,True,1,2,1,4,5,CONCEPTUAL_HINT,true,True,1,4,254,271,CONCEPTUAL_HINT,CONCEPTUAL_HINT,true,logic block
problem_suite_http,RULE,984,14,514008,problem_suite_http:RULE:c14:s514008:p308,308,308,longest-substring,Longest Substring Without Repeating Characters,medium,sliding window invariant,local_completion,locally_complete,UNKNOWN,LOW,True,3,0,2,5,6,CONCEPTUAL_HINT,true,True,1,5,249,284,NO_FEEDBACK,NO_FEEDBACK,true,logic block
problem_suite_http,RULE,985,14,514009,problem_suite_http:RULE:c14:s514009:p309,309,309,reverse-linked-list,Reverse Linked List,easy,pointer update order,syntax,missing_statement_ending,SYNTAX_ERROR,HIGH,False,0,0,1,0,1,,,True,1,0,46,90,CODE_HIGHLIGHT,CODE_HIGHLIGHT,true,statement ending
problem_suite_http,RULE,986,14,514009,problem_suite_http:RULE:c14:s514009:p309,309,309,reverse-linked-list,Reverse Linked List,easy,pointer update order,planning,unfinished_implementation,STUCK_NO_PROGRESS,LOW,True,0,3,1,1,2,CODE_HIGHLIGHT,true,True,2,1,246,286,GUIDING_QUESTION,GUIDING_QUESTION,true,unfinished implementation
problem_suite_http,RULE,987,14,514009,problem_suite_http:RULE:c14:s514009:p309,309,309,reverse-linked-list,Reverse Linked List,easy,pointer update order,first_conceptual_error,wrong_condition_first,WRONG_CONDITION,MEDIUM,True,1,2,1,2,3,GUIDING_QUESTION,true,True,1,2,243,281,CONCEPTUAL_HINT,CONCEPTUAL_HINT,true,while condition
problem_suite_http,RULE,988,14,514009,problem_suite_http:RULE:c14:s514009:p309,309,309,reverse-linked-list,Reverse Linked List,easy,pointer update order,repeated_conceptual_error,wrong_condition_repeat,WRONG_CONDITION,MEDIUM,True,1,2,2,3,4,CONCEPTUAL_HINT,true,True,1,3,253,285,CONCEPTUAL_HINT,CONCEPTUAL_HINT,true,while condition
problem_suite_http,RULE,989,14,514009,problem_suite_http:RULE:c14:s514009:p309,309,309,reverse-linked-list,Reverse Linked List,easy,pointer update order,partial_logic,partial_but_compiling,UNKNOWN,MEDIUM,True,1,2,1,4,5,CONCEPTUAL_HINT,true,True,1,4,251,299,CONCEPTUAL_HINT,CONCEPTUAL_HINT,true,logic block
problem_suite_http,RULE,990,14,514009,problem_suite_http:RULE:c14:s514009:p309,309,309,reverse-linked-list,Reverse Linked List,easy,pointer update order,local_completion,locally_complete,UNKNOWN,LOW,True,3,0,2,5,6,CONCEPTUAL_HINT,true,True,1,5,244,274,NO_FEEDBACK,NO_FEEDBACK,true,logic block
problem_suite_http,RULE,991,14,514010,problem_suite_http:RULE:c14:s514010:p310,310,310,matrix-diagonal-sum,Matrix Diagonal Sum,easy,nested indexing and double counting,syntax,missing_statement_ending,SYNTAX_ERROR,HIGH,False,0,0,1,0,1,,,True,1,0,47,79,CODE_HIGHLIGHT,CODE_HIGHLIGHT,true,statement ending
problem_suite_http,RULE,992,14,514010,problem_suite_http:RULE:c14:s514010:p310,310,310,matrix-diagonal-sum,Matrix Diagonal Sum,easy,nested indexing and double counting,planning,unfinished_implementation,STUCK_NO_PROGRESS,LOW,True,0,3,1,1,2,CODE_HIGHLIGHT,true,True,2,1,248,291,GUIDING_QUESTION,GUIDING_QUESTION,true,unfinished implementation
problem_suite_http,RULE,993,14,514010,problem_suite_http:RULE:c14:s514010:p310,310,310,matrix-diagonal-sum,Matrix Diagonal Sum,easy,nested indexing and double counting,first_conceptual_error,off_by_one_first,OFF_BY_ONE,MEDIUM,True,1,2,1,2,3,GUIDING_QUESTION,true,True,1,2,257,277,CODE_HIGHLIGHT,CODE_HIGHLIGHT,true,for loop condition
problem_suite_http,RULE,994,14,514010,problem_suite_http:RULE:c14:s514010:p310,310,310,matrix-diagonal-sum,Matrix Diagonal Sum,easy,nested indexing and double counting,repeated_conceptual_error,off_by_one_repeat,OFF_BY_ONE,MEDIUM,True,1,2,2,3,4,CODE_HIGHLIGHT,true,True,1,3,241,279,CONCEPTUAL_HINT,CONCEPTUAL_HINT,true,for loop condition
problem_suite_http,RULE,995,14,514010,problem_suite_http:RULE:c14:s514010:p310,310,310,matrix-diagonal-sum,Matrix Diagonal Sum,easy,nested indexing and double counting,partial_logic,partial_but_compiling,UNKNOWN,MEDIUM,True,1,2,1,4,5,CONCEPTUAL_HINT,true,True,1,4,246,275,CONCEPTUAL_HINT,CONCEPTUAL_HINT,true,logic block
problem_suite_http,RULE,996,14,514010,problem_suite_http:RULE:c14:s514010:p310,310,310,matrix-diagonal-sum,Matrix Diagonal Sum,easy,nested indexing and double counting,local_completion,locally_complete,UNKNOWN,LOW,True,3,0,2,5,6,CONCEPTUAL_HINT,true,True,1,5,247,277,NO_FEEDBACK,NO_FEEDBACK,true,logic block
problem_suite_http,RULE,997,14,514011,problem_suite_http:RULE:c14:s514011:p311,311,311,roman-to-integer,Roman to Integer,easy,lookahead condition,syntax,missing_statement_ending,SYNTAX_ERROR,HIGH,False,0,0,1,0,1,,,True,1,0,46,66,CODE_HIGHLIGHT,CODE_HIGHLIGHT,true,statement ending
problem_suite_http,RULE,998,14,514011,problem_suite_http:RULE:c14:s514011:p311,311,311,roman-to-integer,Roman to Integer,easy,lookahead condition,planning,unfinished_implementation,STUCK_NO_PROGRESS,LOW,True,0,3,1,1,2,CODE_HIGHLIGHT,true,True,2,1,249,288,GUIDING_QUESTION,GUIDING_QUESTION,true,unfinished implementation
problem_suite_http,RULE,999,14,514011,problem_suite_http:RULE:c14:s514011:p311,311,311,roman-to-integer,Roman to Integer,easy,lookahead condition,first_conceptual_error,off_by_one_first,OFF_BY_ONE,MEDIUM,True,1,2,1,2,3,GUIDING_QUESTION,true,True,1,2,249,269,CODE_HIGHLIGHT,CODE_HIGHLIGHT,true,for loop condition
problem_suite_http,RULE,1000,14,514011,problem_suite_http:RULE:c14:s514011:p311,311,311,roman-to-integer,Roman to Integer,easy,lookahead condition,repeated_conceptual_error,off_by_one_repeat,OFF_BY_ONE,MEDIUM,True,1,2,2,3,4,CODE_HIGHLIGHT,true,True,1,3,241,276,CONCEPTUAL_HINT,CONCEPTUAL_HINT,true,for loop condition
problem_suite_http,RULE,1001,14,514011,problem_suite_http:RULE:c14:s514011:p311,311,311,roman-to-integer,Roman to Integer,easy,lookahead condition,partial_logic,partial_but_compiling,UNKNOWN,MEDIUM,True,1,2,1,4,5,CONCEPTUAL_HINT,true,True,1,4,242,261,CONCEPTUAL_HINT,CONCEPTUAL_HINT,true,logic block
problem_suite_http,RULE,1002,14,514011,problem_suite_http:RULE:c14:s514011:p311,311,311,roman-to-integer,Roman to Integer,easy,lookahead condition,local_completion,locally_complete,UNKNOWN,LOW,True,3,0,2,5,6,CONCEPTUAL_HINT,true,True,1,5,253,297,NO_FEEDBACK,NO_FEEDBACK,true,logic block
problem_suite_http,RULE,1003,14,514012,problem_suite_http:RULE:c14:s514012:p312,312,312,climbing-stairs,Climbing Stairs,easy,base cases and recurrence,syntax,missing_statement_ending,SYNTAX_ERROR,HIGH,False,0,0,1,0,1,,,True,1,0,45,75,CODE_HIGHLIGHT,CODE_HIGHLIGHT,true,statement ending
problem_suite_http,RULE,1004,14,514012,problem_suite_http:RULE:c14:s514012:p312,312,312,climbing-stairs,Climbing Stairs,easy,base cases and recurrence,planning,unfinished_implementation,STUCK_NO_PROGRESS,LOW,True,0,3,1,1,2,CODE_HIGHLIGHT,true,True,2,1,244,274,GUIDING_QUESTION,GUIDING_QUESTION,true,unfinished implementation
problem_suite_http,RULE,1005,14,514012,problem_suite_http:RULE:c14:s514012:p312,312,312,climbing-stairs,Climbing Stairs,easy,base cases and recurrence,first_conceptual_error,wrong_condition_first,WRONG_CONDITION,MEDIUM,True,1,2,1,2,3,GUIDING_QUESTION,true,True,1,2,246,290,CONCEPTUAL_HINT,CONCEPTUAL_HINT,true,while condition
problem_suite_http,RULE,1006,14,514012,problem_suite_http:RULE:c14:s514012:p312,312,312,climbing-stairs,Climbing Stairs,easy,base cases and recurrence,repeated_conceptual_error,wrong_condition_repeat,WRONG_CONDITION,MEDIUM,True,1,2,2,3,4,CONCEPTUAL_HINT,true,True,1,3,250,284,CONCEPTUAL_HINT,CONCEPTUAL_HINT,true,while condition
problem_suite_http,RULE,1007,14,514012,problem_suite_http:RULE:c14:s514012:p312,312,312,climbing-stairs,Climbing Stairs,easy,base cases and recurrence,partial_logic,partial_but_compiling,UNKNOWN,MEDIUM,True,1,2,1,4,5,CONCEPTUAL_HINT,true,True,1,4,242,281,CONCEPTUAL_HINT,CONCEPTUAL_HINT,true,logic block
problem_suite_http,RULE,1008,14,514012,problem_suite_http:RULE:c14:s514012:p312,312,312,climbing-stairs,Climbing Stairs,easy,base cases and recurrence,local_completion,locally_complete,OFF_BY_ONE,LOW,True,1,2,1,5,6,CONCEPTUAL_HINT,true,True,1,5,247,286,CODE_HIGHLIGHT,NO_FEEDBACK,false,for loop condition
problem_suite_http,RULE,1009,15,515001,problem_suite_http:RULE:c15:s515001:p301,301,301,palindrome,Valid Palindrome,easy,two pointers and string normalization,syntax,missing_statement_ending,SYNTAX_ERROR,HIGH,False,0,0,1,0,1,,,True,1,0,48,87,CODE_HIGHLIGHT,CODE_HIGHLIGHT,true,statement ending
problem_suite_http,RULE,1010,15,515001,problem_suite_http:RULE:c15:s515001:p301,301,301,palindrome,Valid Palindrome,easy,two pointers and string normalization,planning,unfinished_implementation,STUCK_NO_PROGRESS,LOW,True,0,3,1,1,2,CODE_HIGHLIGHT,true,True,2,1,243,262,GUIDING_QUESTION,GUIDING_QUESTION,true,unfinished implementation
problem_suite_http,RULE,1011,15,515001,problem_suite_http:RULE:c15:s515001:p301,301,301,palindrome,Valid Palindrome,easy,two pointers and string normalization,first_conceptual_error,possible_null_access_first,POSSIBLE_NULL_ACCESS,MEDIUM,True,3,0,1,2,3,GUIDING_QUESTION,true,True,1,2,253,273,CODE_HIGHLIGHT,CODE_HIGHLIGHT,true,missing null or empty guard
problem_suite_http,RULE,1012,15,515001,problem_suite_http:RULE:c15:s515001:p301,301,301,palindrome,Valid Palindrome,easy,two pointers and string normalization,repeated_conceptual_error,possible_null_access_repeat,POSSIBLE_NULL_ACCESS,MEDIUM,True,3,0,2,3,4,CODE_HIGHLIGHT,true,True,1,3,250,298,CONCEPTUAL_HINT,CONCEPTUAL_HINT,true,missing null or empty guard
problem_suite_http,RULE,1013,15,515001,problem_suite_http:RULE:c15:s515001:p301,301,301,palindrome,Valid Palindrome,easy,two pointers and string normalization,partial_logic,partial_but_compiling,UNKNOWN,MEDIUM,True,1,2,1,4,5,CONCEPTUAL_HINT,true,True,1,4,251,286,CONCEPTUAL_HINT,CONCEPTUAL_HINT,true,logic block
problem_suite_http,RULE,1014,15,515001,problem_suite_http:RULE:c15:s515001:p301,301,301,palindrome,Valid Palindrome,easy,two pointers and string normalization,local_completion,locally_complete,WRONG_CONDITION,LOW,True,1,2,1,5,6,CONCEPTUAL_HINT,true,True,1,5,253,291,CONCEPTUAL_HINT,NO_FEEDBACK,false,while condition
problem_suite_http,RULE,1015,15,515002,problem_suite_http:RULE:c15:s515002:p302,302,302,two-sum,Two Sum,easy,hash map lookup and pair search,syntax,missing_statement_ending,SYNTAX_ERROR,HIGH,False,0,0,1,0,1,,,True,1,0,48,90,CODE_HIGHLIGHT,CODE_HIGHLIGHT,true,statement ending
problem_suite_http,RULE,1016,15,515002,problem_suite_http:RULE:c15:s515002:p302,302,302,two-sum,Two Sum,easy,hash map lookup and pair search,planning,unfinished_implementation,STUCK_NO_PROGRESS,LOW,True,0,3,1,1,2,CODE_HIGHLIGHT,true,True,2,1,355,383,GUIDING_QUESTION,GUIDING_QUESTION,true,unfinished implementation
problem_suite_http,RULE,1017,15,515002,problem_suite_http:RULE:c15:s515002:p302,302,302,two-sum,Two Sum,easy,hash map lookup and pair search,first_conceptual_error,off_by_one_first,OFF_BY_ONE,MEDIUM,True,1,2,1,2,3,GUIDING_QUESTION,true,True,1,2,245,288,CODE_HIGHLIGHT,CODE_HIGHLIGHT,true,for loop condition
problem_suite_http,RULE,1018,15,515002,problem_suite_http:RULE:c15:s515002:p302,302,302,two-sum,Two Sum,easy,hash map lookup and pair search,repeated_conceptual_error,off_by_one_repeat,OFF_BY_ONE,MEDIUM,True,1,2,2,3,4,CODE_HIGHLIGHT,true,True,1,3,261,302,CONCEPTUAL_HINT,CONCEPTUAL_HINT,true,for loop condition
problem_suite_http,RULE,1019,15,515002,problem_suite_http:RULE:c15:s515002:p302,302,302,two-sum,Two Sum,easy,hash map lookup and pair search,partial_logic,partial_but_compiling,UNKNOWN,MEDIUM,True,1,2,1,4,5,CONCEPTUAL_HINT,true,True,1,4,253,292,CONCEPTUAL_HINT,CONCEPTUAL_HINT,true,logic block
problem_suite_http,RULE,1020,15,515002,problem_suite_http:RULE:c15:s515002:p302,302,302,two-sum,Two Sum,easy,hash map lookup and pair search,local_completion,locally_complete,UNKNOWN,LOW,True,3,0,2,5,6,CONCEPTUAL_HINT,true,True,1,5,256,294,NO_FEEDBACK,NO_FEEDBACK,true,logic block
problem_suite_http,RULE,1021,15,515003,problem_suite_http:RULE:c15:s515003:p303,303,303,valid-parentheses,Valid Parentheses,easy,stack state and matching brackets,syntax,missing_statement_ending,SYNTAX_ERROR,HIGH,False,0,0,1,0,1,,,True,1,0,58,79,CODE_HIGHLIGHT,CODE_HIGHLIGHT,true,statement ending
problem_suite_http,RULE,1022,15,515003,problem_suite_http:RULE:c15:s515003:p303,303,303,valid-parentheses,Valid Parentheses,easy,stack state and matching brackets,planning,unfinished_implementation,STUCK_NO_PROGRESS,LOW,True,0,3,1,1,2,CODE_HIGHLIGHT,true,True,2,1,277,314,GUIDING_QUESTION,GUIDING_QUESTION,true,unfinished implementation
problem_suite_http,RULE,1023,15,515003,problem_suite_http:RULE:c15:s515003:p303,303,303,valid-parentheses,Valid Parentheses,easy,stack state and matching brackets,first_conceptual_error,possible_null_access_first,UNKNOWN,MEDIUM,True,3,0,1,2,3,GUIDING_QUESTION,true,True,1,2,257,296,NO_FEEDBACK,CODE_HIGHLIGHT,false,logic block
problem_suite_http,RULE,1024,15,515003,problem_suite_http:RULE:c15:s515003:p303,303,303,valid-parentheses,Valid Parentheses,easy,stack state and matching brackets,repeated_conceptual_error,possible_null_access_repeat,UNKNOWN,MEDIUM,True,3,0,2,3,4,NO_FEEDBACK,false,True,1,3,252,291,NO_FEEDBACK,CONCEPTUAL_HINT,false,logic block
problem_suite_http,RULE,1025,15,515003,problem_suite_http:RULE:c15:s515003:p303,303,303,valid-parentheses,Valid Parentheses,easy,stack state and matching brackets,partial_logic,partial_but_compiling,UNKNOWN,MEDIUM,True,1,2,3,4,5,NO_FEEDBACK,false,True,1,4,244,288,CONCEPTUAL_HINT,CONCEPTUAL_HINT,true,logic block
problem_suite_http,RULE,1026,15,515003,problem_suite_http:RULE:c15:s515003:p303,303,303,valid-parentheses,Valid Parentheses,easy,stack state and matching brackets,local_completion,locally_complete,UNKNOWN,LOW,True,3,0,4,5,6,CONCEPTUAL_HINT,true,True,1,5,253,297,CONCEPTUAL_HINT,NO_FEEDBACK,false,logic block
problem_suite_http,RULE,1027,15,515004,problem_suite_http:RULE:c15:s515004:p304,304,304,binary-search,Binary Search,easy,search interval invariant,syntax,missing_statement_ending,SYNTAX_ERROR,HIGH,False,0,0,1,0,1,,,True,1,0,48,84,CODE_HIGHLIGHT,CODE_HIGHLIGHT,true,statement ending
problem_suite_http,RULE,1028,15,515004,problem_suite_http:RULE:c15:s515004:p304,304,304,binary-search,Binary Search,easy,search interval invariant,planning,unfinished_implementation,STUCK_NO_PROGRESS,LOW,True,0,3,1,1,2,CODE_HIGHLIGHT,true,True,2,1,252,296,GUIDING_QUESTION,GUIDING_QUESTION,true,unfinished implementation
problem_suite_http,RULE,1029,15,515004,problem_suite_http:RULE:c15:s515004:p304,304,304,binary-search,Binary Search,easy,search interval invariant,first_conceptual_error,wrong_loop_boundary_first,WRONG_LOOP_BOUNDARY,MEDIUM,True,1,2,1,2,3,GUIDING_QUESTION,true,True,1,2,251,295,CODE_HIGHLIGHT,CODE_HIGHLIGHT,true,binary search loop boundary
problem_suite_http,RULE,1030,15,515004,problem_suite_http:RULE:c15:s515004:p304,304,304,binary-search,Binary Search,easy,search interval invariant,repeated_conceptual_error,wrong_loop_boundary_repeat,WRONG_LOOP_BOUNDARY,MEDIUM,True,1,2,2,3,4,CODE_HIGHLIGHT,true,True,1,3,246,289,CONCEPTUAL_HINT,CONCEPTUAL_HINT,true,binary search loop boundary
problem_suite_http,RULE,1031,15,515004,problem_suite_http:RULE:c15:s515004:p304,304,304,binary-search,Binary Search,easy,search interval invariant,partial_logic,partial_but_compiling,UNKNOWN,MEDIUM,True,1,2,1,4,5,CONCEPTUAL_HINT,true,True,1,4,256,297,CONCEPTUAL_HINT,CONCEPTUAL_HINT,true,logic block
problem_suite_http,RULE,1032,15,515004,problem_suite_http:RULE:c15:s515004:p304,304,304,binary-search,Binary Search,easy,search interval invariant,local_completion,locally_complete,UNKNOWN,LOW,True,3,0,2,5,6,CONCEPTUAL_HINT,true,True,1,5,252,297,NO_FEEDBACK,NO_FEEDBACK,true,logic block
problem_suite_http,RULE,1033,15,515005,problem_suite_http:RULE:c15:s515005:p305,305,305,merge-sorted-array,Merge Sorted Array,easy,array index management,syntax,missing_statement_ending,SYNTAX_ERROR,HIGH,False,0,0,1,0,1,,,True,1,0,45,83,CODE_HIGHLIGHT,CODE_HIGHLIGHT,true,statement ending
problem_suite_http,RULE,1034,15,515005,problem_suite_http:RULE:c15:s515005:p305,305,305,merge-sorted-array,Merge Sorted Array,easy,array index management,planning,unfinished_implementation,STUCK_NO_PROGRESS,LOW,True,0,3,1,1,2,CODE_HIGHLIGHT,true,True,2,1,242,264,GUIDING_QUESTION,GUIDING_QUESTION,true,unfinished implementation
problem_suite_http,RULE,1035,15,515005,problem_suite_http:RULE:c15:s515005:p305,305,305,merge-sorted-array,Merge Sorted Array,easy,array index management,first_conceptual_error,off_by_one_first,OFF_BY_ONE,MEDIUM,True,1,2,1,2,3,GUIDING_QUESTION,true,True,1,2,245,288,CODE_HIGHLIGHT,CODE_HIGHLIGHT,true,for loop condition
problem_suite_http,RULE,1036,15,515005,problem_suite_http:RULE:c15:s515005:p305,305,305,merge-sorted-array,Merge Sorted Array,easy,array index management,repeated_conceptual_error,off_by_one_repeat,OFF_BY_ONE,MEDIUM,True,1,2,2,3,4,CODE_HIGHLIGHT,true,True,1,3,244,281,CONCEPTUAL_HINT,CONCEPTUAL_HINT,true,for loop condition
problem_suite_http,RULE,1037,15,515005,problem_suite_http:RULE:c15:s515005:p305,305,305,merge-sorted-array,Merge Sorted Array,easy,array index management,partial_logic,partial_but_compiling,UNKNOWN,MEDIUM,True,1,2,1,4,5,CONCEPTUAL_HINT,true,True,1,4,243,290,CONCEPTUAL_HINT,CONCEPTUAL_HINT,true,logic block
problem_suite_http,RULE,1038,15,515005,problem_suite_http:RULE:c15:s515005:p305,305,305,merge-sorted-array,Merge Sorted Array,easy,array index management,local_completion,locally_complete,UNKNOWN,LOW,True,3,0,2,5,6,CONCEPTUAL_HINT,true,True,1,5,249,280,NO_FEEDBACK,NO_FEEDBACK,true,logic block
problem_suite_http,RULE,1039,15,515006,problem_suite_http:RULE:c15:s515006:p306,306,306,trapping-rain-water,Trapping Rain Water,hard,two pointers and running maxima,syntax,missing_statement_ending,SYNTAX_ERROR,HIGH,False,0,0,1,0,1,,,True,1,0,46,86,CODE_HIGHLIGHT,CODE_HIGHLIGHT,true,statement ending
problem_suite_http,RULE,1040,15,515006,problem_suite_http:RULE:c15:s515006:p306,306,306,trapping-rain-water,Trapping Rain Water,hard,two pointers and running maxima,planning,unfinished_implementation,STUCK_NO_PROGRESS,LOW,True,0,3,1,1,2,CODE_HIGHLIGHT,true,True,2,1,255,299,GUIDING_QUESTION,GUIDING_QUESTION,true,unfinished implementation
problem_suite_http,RULE,1041,15,515006,problem_suite_http:RULE:c15:s515006:p306,306,306,trapping-rain-water,Trapping Rain Water,hard,two pointers and running maxima,first_conceptual_error,wrong_condition_first,WRONG_CONDITION,MEDIUM,True,1,2,1,2,3,GUIDING_QUESTION,true,True,1,2,243,276,CONCEPTUAL_HINT,CONCEPTUAL_HINT,true,while condition
problem_suite_http,RULE,1042,15,515006,problem_suite_http:RULE:c15:s515006:p306,306,306,trapping-rain-water,Trapping Rain Water,hard,two pointers and running maxima,repeated_conceptual_error,wrong_condition_repeat,WRONG_CONDITION,MEDIUM,True,1,2,2,3,4,CONCEPTUAL_HINT,true,True,1,3,252,291,CONCEPTUAL_HINT,CONCEPTUAL_HINT,true,while condition
problem_suite_http,RULE,1043,15,515006,problem_suite_http:RULE:c15:s515006:p306,306,306,trapping-rain-water,Trapping Rain Water,hard,two pointers and running maxima,partial_logic,partial_but_compiling,UNKNOWN,MEDIUM,True,1,2,1,4,5,CONCEPTUAL_HINT,true,True,1,4,242,273,CONCEPTUAL_HINT,CONCEPTUAL_HINT,true,logic block
problem_suite_http,RULE,1044,15,515006,problem_suite_http:RULE:c15:s515006:p306,306,306,trapping-rain-water,Trapping Rain Water,hard,two pointers and running maxima,local_completion,locally_complete,UNKNOWN,LOW,True,1,2,2,5,6,CONCEPTUAL_HINT,true,True,1,5,241,272,CONCEPTUAL_HINT,NO_FEEDBACK,false,logic block
problem_suite_http,RULE,1045,15,515007,problem_suite_http:RULE:c15:s515007:p307,307,307,lru-cache,LRU Cache,medium,state update and eviction policy,syntax,missing_statement_ending,SYNTAX_ERROR,HIGH,False,0,0,1,0,1,,,True,1,0,48,87,CODE_HIGHLIGHT,CODE_HIGHLIGHT,true,statement ending
problem_suite_http,RULE,1046,15,515007,problem_suite_http:RULE:c15:s515007:p307,307,307,lru-cache,LRU Cache,medium,state update and eviction policy,planning,unfinished_implementation,STUCK_NO_PROGRESS,LOW,True,0,3,1,1,2,CODE_HIGHLIGHT,true,True,2,1,241,281,GUIDING_QUESTION,GUIDING_QUESTION,true,unfinished implementation
problem_suite_http,RULE,1047,15,515007,problem_suite_http:RULE:c15:s515007:p307,307,307,lru-cache,LRU Cache,medium,state update and eviction policy,first_conceptual_error,unknown_logic_first,UNKNOWN,MEDIUM,True,3,0,1,2,3,GUIDING_QUESTION,true,True,1,2,243,282,NO_FEEDBACK,CONCEPTUAL_HINT,false,logic block
problem_suite_http,RULE,1048,15,515007,problem_suite_http:RULE:c15:s515007:p307,307,307,lru-cache,LRU Cache,medium,state update and eviction policy,repeated_conceptual_error,unknown_logic_repeat,UNKNOWN,MEDIUM,True,3,0,2,3,4,NO_FEEDBACK,false,True,1,3,247,281,NO_FEEDBACK,CONCEPTUAL_HINT,false,logic block
problem_suite_http,RULE,1049,15,515007,problem_suite_http:RULE:c15:s515007:p307,307,307,lru-cache,LRU Cache,medium,state update and eviction policy,partial_logic,partial_but_compiling,UNKNOWN,MEDIUM,True,1,2,3,4,5,NO_FEEDBACK,false,True,1,4,244,289,CONCEPTUAL_HINT,CONCEPTUAL_HINT,true,logic block
problem_suite_http,RULE,1050,15,515007,problem_suite_http:RULE:c15:s515007:p307,307,307,lru-cache,LRU Cache,medium,state update and eviction policy,local_completion,locally_complete,UNKNOWN,LOW,True,3,0,4,5,6,CONCEPTUAL_HINT,true,True,1,5,250,287,CONCEPTUAL_HINT,NO_FEEDBACK,false,logic block
problem_suite_http,RULE,1051,15,515008,problem_suite_http:RULE:c15:s515008:p308,308,308,longest-substring,Longest Substring Without Repeating Characters,medium,sliding window invariant,syntax,missing_statement_ending,SYNTAX_ERROR,HIGH,False,0,0,1,0,1,,,True,1,0,47,95,CODE_HIGHLIGHT,CODE_HIGHLIGHT,true,statement ending
problem_suite_http,RULE,1052,15,515008,problem_suite_http:RULE:c15:s515008:p308,308,308,longest-substring,Longest Substring Without Repeating Characters,medium,sliding window invariant,planning,unfinished_implementation,STUCK_NO_PROGRESS,LOW,True,0,3,1,1,2,CODE_HIGHLIGHT,true,True,2,1,252,285,GUIDING_QUESTION,GUIDING_QUESTION,true,unfinished implementation
problem_suite_http,RULE,1053,15,515008,problem_suite_http:RULE:c15:s515008:p308,308,308,longest-substring,Longest Substring Without Repeating Characters,medium,sliding window invariant,first_conceptual_error,off_by_one_first,OFF_BY_ONE,MEDIUM,True,1,2,1,2,3,GUIDING_QUESTION,true,True,1,2,244,287,CODE_HIGHLIGHT,CODE_HIGHLIGHT,true,for loop condition
problem_suite_http,RULE,1054,15,515008,problem_suite_http:RULE:c15:s515008:p308,308,308,longest-substring,Longest Substring Without Repeating Characters,medium,sliding window invariant,repeated_conceptual_error,off_by_one_repeat,OFF_BY_ONE,MEDIUM,True,1,2,2,3,4,CODE_HIGHLIGHT,true,True,1,3,251,279,CONCEPTUAL_HINT,CONCEPTUAL_HINT,true,for loop condition
problem_suite_http,RULE,1055,15,515008,problem_suite_http:RULE:c15:s515008:p308,308,308,longest-substring,Longest Substring Without Repeating Characters,medium,sliding window invariant,partial_logic,partial_but_compiling,UNKNOWN,MEDIUM,True,1,2,1,4,5,CONCEPTUAL_HINT,true,True,1,4,248,289,CONCEPTUAL_HINT,CONCEPTUAL_HINT,true,logic block
problem_suite_http,RULE,1056,15,515008,problem_suite_http:RULE:c15:s515008:p308,308,308,longest-substring,Longest Substring Without Repeating Characters,medium,sliding window invariant,local_completion,locally_complete,UNKNOWN,LOW,True,3,0,2,5,6,CONCEPTUAL_HINT,true,True,1,5,251,285,NO_FEEDBACK,NO_FEEDBACK,true,logic block
problem_suite_http,RULE,1057,15,515009,problem_suite_http:RULE:c15:s515009:p309,309,309,reverse-linked-list,Reverse Linked List,easy,pointer update order,syntax,missing_statement_ending,SYNTAX_ERROR,HIGH,False,0,0,1,0,1,,,True,1,0,52,88,CODE_HIGHLIGHT,CODE_HIGHLIGHT,true,statement ending
problem_suite_http,RULE,1058,15,515009,problem_suite_http:RULE:c15:s515009:p309,309,309,reverse-linked-list,Reverse Linked List,easy,pointer update order,planning,unfinished_implementation,STUCK_NO_PROGRESS,LOW,True,0,3,1,1,2,CODE_HIGHLIGHT,true,True,2,1,241,285,GUIDING_QUESTION,GUIDING_QUESTION,true,unfinished implementation
problem_suite_http,RULE,1059,15,515009,problem_suite_http:RULE:c15:s515009:p309,309,309,reverse-linked-list,Reverse Linked List,easy,pointer update order,first_conceptual_error,wrong_condition_first,WRONG_CONDITION,MEDIUM,True,1,2,1,2,3,GUIDING_QUESTION,true,True,1,2,247,282,CONCEPTUAL_HINT,CONCEPTUAL_HINT,true,while condition
problem_suite_http,RULE,1060,15,515009,problem_suite_http:RULE:c15:s515009:p309,309,309,reverse-linked-list,Reverse Linked List,easy,pointer update order,repeated_conceptual_error,wrong_condition_repeat,WRONG_CONDITION,MEDIUM,True,1,2,2,3,4,CONCEPTUAL_HINT,true,True,1,3,254,298,CONCEPTUAL_HINT,CONCEPTUAL_HINT,true,while condition
problem_suite_http,RULE,1061,15,515009,problem_suite_http:RULE:c15:s515009:p309,309,309,reverse-linked-list,Reverse Linked List,easy,pointer update order,partial_logic,partial_but_compiling,UNKNOWN,MEDIUM,True,1,2,1,4,5,CONCEPTUAL_HINT,true,True,1,4,294,313,CONCEPTUAL_HINT,CONCEPTUAL_HINT,true,logic block
problem_suite_http,RULE,1062,15,515009,problem_suite_http:RULE:c15:s515009:p309,309,309,reverse-linked-list,Reverse Linked List,easy,pointer update order,local_completion,locally_complete,UNKNOWN,LOW,True,3,0,2,5,6,CONCEPTUAL_HINT,true,True,1,5,250,288,NO_FEEDBACK,NO_FEEDBACK,true,logic block
problem_suite_http,RULE,1063,15,515010,problem_suite_http:RULE:c15:s515010:p310,310,310,matrix-diagonal-sum,Matrix Diagonal Sum,easy,nested indexing and double counting,syntax,missing_statement_ending,SYNTAX_ERROR,HIGH,False,0,0,1,0,1,,,True,1,0,45,90,CODE_HIGHLIGHT,CODE_HIGHLIGHT,true,statement ending
problem_suite_http,RULE,1064,15,515010,problem_suite_http:RULE:c15:s515010:p310,310,310,matrix-diagonal-sum,Matrix Diagonal Sum,easy,nested indexing and double counting,planning,unfinished_implementation,STUCK_NO_PROGRESS,LOW,True,0,3,1,1,2,CODE_HIGHLIGHT,true,True,2,1,259,307,GUIDING_QUESTION,GUIDING_QUESTION,true,unfinished implementation
problem_suite_http,RULE,1065,15,515010,problem_suite_http:RULE:c15:s515010:p310,310,310,matrix-diagonal-sum,Matrix Diagonal Sum,easy,nested indexing and double counting,first_conceptual_error,off_by_one_first,OFF_BY_ONE,MEDIUM,True,1,2,1,2,3,GUIDING_QUESTION,true,True,1,2,272,293,CODE_HIGHLIGHT,CODE_HIGHLIGHT,true,for loop condition
problem_suite_http,RULE,1066,15,515010,problem_suite_http:RULE:c15:s515010:p310,310,310,matrix-diagonal-sum,Matrix Diagonal Sum,easy,nested indexing and double counting,repeated_conceptual_error,off_by_one_repeat,OFF_BY_ONE,MEDIUM,True,1,2,2,3,4,CODE_HIGHLIGHT,true,True,1,3,247,288,CONCEPTUAL_HINT,CONCEPTUAL_HINT,true,for loop condition
problem_suite_http,RULE,1067,15,515010,problem_suite_http:RULE:c15:s515010:p310,310,310,matrix-diagonal-sum,Matrix Diagonal Sum,easy,nested indexing and double counting,partial_logic,partial_but_compiling,UNKNOWN,MEDIUM,True,1,2,1,4,5,CONCEPTUAL_HINT,true,True,1,4,262,292,CONCEPTUAL_HINT,CONCEPTUAL_HINT,true,logic block
problem_suite_http,RULE,1068,15,515010,problem_suite_http:RULE:c15:s515010:p310,310,310,matrix-diagonal-sum,Matrix Diagonal Sum,easy,nested indexing and double counting,local_completion,locally_complete,UNKNOWN,LOW,True,3,0,2,5,6,CONCEPTUAL_HINT,true,True,1,5,260,298,NO_FEEDBACK,NO_FEEDBACK,true,logic block
problem_suite_http,RULE,1069,15,515011,problem_suite_http:RULE:c15:s515011:p311,311,311,roman-to-integer,Roman to Integer,easy,lookahead condition,syntax,missing_statement_ending,SYNTAX_ERROR,HIGH,False,0,0,1,0,1,,,True,1,0,53,91,CODE_HIGHLIGHT,CODE_HIGHLIGHT,true,statement ending
problem_suite_http,RULE,1070,15,515011,problem_suite_http:RULE:c15:s515011:p311,311,311,roman-to-integer,Roman to Integer,easy,lookahead condition,planning,unfinished_implementation,STUCK_NO_PROGRESS,LOW,True,0,3,1,1,2,CODE_HIGHLIGHT,true,True,2,1,258,298,GUIDING_QUESTION,GUIDING_QUESTION,true,unfinished implementation
problem_suite_http,RULE,1071,15,515011,problem_suite_http:RULE:c15:s515011:p311,311,311,roman-to-integer,Roman to Integer,easy,lookahead condition,first_conceptual_error,off_by_one_first,OFF_BY_ONE,MEDIUM,True,1,2,1,2,3,GUIDING_QUESTION,true,True,1,2,256,296,CODE_HIGHLIGHT,CODE_HIGHLIGHT,true,for loop condition
problem_suite_http,RULE,1072,15,515011,problem_suite_http:RULE:c15:s515011:p311,311,311,roman-to-integer,Roman to Integer,easy,lookahead condition,repeated_conceptual_error,off_by_one_repeat,OFF_BY_ONE,MEDIUM,True,1,2,2,3,4,CODE_HIGHLIGHT,true,True,1,3,244,278,CONCEPTUAL_HINT,CONCEPTUAL_HINT,true,for loop condition
problem_suite_http,RULE,1073,15,515011,problem_suite_http:RULE:c15:s515011:p311,311,311,roman-to-integer,Roman to Integer,easy,lookahead condition,partial_logic,partial_but_compiling,UNKNOWN,MEDIUM,True,1,2,1,4,5,CONCEPTUAL_HINT,true,True,1,4,247,282,CONCEPTUAL_HINT,CONCEPTUAL_HINT,true,logic block
problem_suite_http,RULE,1074,15,515011,problem_suite_http:RULE:c15:s515011:p311,311,311,roman-to-integer,Roman to Integer,easy,lookahead condition,local_completion,locally_complete,UNKNOWN,LOW,True,3,0,2,5,6,CONCEPTUAL_HINT,true,True,1,5,242,272,NO_FEEDBACK,NO_FEEDBACK,true,logic block
problem_suite_http,RULE,1075,15,515012,problem_suite_http:RULE:c15:s515012:p312,312,312,climbing-stairs,Climbing Stairs,easy,base cases and recurrence,syntax,missing_statement_ending,SYNTAX_ERROR,HIGH,False,0,0,1,0,1,,,True,1,0,46,66,CODE_HIGHLIGHT,CODE_HIGHLIGHT,true,statement ending
problem_suite_http,RULE,1076,15,515012,problem_suite_http:RULE:c15:s515012:p312,312,312,climbing-stairs,Climbing Stairs,easy,base cases and recurrence,planning,unfinished_implementation,STUCK_NO_PROGRESS,LOW,True,0,3,1,1,2,CODE_HIGHLIGHT,true,True,2,1,245,507,GUIDING_QUESTION,GUIDING_QUESTION,true,unfinished implementation
problem_suite_http,RULE,1077,15,515012,problem_suite_http:RULE:c15:s515012:p312,312,312,climbing-stairs,Climbing Stairs,easy,base cases and recurrence,first_conceptual_error,wrong_condition_first,WRONG_CONDITION,MEDIUM,True,1,2,1,2,3,GUIDING_QUESTION,true,True,1,2,260,298,CONCEPTUAL_HINT,CONCEPTUAL_HINT,true,while condition
problem_suite_http,RULE,1078,15,515012,problem_suite_http:RULE:c15:s515012:p312,312,312,climbing-stairs,Climbing Stairs,easy,base cases and recurrence,repeated_conceptual_error,wrong_condition_repeat,WRONG_CONDITION,MEDIUM,True,1,2,2,3,4,CONCEPTUAL_HINT,true,True,1,3,248,293,CONCEPTUAL_HINT,CONCEPTUAL_HINT,true,while condition
problem_suite_http,RULE,1079,15,515012,problem_suite_http:RULE:c15:s515012:p312,312,312,climbing-stairs,Climbing Stairs,easy,base cases and recurrence,partial_logic,partial_but_compiling,UNKNOWN,MEDIUM,True,1,2,1,4,5,CONCEPTUAL_HINT,true,True,1,4,244,274,CONCEPTUAL_HINT,CONCEPTUAL_HINT,true,logic block
problem_suite_http,RULE,1080,15,515012,problem_suite_http:RULE:c15:s515012:p312,312,312,climbing-stairs,Climbing Stairs,easy,base cases and recurrence,local_completion,locally_complete,OFF_BY_ONE,LOW,True,1,2,1,5,6,CONCEPTUAL_HINT,true,True,1,5,243,289,CODE_HIGHLIGHT,NO_FEEDBACK,false,for loop condition
