event_index,mode,cohort,student_id,problem_id,problem_slug,problem_title,difficulty,concept,attempt_no,stage,scenario,expected_action,expected_reason,status,action,agreement,feedback_source,feedback_text,error_type,compile_success,tests_passed,tests_failed,analysis_time_ms,wall_latency_ms,suspicious_region,code_lines,error
1,ML,1,911001,301,palindrome,Valid Palindrome,easy,two pointers and string normalization,1,syntax,missing_statement_ending,CODE_HIGHLIGHT,First syntax error should be localized before giving a concept explanation.,200,CODE_HIGHLIGHT,true,gemini,It looks like there might be a small syntax issue with how your statement is ending. Double-check the characters you're using to terminate your code lines.,SYNTAX_ERROR,False,0,0,0,1360,statement ending,1,
2,ML,1,911001,301,palindrome,Valid Palindrome,easy,two pointers and string normalization,2,planning,unfinished_implementation,GUIDING_QUESTION,Unfinished code should prompt the student to state the next step.,200,GUIDING_QUESTION,true,gemini,It looks like you're on the right track with initializing your `progress` variable! What's the next logical step to start building the core algorithm you've outlined in your comments?,STUCK_NO_PROGRESS,True,0,3,1,1847,unfinished implementation,2,
3,ML,1,911001,301,palindrome,Valid Palindrome,easy,two pointers and string normalization,3,first_conceptual_error,possible_null_access_first,CODE_HIGHLIGHT,First substantial mistake should receive the least sufficient intervention.,200,CODE_HIGHLIGHT,true,gemini,"You're on the right track with using `StringBuilder` to reverse the string! Since all tests passed, your solution is working correctly for the given cases.",POSSIBLE_NULL_ACCESS,True,3,0,0,1269,missing null or empty guard,1,
4,ML,1,911001,301,palindrome,Valid Palindrome,easy,two pointers and string normalization,4,repeated_conceptual_error,possible_null_access_repeat,CONCEPTUAL_HINT,Repeated mistake should move from location cue to conceptual support.,200,CONCEPTUAL_HINT,true,template,Compare this part of your logic with the task requirement.,POSSIBLE_NULL_ACCESS,True,3,0,0,1135,missing null or empty guard,1,
5,ML,1,911001,301,palindrome,Valid Palindrome,easy,two pointers and string normalization,5,partial_logic,partial_but_compiling,CONCEPTUAL_HINT,Compiling but incomplete logic should receive a compact conceptual nudge.,200,CONCEPTUAL_HINT,true,gemini,"Your code compiles and passes some tests, which is great progress! Think carefully about how each line of code affects the value of `checkpoint` and how that relates to the expected outcomes for all test cases.",UNKNOWN,True,1,2,0,902,logic block,1,
6,ML,1,911001,301,palindrome,Valid Palindrome,easy,two pointers and string normalization,6,local_completion,locally_complete,NO_FEEDBACK,Locally complete state should not be interrupted.,200,NO_FEEDBACK,true,gemini,You're off to a great start with your loop structure! Consider what needs to be true for the loop to continue.,WRONG_CONDITION,True,3,0,0,1179,while condition,1,
7,ML,1,911002,302,two-sum,Two Sum,easy,hash map lookup and pair search,1,syntax,missing_statement_ending,CODE_HIGHLIGHT,First syntax error should be localized before giving a concept explanation.,200,CODE_HIGHLIGHT,true,gemini,It looks like there's a small syntax error with how the `candidate` variable is declared. Make sure to use the correct keyword to declare integer variables in Java.,SYNTAX_ERROR,False,0,0,0,713,statement ending,1,
8,ML,1,911002,302,two-sum,Two Sum,easy,hash map lookup and pair search,2,planning,unfinished_implementation,GUIDING_QUESTION,Unfinished code should prompt the student to state the next step.,200,GUIDING_QUESTION,true,gemini,You're off to a good start with setting up your variables! Consider what needs to happen with the `progress` variable inside the loop to gradually reach the target value.,STUCK_NO_PROGRESS,True,0,3,1,1766,unfinished implementation,2,
9,ML,1,911002,302,two-sum,Two Sum,easy,hash map lookup and pair search,3,first_conceptual_error,off_by_one_first,CODE_HIGHLIGHT,First substantial mistake should receive the least sufficient intervention.,200,CODE_HIGHLIGHT,true,gemini,It looks like you're very close to solving this! Double-check the condition in your `for` loop; an off-by-one error here might be causing you to miss some potential solutions.,OFF_BY_ONE,True,1,2,1,1637,for loop condition,1,
10,ML,1,911002,302,two-sum,Two Sum,easy,hash map lookup and pair search,4,repeated_conceptual_error,off_by_one_repeat,CONCEPTUAL_HINT,Repeated mistake should move from location cue to conceptual support.,200,CONCEPTUAL_HINT,true,gemini,You're very close to a correct solution! Double-check the loop condition to make sure you're iterating through all the necessary elements in the array.,OFF_BY_ONE,True,1,2,0,2998,for loop condition,1,
11,ML,1,911002,302,two-sum,Two Sum,easy,hash map lookup and pair search,5,partial_logic,partial_but_compiling,CONCEPTUAL_HINT,Compiling but incomplete logic should receive a compact conceptual nudge.,200,CONCEPTUAL_HINT,true,gemini,"You're on the right track with incrementing the `checkpoint`, but consider how the value is being used *before* you increment it within your logic block. Think about the order of operations and how that affects the outcome.",UNKNOWN,True,1,2,1,1555,logic block,1,
12,ML,1,911002,302,two-sum,Two Sum,easy,hash map lookup and pair search,6,local_completion,locally_complete,NO_FEEDBACK,Locally complete state should not be interrupted.,200,NO_FEEDBACK,true,gemini,Your approach to finding the indices looks solid! You've correctly identified a way to leverage the `containsKey` method to check for the complement.,UNKNOWN,True,3,0,0,1626,logic block,1,
13,ML,1,911003,303,valid-parentheses,Valid Parentheses,easy,stack state and matching brackets,1,syntax,missing_statement_ending,CODE_HIGHLIGHT,First syntax error should be localized before giving a concept explanation.,200,CODE_HIGHLIGHT,true,gemini,Great start! Take a closer look at how you're ending your statements in C++. There's a small punctuation mark that needs to be added.,SYNTAX_ERROR,False,0,0,0,1796,statement ending,1,
14,ML,1,911003,303,valid-parentheses,Valid Parentheses,easy,stack state and matching brackets,2,planning,unfinished_implementation,GUIDING_QUESTION,Unfinished code should prompt the student to state the next step.,200,GUIDING_QUESTION,true,gemini,It looks like you're on the right track with setting up your variables! Can you think about how you might use the `progress` variable to start building the core logic of your algorithm?,STUCK_NO_PROGRESS,True,0,3,1,2061,unfinished implementation,2,
15,ML,1,911003,303,valid-parentheses,Valid Parentheses,easy,stack state and matching brackets,3,first_conceptual_error,possible_null_access_first,CODE_HIGHLIGHT,First substantial mistake should receive the least sufficient intervention.,200,CODE_HIGHLIGHT,true,gemini,"Great job on passing most of the tests! For the remaining ones, carefully consider how your code handles edge cases and what the state of the stack should be at each step of the logic.",UNKNOWN,True,3,0,0,892,logic block,1,
16,ML,1,911003,303,valid-parentheses,Valid Parentheses,easy,stack state and matching brackets,4,repeated_conceptual_error,possible_null_access_repeat,CONCEPTUAL_HINT,Repeated mistake should move from location cue to conceptual support.,200,CONCEPTUAL_HINT,true,template,Compare this part of your logic with the task requirement.,UNKNOWN,True,3,0,0,4154,logic block,1,
17,ML,1,911003,303,valid-parentheses,Valid Parentheses,easy,stack state and matching brackets,5,partial_logic,partial_but_compiling,CONCEPTUAL_HINT,Compiling but incomplete logic should receive a compact conceptual nudge.,200,CONCEPTUAL_HINT,true,gemini,Great start on the `checkpoint` variable! Think about how you're modifying its value *after* you've already used it in the previous step.,UNKNOWN,True,1,2,0,5634,logic block,1,
18,ML,1,911003,303,valid-parentheses,Valid Parentheses,easy,stack state and matching brackets,6,local_completion,locally_complete,NO_FEEDBACK,Locally complete state should not be interrupted.,200,CONCEPTUAL_HINT,false,gemini,Great start! It looks like you're on the right track with using a stack to process the characters. Consider what should happen if you encounter a character that doesn't have a matching pair on the stack.,UNKNOWN,True,3,0,0,892,logic block,1,
19,ML,1,911004,304,binary-search,Binary Search,easy,search interval invariant,1,syntax,missing_statement_ending,CODE_HIGHLIGHT,First syntax error should be localized before giving a concept explanation.,200,CODE_HIGHLIGHT,true,gemini,It looks like there might be a small syntax error near the end of your statement; double-check how you're concluding your lines of code. Keep up the great work as you continue to debug!,SYNTAX_ERROR,False,0,0,0,928,statement ending,1,
20,ML,1,911004,304,binary-search,Binary Search,easy,search interval invariant,2,planning,unfinished_implementation,GUIDING_QUESTION,Unfinished code should prompt the student to state the next step.,200,GUIDING_QUESTION,true,gemini,It looks like you're just getting started on this task! What part of the core algorithm are you finding most challenging to implement right now?,STUCK_NO_PROGRESS,True,0,3,0,2242,unfinished implementation,2,
21,ML,1,911004,304,binary-search,Binary Search,easy,search interval invariant,3,first_conceptual_error,wrong_loop_boundary_first,CODE_HIGHLIGHT,First substantial mistake should receive the least sufficient intervention.,200,CODE_HIGHLIGHT,true,gemini,You're on the right track with your binary search implementation! Take another look at the condition that determines when the loop should stop and how you adjust your `left` and `right` pointers.,WRONG_LOOP_BOUNDARY,True,1,2,0,866,binary search loop boundary,1,
22,ML,1,911004,304,binary-search,Binary Search,easy,search interval invariant,4,repeated_conceptual_error,wrong_loop_boundary_repeat,CONCEPTUAL_HINT,Repeated mistake should move from location cue to conceptual support.,200,CONCEPTUAL_HINT,true,gemini,"It looks like your loop condition is very close, but consider what happens when `low` and `high` become equal. Think about how that final comparison should be handled.",WRONG_LOOP_BOUNDARY,True,1,2,0,3772,binary search loop boundary,1,
23,ML,1,911004,304,binary-search,Binary Search,easy,search interval invariant,5,partial_logic,partial_but_compiling,CONCEPTUAL_HINT,Compiling but incomplete logic should receive a compact conceptual nudge.,200,CONCEPTUAL_HINT,true,gemini,Great job getting the first test case to pass! Take another look at the logic in your `checkpoint` block; there might be a way to handle the remaining conditions more effectively.,UNKNOWN,True,1,2,0,1398,logic block,1,
24,ML,1,911004,304,binary-search,Binary Search,easy,search interval invariant,6,local_completion,locally_complete,NO_FEEDBACK,Locally complete state should not be interrupted.,200,NO_FEEDBACK,true,gemini,Great job on getting all the tests to pass! It looks like your code is working correctly for the given test cases.,UNKNOWN,True,3,0,0,690,logic block,1,
25,ML,1,911005,305,merge-sorted-array,Merge Sorted Array,easy,array index management,1,syntax,missing_statement_ending,CODE_HIGHLIGHT,First syntax error should be localized before giving a concept explanation.,200,CODE_HIGHLIGHT,true,gemini,It looks like there might be a small syntax issue with how your statement is ending. Double-check that you're using the correct punctuation to mark the end of this line.,SYNTAX_ERROR,False,0,0,0,774,statement ending,1,
26,ML,1,911005,305,merge-sorted-array,Merge Sorted Array,easy,array index management,2,planning,unfinished_implementation,GUIDING_QUESTION,Unfinished code should prompt the student to state the next step.,200,GUIDING_QUESTION,true,gemini,It looks like you've got a good start on setting up the problem! What core logic needs to be added to start making progress towards solving the test cases?,STUCK_NO_PROGRESS,True,0,3,1,1241,unfinished implementation,2,
27,ML,1,911005,305,merge-sorted-array,Merge Sorted Array,easy,array index management,3,first_conceptual_error,off_by_one_first,CODE_HIGHLIGHT,First substantial mistake should receive the least sufficient intervention.,200,CODE_HIGHLIGHT,true,gemini,"You're very close to getting this working! Take another look at the condition in your `for` loop, as it might be including one too many elements.",OFF_BY_ONE,True,1,2,0,820,for loop condition,1,
28,ML,1,911005,305,merge-sorted-array,Merge Sorted Array,easy,array index management,4,repeated_conceptual_error,off_by_one_repeat,CONCEPTUAL_HINT,Repeated mistake should move from location cue to conceptual support.,200,CONCEPTUAL_HINT,true,gemini,Great job on getting most of the tests to pass! Take another look at your `for` loop condition to ensure you're processing every element correctly without going out of bounds.,OFF_BY_ONE,True,1,2,0,759,for loop condition,1,
29,ML,1,911005,305,merge-sorted-array,Merge Sorted Array,easy,array index management,5,partial_logic,partial_but_compiling,CONCEPTUAL_HINT,Compiling but incomplete logic should receive a compact conceptual nudge.,200,CONCEPTUAL_HINT,true,gemini,"Your code compiles and passes one test, which is great progress! Let's look closer at the logic block where the checkpoint is incremented, as there might be a slight adjustment needed to handle all the test cases.",UNKNOWN,True,1,2,0,1328,logic block,1,
30,ML,1,911005,305,merge-sorted-array,Merge Sorted Array,easy,array index management,6,local_completion,locally_complete,NO_FEEDBACK,Locally complete state should not be interrupted.,200,NO_FEEDBACK,true,gemini,Your loop condition and body correctly iterate through and modify `nums1`. Good job on passing those tests!,UNKNOWN,True,3,0,0,818,logic block,1,
31,ML,1,911006,306,trapping-rain-water,Trapping Rain Water,hard,two pointers and running maxima,1,syntax,missing_statement_ending,CODE_HIGHLIGHT,First syntax error should be localized before giving a concept explanation.,200,CODE_HIGHLIGHT,true,gemini,"Your code is almost there! Take another look at the end of your `int candidate = 0` statement, there might be a small punctuation mark that's out of place.",SYNTAX_ERROR,False,0,0,0,755,statement ending,1,
32,ML,1,911006,306,trapping-rain-water,Trapping Rain Water,hard,two pointers and running maxima,2,planning,unfinished_implementation,GUIDING_QUESTION,Unfinished code should prompt the student to state the next step.,200,GUIDING_QUESTION,true,gemini,"It looks like you're on the right track with setting up the initial variable, but the core logic for calculating the progress is still missing. What's the next step in your algorithm to determine how much progress has been made?",STUCK_NO_PROGRESS,True,0,3,0,810,unfinished implementation,2,
33,ML,1,911006,306,trapping-rain-water,Trapping Rain Water,hard,two pointers and running maxima,3,first_conceptual_error,wrong_condition_first,CONCEPTUAL_HINT,First substantial mistake should receive the least sufficient intervention.,200,CONCEPTUAL_HINT,true,gemini,Great start! Think carefully about when your `while` loop should terminate based on the relationship between your `left` and `right` pointers.,WRONG_CONDITION,True,1,2,0,709,while condition,1,
34,ML,1,911006,306,trapping-rain-water,Trapping Rain Water,hard,two pointers and running maxima,4,repeated_conceptual_error,wrong_condition_repeat,CONCEPTUAL_HINT,Repeated mistake should move from location cue to conceptual support.,200,CONCEPTUAL_HINT,true,gemini,Great start! Think carefully about the condition that needs to be true for the loop to continue; it looks like the loop is breaking a bit too early. Keep up the good work!,WRONG_CONDITION,True,1,2,0,872,while condition,1,
35,ML,1,911006,306,trapping-rain-water,Trapping Rain Water,hard,two pointers and running maxima,5,partial_logic,partial_but_compiling,CONCEPTUAL_HINT,Compiling but incomplete logic should receive a compact conceptual nudge.,200,CONCEPTUAL_HINT,true,gemini,Great start on the checkpoint logic! Take another look at how the checkpoint variable is being updated and how that relates to the overall goal of the task.,UNKNOWN,True,1,2,0,704,logic block,1,
36,ML,1,911006,306,trapping-rain-water,Trapping Rain Water,hard,two pointers and running maxima,6,local_completion,locally_complete,NO_FEEDBACK,Locally complete state should not be interrupted.,200,NO_FEEDBACK,true,gemini,Great job on passing the tests! It looks like your code is working correctly for the given scenarios.,UNKNOWN,True,3,0,0,864,logic block,1,
37,ML,1,911007,307,lru-cache,LRU Cache,medium,state update and eviction policy,1,syntax,missing_statement_ending,CODE_HIGHLIGHT,First syntax error should be localized before giving a concept explanation.,200,CODE_HIGHLIGHT,true,gemini,It looks like there's a small syntax error preventing your code from compiling. Double-check the end of your `int candidate = 0` statement; sometimes a missing semicolon can cause issues.,SYNTAX_ERROR,False,0,0,0,716,statement ending,1,
38,ML,1,911007,307,lru-cache,LRU Cache,medium,state update and eviction policy,2,planning,unfinished_implementation,GUIDING_QUESTION,Unfinished code should prompt the student to state the next step.,200,GUIDING_QUESTION,true,gemini,"It looks like you're on the right track with initializing `progress`, but the core logic of the algorithm is still missing. Have you considered what needs to happen to `progress` within the loop to solve the problem?",STUCK_NO_PROGRESS,True,0,3,0,757,unfinished implementation,2,
39,ML,1,911007,307,lru-cache,LRU Cache,medium,state update and eviction policy,3,first_conceptual_error,unknown_logic_first,CONCEPTUAL_HINT,First substantial mistake should receive the least sufficient intervention.,200,CODE_HIGHLIGHT,false,gemini,Great job on passing most of the tests! Take another look at the logic within your `put` operation; there might be a small detail you've overlooked.,UNKNOWN,True,3,0,0,767,logic block,1,
40,ML,1,911007,307,lru-cache,LRU Cache,medium,state update and eviction policy,4,repeated_conceptual_error,unknown_logic_repeat,CONCEPTUAL_HINT,Repeated mistake should move from location cue to conceptual support.,200,CONCEPTUAL_HINT,true,gemini,Great job on getting most of the tests to pass! Take another look at the logic block where you handle the cache size – there might be a small detail you're missing to ensure it behaves exactly as expected.,UNKNOWN,True,3,0,0,1069,logic block,1,
41,ML,1,911007,307,lru-cache,LRU Cache,medium,state update and eviction policy,5,partial_logic,partial_but_compiling,CONCEPTUAL_HINT,Compiling but incomplete logic should receive a compact conceptual nudge.,200,CONCEPTUAL_HINT,true,gemini,"You're on the right track with how you're updating the `checkpoint` variable, but it seems like the logic isn't quite matching what the tests are expecting. Consider carefully what condition needs to be met for the `checkpoint` to be incremented.",UNKNOWN,True,1,2,0,811,logic block,1,
42,ML,1,911007,307,lru-cache,LRU Cache,medium,state update and eviction policy,6,local_completion,locally_complete,NO_FEEDBACK,Locally complete state should not be interrupted.,200,CONCEPTUAL_HINT,false,gemini,Great job implementing the cache logic! Consider what happens if `oldestKey` is null when `cache.size()` exceeds `capacity`.,UNKNOWN,True,3,0,0,803,logic block,1,
43,ML,1,911008,308,longest-substring,Longest Substring Without Repeating Characters,medium,sliding window invariant,1,syntax,missing_statement_ending,CODE_HIGHLIGHT,First syntax error should be localized before giving a concept explanation.,200,CODE_HIGHLIGHT,true,gemini,It looks like there might be a small syntax issue with how the statement ends in this line. Double-check the required punctuation for the end of a statement in Java.,SYNTAX_ERROR,False,0,0,0,836,statement ending,1,
44,ML,1,911008,308,longest-substring,Longest Substring Without Repeating Characters,medium,sliding window invariant,2,planning,unfinished_implementation,GUIDING_QUESTION,Unfinished code should prompt the student to state the next step.,200,GUIDING_QUESTION,true,gemini,It looks like you're on the right track with setting up your variables! What's the next logical step in calculating the `progress` based on the problem description?,STUCK_NO_PROGRESS,True,0,3,0,1067,unfinished implementation,2,
45,ML,1,911008,308,longest-substring,Longest Substring Without Repeating Characters,medium,sliding window invariant,3,first_conceptual_error,off_by_one_first,CODE_HIGHLIGHT,First substantial mistake should receive the least sufficient intervention.,200,CODE_HIGHLIGHT,true,gemini,Great start on the loop! Take a closer look at the loop's termination condition and how it relates to the indices of the string. You're so close to cracking this!,OFF_BY_ONE,True,1,2,1,1106,for loop condition,1,
46,ML,1,911008,308,longest-substring,Longest Substring Without Repeating Characters,medium,sliding window invariant,4,repeated_conceptual_error,off_by_one_repeat,CONCEPTUAL_HINT,Repeated mistake should move from location cue to conceptual support.,200,CONCEPTUAL_HINT,true,gemini,Great job on getting the code to compile and pass one test! Take another look at your `for` loop's condition; it might be causing you to miss or include an extra character.,OFF_BY_ONE,True,1,2,0,1057,for loop condition,1,
47,ML,1,911008,308,longest-substring,Longest Substring Without Repeating Characters,medium,sliding window invariant,5,partial_logic,partial_but_compiling,CONCEPTUAL_HINT,Compiling but incomplete logic should receive a compact conceptual nudge.,200,CONCEPTUAL_HINT,true,gemini,"Great start! It looks like you're on the right track with incrementing the `checkpoint` variable, but let's think about how that increment affects the overall flow of your logic. Consider the conditions under which `checkpoint` should increase.",UNKNOWN,True,1,2,0,836,logic block,1,
48,ML,1,911008,308,longest-substring,Longest Substring Without Repeating Characters,medium,sliding window invariant,6,local_completion,locally_complete,NO_FEEDBACK,Locally complete state should not be interrupted.,200,NO_FEEDBACK,true,template,Good progress. Continue working.,UNKNOWN,True,3,0,0,715,logic block,1,
49,ML,1,911009,309,reverse-linked-list,Reverse Linked List,easy,pointer update order,1,syntax,missing_statement_ending,CODE_HIGHLIGHT,First syntax error should be localized before giving a concept explanation.,200,CODE_HIGHLIGHT,true,gemini,It looks like there might be a missing semicolon at the end of your `candidate` variable declaration. Make sure each statement ends with the correct punctuation!,SYNTAX_ERROR,False,0,0,0,666,statement ending,1,
50,ML,1,911009,309,reverse-linked-list,Reverse Linked List,easy,pointer update order,2,planning,unfinished_implementation,GUIDING_QUESTION,Unfinished code should prompt the student to state the next step.,200,GUIDING_QUESTION,true,gemini,It looks like the core algorithm for calculating progress is still missing. Think about what needs to happen inside the loop to update the `progress` variable correctly.,STUCK_NO_PROGRESS,True,0,3,0,1262,unfinished implementation,2,
51,ML,1,911009,309,reverse-linked-list,Reverse Linked List,easy,pointer update order,3,first_conceptual_error,wrong_condition_first,CONCEPTUAL_HINT,First substantial mistake should receive the least sufficient intervention.,200,CONCEPTUAL_HINT,true,gemini,Great effort on tackling the linked list reversal! Take another look at your `while` loop's condition to ensure it correctly determines when to stop the reversal process.,WRONG_CONDITION,True,1,2,0,694,while condition,1,
52,ML,1,911009,309,reverse-linked-list,Reverse Linked List,easy,pointer update order,4,repeated_conceptual_error,wrong_condition_repeat,CONCEPTUAL_HINT,Repeated mistake should move from location cue to conceptual support.,200,CONCEPTUAL_HINT,true,gemini,"It's great that you've identified the need for a loop and a way to exit it! Consider what condition would naturally signal that you've reached the end of the list, rather than using `true` and `break`.",WRONG_CONDITION,True,1,2,0,885,while condition,1,
53,ML,1,911009,309,reverse-linked-list,Reverse Linked List,easy,pointer update order,5,partial_logic,partial_but_compiling,CONCEPTUAL_HINT,Compiling but incomplete logic should receive a compact conceptual nudge.,200,CONCEPTUAL_HINT,true,gemini,"You're on the right track with incrementing the `checkpoint`, but it looks like the logic for checking its value might need a closer look. Try to trace how the `checkpoint` changes throughout your program.",UNKNOWN,True,1,2,0,1247,logic block,1,
54,ML,1,911009,309,reverse-linked-list,Reverse Linked List,easy,pointer update order,6,local_completion,locally_complete,NO_FEEDBACK,Locally complete state should not be interrupted.,200,NO_FEEDBACK,true,gemini,Great job on implementing the linked list reversal! Your logic block for iterating and re-linking nodes looks solid.,UNKNOWN,True,3,0,0,759,logic block,1,
55,ML,1,911010,310,matrix-diagonal-sum,Matrix Diagonal Sum,easy,nested indexing and double counting,1,syntax,missing_statement_ending,CODE_HIGHLIGHT,First syntax error should be localized before giving a concept explanation.,200,CODE_HIGHLIGHT,true,gemini,It looks like there's a small syntax issue at the end of your statement. Double-check how you're ending your lines in C++!,SYNTAX_ERROR,False,0,0,0,1594,statement ending,1,
56,ML,1,911010,310,matrix-diagonal-sum,Matrix Diagonal Sum,easy,nested indexing and double counting,2,planning,unfinished_implementation,GUIDING_QUESTION,Unfinished code should prompt the student to state the next step.,200,GUIDING_QUESTION,true,gemini,It looks like you're on the right track with setting up your variables! What do you think needs to happen next to actually perform the core logic of your algorithm?,STUCK_NO_PROGRESS,True,0,3,0,1215,unfinished implementation,2,
57,ML,1,911010,310,matrix-diagonal-sum,Matrix Diagonal Sum,easy,nested indexing and double counting,3,first_conceptual_error,off_by_one_first,CODE_HIGHLIGHT,First substantial mistake should receive the least sufficient intervention.,200,CODE_HIGHLIGHT,true,template,Check the for loop condition. There may be a small issue here.,OFF_BY_ONE,True,1,2,0,1166,for loop condition,1,
58,ML,1,911010,310,matrix-diagonal-sum,Matrix Diagonal Sum,easy,nested indexing and double counting,4,repeated_conceptual_error,off_by_one_repeat,CONCEPTUAL_HINT,Repeated mistake should move from location cue to conceptual support.,200,CONCEPTUAL_HINT,true,gemini,"You're on the right track with iterating through the matrix, but double-check your loop condition to ensure you're accessing the correct elements for the sum. Consider how the loop index relates to the array bounds.",OFF_BY_ONE,True,1,2,0,657,for loop condition,1,
59,ML,1,911010,310,matrix-diagonal-sum,Matrix Diagonal Sum,easy,nested indexing and double counting,5,partial_logic,partial_but_compiling,CONCEPTUAL_HINT,Compiling but incomplete logic should receive a compact conceptual nudge.,200,CONCEPTUAL_HINT,true,template,Compare this part of your logic with the task requirement.,UNKNOWN,True,1,2,0,990,logic block,1,
60,ML,1,911010,310,matrix-diagonal-sum,Matrix Diagonal Sum,easy,nested indexing and double counting,6,local_completion,locally_complete,NO_FEEDBACK,Locally complete state should not be interrupted.,200,NO_FEEDBACK,true,template,Good progress. Continue working.,UNKNOWN,True,3,0,0,572,logic block,1,
61,ML,1,911011,311,roman-to-integer,Roman to Integer,easy,lookahead condition,1,syntax,missing_statement_ending,CODE_HIGHLIGHT,First syntax error should be localized before giving a concept explanation.,200,CODE_HIGHLIGHT,true,gemini,It looks like there's a small syntax issue with how the statement is ending. Double-check the punctuation that usually follows a complete statement in Java.,SYNTAX_ERROR,False,0,0,0,833,statement ending,1,
62,ML,1,911011,311,roman-to-integer,Roman to Integer,easy,lookahead condition,2,planning,unfinished_implementation,GUIDING_QUESTION,Unfinished code should prompt the student to state the next step.,200,GUIDING_QUESTION,true,gemini,Great start on the problem!  Consider what the `progress` variable should represent and how you might update it within the loop.,STUCK_NO_PROGRESS,True,0,3,0,779,unfinished implementation,2,
63,ML,1,911011,311,roman-to-integer,Roman to Integer,easy,lookahead condition,3,first_conceptual_error,off_by_one_first,CODE_HIGHLIGHT,First substantial mistake should receive the least sufficient intervention.,200,CODE_HIGHLIGHT,true,template,Check the for loop condition. There may be a small issue here.,OFF_BY_ONE,True,1,2,0,1542,for loop condition,1,
64,ML,1,911011,311,roman-to-integer,Roman to Integer,easy,lookahead condition,4,repeated_conceptual_error,off_by_one_repeat,CONCEPTUAL_HINT,Repeated mistake should move from location cue to conceptual support.,200,CONCEPTUAL_HINT,true,template,Think about the loop boundaries. Are you iterating one step too far?,OFF_BY_ONE,True,1,2,0,1714,for loop condition,1,
65,ML,1,911011,311,roman-to-integer,Roman to Integer,easy,lookahead condition,5,partial_logic,partial_but_compiling,CONCEPTUAL_HINT,Compiling but incomplete logic should receive a compact conceptual nudge.,200,CONCEPTUAL_HINT,true,gemini,"Great start! It looks like you've got the basic idea, but let's revisit the logic within this block to ensure it handles all the conditions correctly.",UNKNOWN,True,1,2,0,2072,logic block,1,
66,ML,1,911011,311,roman-to-integer,Roman to Integer,easy,lookahead condition,6,local_completion,locally_complete,NO_FEEDBACK,Locally complete state should not be interrupted.,200,NO_FEEDBACK,true,template,Good progress. Continue working.,UNKNOWN,True,3,0,0,638,logic block,1,
67,ML,1,911012,312,climbing-stairs,Climbing Stairs,easy,base cases and recurrence,1,syntax,missing_statement_ending,CODE_HIGHLIGHT,First syntax error should be localized before giving a concept explanation.,200,CODE_HIGHLIGHT,true,gemini,It looks like there might be a small syntax error with how your statement is ending. Double-check the punctuation required at the end of your variable declaration.,SYNTAX_ERROR,False,0,0,0,1279,statement ending,1,
68,ML,1,911012,312,climbing-stairs,Climbing Stairs,easy,base cases and recurrence,2,planning,unfinished_implementation,GUIDING_QUESTION,Unfinished code should prompt the student to state the next step.,200,GUIDING_QUESTION,true,template,What should be true at each iteration for your algorithm to work correctly?,STUCK_NO_PROGRESS,True,0,3,0,1293,unfinished implementation,2,
69,ML,1,911012,312,climbing-stairs,Climbing Stairs,easy,base cases and recurrence,3,first_conceptual_error,wrong_condition_first,CONCEPTUAL_HINT,First substantial mistake should receive the least sufficient intervention.,200,CONCEPTUAL_HINT,true,gemini,You're on the right track with how you're updating `a` and `b`! Consider what condition would allow the loop to terminate after the desired number of Fibonacci numbers have been generated.,WRONG_CONDITION,True,1,2,0,3091,while condition,1,
70,ML,1,911012,312,climbing-stairs,Climbing Stairs,easy,base cases and recurrence,4,repeated_conceptual_error,wrong_condition_repeat,CONCEPTUAL_HINT,Repeated mistake should move from location cue to conceptual support.,200,CONCEPTUAL_HINT,true,template,Review the condition carefully. Does it describe the exact stopping rule?,WRONG_CONDITION,True,1,2,0,2121,while condition,1,
71,ML,1,911012,312,climbing-stairs,Climbing Stairs,easy,base cases and recurrence,5,partial_logic,partial_but_compiling,CONCEPTUAL_HINT,Compiling but incomplete logic should receive a compact conceptual nudge.,200,CONCEPTUAL_HINT,true,gemini,"You're on the right track with incrementing the checkpoint, but it seems like the logic in that block isn't quite matching the requirements for all test cases. Think about how the checkpoint should change based on the conditions within the task.",UNKNOWN,True,1,2,0,868,logic block,1,
72,ML,1,911012,312,climbing-stairs,Climbing Stairs,easy,base cases and recurrence,6,local_completion,locally_complete,NO_FEEDBACK,Locally complete state should not be interrupted.,200,NO_FEEDBACK,true,gemini,"You're very close to the correct solution! Take another look at the condition in your `for` loop, specifically how it relates to the starting index and the total number of iterations needed.",OFF_BY_ONE,True,1,2,0,786,for loop condition,1,
73,ML,2,912001,301,palindrome,Valid Palindrome,easy,two pointers and string normalization,1,syntax,missing_statement_ending,CODE_HIGHLIGHT,First syntax error should be localized before giving a concept explanation.,200,CODE_HIGHLIGHT,true,template,Check the statement ending. There may be a small issue here.,SYNTAX_ERROR,False,0,0,0,1248,statement ending,1,
74,ML,2,912001,301,palindrome,Valid Palindrome,easy,two pointers and string normalization,2,planning,unfinished_implementation,GUIDING_QUESTION,Unfinished code should prompt the student to state the next step.,200,GUIDING_QUESTION,true,gemini,"It looks like you've started setting up your variables, which is a great first step! What is the main logic or calculation that needs to happen inside your `progress` function to achieve the task's goal?",STUCK_NO_PROGRESS,True,0,3,0,821,unfinished implementation,2,
75,ML,2,912001,301,palindrome,Valid Palindrome,easy,two pointers and string normalization,3,first_conceptual_error,possible_null_access_first,CODE_HIGHLIGHT,First substantial mistake should receive the least sufficient intervention.,200,CODE_HIGHLIGHT,true,gemini,"Great job on passing most of the tests! Consider what might happen if the input string `s` were `null` or empty, and how your current code would handle that.",POSSIBLE_NULL_ACCESS,True,3,0,0,850,missing null or empty guard,1,
76,ML,2,912001,301,palindrome,Valid Palindrome,easy,two pointers and string normalization,4,repeated_conceptual_error,possible_null_access_repeat,CONCEPTUAL_HINT,Repeated mistake should move from location cue to conceptual support.,200,CONCEPTUAL_HINT,true,template,Compare this part of your logic with the task requirement.,POSSIBLE_NULL_ACCESS,True,3,0,0,601,missing null or empty guard,1,
77,ML,2,912001,301,palindrome,Valid Palindrome,easy,two pointers and string normalization,5,partial_logic,partial_but_compiling,CONCEPTUAL_HINT,Compiling but incomplete logic should receive a compact conceptual nudge.,200,CONCEPTUAL_HINT,true,gemini,You're on the right track with how you're incrementing the `checkpoint` variable! Consider how the value of `checkpoint` needs to change *within* the loop to reflect the different stages of your logic.,UNKNOWN,True,1,2,0,695,logic block,1,
78,ML,2,912001,301,palindrome,Valid Palindrome,easy,two pointers and string normalization,6,local_completion,locally_complete,NO_FEEDBACK,Locally complete state should not be interrupted.,200,NO_FEEDBACK,true,gemini,Great job on passing most of the tests! Take another look at your `while` loop's condition to see if it's capturing all the necessary scenarios for your problem.,WRONG_CONDITION,True,3,0,0,1133,while condition,1,
79,ML,2,912002,302,two-sum,Two Sum,easy,hash map lookup and pair search,1,syntax,missing_statement_ending,CODE_HIGHLIGHT,First syntax error should be localized before giving a concept explanation.,200,CODE_HIGHLIGHT,true,template,Check the statement ending. There may be a small issue here.,SYNTAX_ERROR,False,0,0,0,615,statement ending,1,
80,ML,2,912002,302,two-sum,Two Sum,easy,hash map lookup and pair search,2,planning,unfinished_implementation,GUIDING_QUESTION,Unfinished code should prompt the student to state the next step.,200,GUIDING_QUESTION,true,gemini,Great start!  It looks like the main logic for calculating the `progress` is still missing. What approach did you consider for implementing the core algorithm?,STUCK_NO_PROGRESS,True,0,3,0,912,unfinished implementation,2,
81,ML,2,912002,302,two-sum,Two Sum,easy,hash map lookup and pair search,3,first_conceptual_error,off_by_one_first,CODE_HIGHLIGHT,First substantial mistake should receive the least sufficient intervention.,200,CODE_HIGHLIGHT,true,gemini,Your loop condition looks very close to being correct! Remember to consider the index of the last element in an array.,OFF_BY_ONE,True,1,2,0,691,for loop condition,1,
82,ML,2,912002,302,two-sum,Two Sum,easy,hash map lookup and pair search,4,repeated_conceptual_error,off_by_one_repeat,CONCEPTUAL_HINT,Repeated mistake should move from location cue to conceptual support.,200,CONCEPTUAL_HINT,true,gemini,Great start on this problem! Take another look at your loop condition for `j`; it might be causing you to miss a valid pair or go out of bounds.,OFF_BY_ONE,True,1,2,0,1221,for loop condition,1,
83,ML,2,912002,302,two-sum,Two Sum,easy,hash map lookup and pair search,5,partial_logic,partial_but_compiling,CONCEPTUAL_HINT,Compiling but incomplete logic should receive a compact conceptual nudge.,200,CONCEPTUAL_HINT,true,gemini,Great start on implementing the checkpoint logic! Think about what happens to the `checkpoint` variable in the `while` loop – is it being updated correctly to ensure all necessary conditions are met?,UNKNOWN,True,1,2,1,1422,logic block,1,
84,ML,2,912002,302,two-sum,Two Sum,easy,hash map lookup and pair search,6,local_completion,locally_complete,NO_FEEDBACK,Locally complete state should not be interrupted.,200,NO_FEEDBACK,true,gemini,Great job on the logic for finding the two numbers! Your approach of checking for the complement in the map is a solid strategy.,UNKNOWN,True,3,0,0,1459,logic block,1,
85,ML,2,912003,303,valid-parentheses,Valid Parentheses,easy,stack state and matching brackets,1,syntax,missing_statement_ending,CODE_HIGHLIGHT,First syntax error should be localized before giving a concept explanation.,200,CODE_HIGHLIGHT,true,gemini,I see a small syntax issue with how you're ending your statement; remember to use a semicolon where appropriate. Keep up the great work as you're on the right track!,SYNTAX_ERROR,False,0,0,0,1289,statement ending,1,
86,ML,2,912003,303,valid-parentheses,Valid Parentheses,easy,stack state and matching brackets,2,planning,unfinished_implementation,GUIDING_QUESTION,Unfinished code should prompt the student to state the next step.,200,GUIDING_QUESTION,true,gemini,It looks like you've got a great start on setting up your variables! What's the next logical step to begin processing the input or building the core of your algorithm?,STUCK_NO_PROGRESS,True,0,3,0,946,unfinished implementation,2,
87,ML,2,912003,303,valid-parentheses,Valid Parentheses,easy,stack state and matching brackets,3,first_conceptual_error,possible_null_access_first,CODE_HIGHLIGHT,First substantial mistake should receive the least sufficient intervention.,200,CODE_HIGHLIGHT,true,gemini,Great job on getting 3 tests to pass!  Consider what happens if the stack is empty when `stack.peek()` is called.,UNKNOWN,True,3,0,0,987,logic block,1,
88,ML,2,912003,303,valid-parentheses,Valid Parentheses,easy,stack state and matching brackets,4,repeated_conceptual_error,possible_null_access_repeat,CONCEPTUAL_HINT,Repeated mistake should move from location cue to conceptual support.,200,CONCEPTUAL_HINT,true,gemini,You're on the right track with using a stack and iterating through the string! Think carefully about what needs to be on the stack and when you should be removing elements to correctly match parentheses.,UNKNOWN,True,3,0,0,880,logic block,1,
89,ML,2,912003,303,valid-parentheses,Valid Parentheses,easy,stack state and matching brackets,5,partial_logic,partial_but_compiling,CONCEPTUAL_HINT,Compiling but incomplete logic should receive a compact conceptual nudge.,200,CONCEPTUAL_HINT,true,gemini,"It looks like your code is on the right track, but there might be a small logical error in how you're handling the `checkpoint` variable that's causing some tests to fail. Consider if its value needs to change more than just incrementing.",UNKNOWN,True,1,2,0,883,logic block,1,
90,ML,2,912003,303,valid-parentheses,Valid Parentheses,easy,stack state and matching brackets,6,local_completion,locally_complete,NO_FEEDBACK,Locally complete state should not be interrupted.,200,CONCEPTUAL_HINT,false,gemini,Your code correctly handles the cases where the stack becomes empty. Consider how you might approach situations where the stack ends up with remaining elements.,UNKNOWN,True,3,0,0,653,logic block,1,
91,ML,2,912004,304,binary-search,Binary Search,easy,search interval invariant,1,syntax,missing_statement_ending,CODE_HIGHLIGHT,First syntax error should be localized before giving a concept explanation.,200,CODE_HIGHLIGHT,true,gemini,Your code is almost there! Look closely at the end of your `int candidate = 0` statement for a common punctuation error.,SYNTAX_ERROR,False,0,0,0,641,statement ending,1,
92,ML,2,912004,304,binary-search,Binary Search,easy,search interval invariant,2,planning,unfinished_implementation,GUIDING_QUESTION,Unfinished code should prompt the student to state the next step.,200,GUIDING_QUESTION,true,gemini,"It looks like you've got the basic structure in place, but the core logic for calculating progress still needs to be implemented. What steps would you take to determine how much progress has been made based on the given information?",STUCK_NO_PROGRESS,True,0,3,1,829,unfinished implementation,2,
93,ML,2,912004,304,binary-search,Binary Search,easy,search interval invariant,3,first_conceptual_error,wrong_loop_boundary_first,CODE_HIGHLIGHT,First substantial mistake should receive the least sufficient intervention.,200,CODE_HIGHLIGHT,true,gemini,You're very close to a correct binary search implementation! Consider carefully what happens when `left` and `right` become equal in your `while` loop condition.,WRONG_LOOP_BOUNDARY,True,1,2,0,1150,binary search loop boundary,1,
94,ML,2,912004,304,binary-search,Binary Search,easy,search interval invariant,4,repeated_conceptual_error,wrong_loop_boundary_repeat,CONCEPTUAL_HINT,Repeated mistake should move from location cue to conceptual support.,200,CONCEPTUAL_HINT,true,gemini,Great start on implementing the binary search! Double-check the conditions for updating `low` and `high` within the loop to ensure you're not missing any potential values.,WRONG_LOOP_BOUNDARY,True,1,2,0,877,binary search loop boundary,1,
95,ML,2,912004,304,binary-search,Binary Search,easy,search interval invariant,5,partial_logic,partial_but_compiling,CONCEPTUAL_HINT,Compiling but incomplete logic should receive a compact conceptual nudge.,200,CONCEPTUAL_HINT,true,gemini,You're on the right track with how you're incrementing the `checkpoint` variable! Review the conditions where this logic block is being executed to ensure it aligns with all test case expectations.,UNKNOWN,True,1,2,0,1007,logic block,1,
96,ML,2,912004,304,binary-search,Binary Search,easy,search interval invariant,6,local_completion,locally_complete,NO_FEEDBACK,Locally complete state should not be interrupted.,200,NO_FEEDBACK,true,gemini,"You're on the right track with setting up your binary search, but there's a small adjustment needed within your `while` loop to ensure it correctly narrows down the search space. Keep up the great work!",UNKNOWN,True,3,0,0,1220,logic block,1,
97,ML,2,912005,305,merge-sorted-array,Merge Sorted Array,easy,array index management,1,syntax,missing_statement_ending,CODE_HIGHLIGHT,First syntax error should be localized before giving a concept explanation.,200,CODE_HIGHLIGHT,true,template,Check the statement ending. There may be a small issue here.,SYNTAX_ERROR,False,0,0,0,1181,statement ending,1,
98,ML,2,912005,305,merge-sorted-array,Merge Sorted Array,easy,array index management,2,planning,unfinished_implementation,GUIDING_QUESTION,Unfinished code should prompt the student to state the next step.,200,GUIDING_QUESTION,true,template,What should be true at each iteration for your algorithm to work correctly?,STUCK_NO_PROGRESS,True,0,3,0,589,unfinished implementation,2,
99,ML,2,912005,305,merge-sorted-array,Merge Sorted Array,easy,array index management,3,first_conceptual_error,off_by_one_first,CODE_HIGHLIGHT,First substantial mistake should receive the least sufficient intervention.,200,CODE_HIGHLIGHT,true,template,Check the for loop condition. There may be a small issue here.,OFF_BY_ONE,True,1,2,0,688,for loop condition,1,
100,ML,2,912005,305,merge-sorted-array,Merge Sorted Array,easy,array index management,4,repeated_conceptual_error,off_by_one_repeat,CONCEPTUAL_HINT,Repeated mistake should move from location cue to conceptual support.,200,CONCEPTUAL_HINT,true,gemini,Great progress on your loop! Take another look at the condition you're using to control how many times it runs. Think about the indices available in your array.,OFF_BY_ONE,True,1,2,0,2985,for loop condition,1,
101,ML,2,912005,305,merge-sorted-array,Merge Sorted Array,easy,array index management,5,partial_logic,partial_but_compiling,CONCEPTUAL_HINT,Compiling but incomplete logic should receive a compact conceptual nudge.,200,CONCEPTUAL_HINT,true,template,Compare this part of your logic with the task requirement.,UNKNOWN,True,1,2,1,981,logic block,1,
102,ML,2,912005,305,merge-sorted-array,Merge Sorted Array,easy,array index management,6,local_completion,locally_complete,NO_FEEDBACK,Locally complete state should not be interrupted.,200,NO_FEEDBACK,true,gemini,Great job on passing the tests! Your code successfully handles the given test cases.,UNKNOWN,True,3,0,1,716,logic block,1,
103,ML,2,912006,306,trapping-rain-water,Trapping Rain Water,hard,two pointers and running maxima,1,syntax,missing_statement_ending,CODE_HIGHLIGHT,First syntax error should be localized before giving a concept explanation.,200,CODE_HIGHLIGHT,true,gemini,It looks like there's a small syntax error at the end of your statement; double-check how statements are typically terminated in C++.,SYNTAX_ERROR,False,0,0,0,718,statement ending,1,
104,ML,2,912006,306,trapping-rain-water,Trapping Rain Water,hard,two pointers and running maxima,2,planning,unfinished_implementation,GUIDING_QUESTION,Unfinished code should prompt the student to state the next step.,200,GUIDING_QUESTION,true,gemini,"It looks like the core logic for calculating the progress is still missing, as indicated by the `// TODO`. Could you think about how you might use the input values to determine the `progress`?",STUCK_NO_PROGRESS,True,0,3,0,825,unfinished implementation,2,
105,ML,2,912006,306,trapping-rain-water,Trapping Rain Water,hard,two pointers and running maxima,3,first_conceptual_error,wrong_condition_first,CONCEPTUAL_HINT,First substantial mistake should receive the least sufficient intervention.,200,CONCEPTUAL_HINT,true,gemini,Your `while` loop condition seems to be causing an infinite loop. Consider what needs to change for the loop to eventually terminate.,WRONG_CONDITION,True,1,2,0,883,while condition,1,
106,ML,2,912006,306,trapping-rain-water,Trapping Rain Water,hard,two pointers and running maxima,4,repeated_conceptual_error,wrong_condition_repeat,CONCEPTUAL_HINT,Repeated mistake should move from location cue to conceptual support.,200,CONCEPTUAL_HINT,true,gemini,"You're on the right track with using two pointers, but take another look at the condition for your `while` loop to ensure it covers all necessary scenarios. Think about when the loop should continue and when it should stop processing elements.",WRONG_CONDITION,True,1,2,0,1268,while condition,1,
107,ML,2,912006,306,trapping-rain-water,Trapping Rain Water,hard,two pointers and running maxima,5,partial_logic,partial_but_compiling,CONCEPTUAL_HINT,Compiling but incomplete logic should receive a compact conceptual nudge.,200,CONCEPTUAL_HINT,true,gemini,You're on the right track with incrementing your `checkpoint` variable! Think about the specific conditions under which you want that increment to happen in relation to the overall logic of your program.,UNKNOWN,True,1,2,0,642,logic block,1,
108,ML,2,912006,306,trapping-rain-water,Trapping Rain Water,hard,two pointers and running maxima,6,local_completion,locally_complete,NO_FEEDBACK,Locally complete state should not be interrupted.,200,NO_FEEDBACK,true,gemini,Great job on getting most of the tests to pass! Review your `while` loop's condition and how `left` and `right` are updated to ensure they properly traverse the array for the water trapping calculation.,UNKNOWN,True,3,0,0,873,logic block,1,
109,ML,2,912007,307,lru-cache,LRU Cache,medium,state update and eviction policy,1,syntax,missing_statement_ending,CODE_HIGHLIGHT,First syntax error should be localized before giving a concept explanation.,200,CODE_HIGHLIGHT,true,gemini,It looks like there's a small syntax issue with how you're ending your statement. Double-check the punctuation at the end of your `int candidate = 0` line.,SYNTAX_ERROR,False,0,0,0,776,statement ending,1,
110,ML,2,912007,307,lru-cache,LRU Cache,medium,state update and eviction policy,2,planning,unfinished_implementation,GUIDING_QUESTION,Unfinished code should prompt the student to state the next step.,200,GUIDING_QUESTION,true,gemini,It looks like the core logic for the algorithm is still missing. Have you considered how to start processing the input and building up the `progress` variable step by step?,STUCK_NO_PROGRESS,True,0,3,0,2765,unfinished implementation,2,
111,ML,2,912007,307,lru-cache,LRU Cache,medium,state update and eviction policy,3,first_conceptual_error,unknown_logic_first,CONCEPTUAL_HINT,First substantial mistake should receive the least sufficient intervention.,200,CODE_HIGHLIGHT,false,gemini,Great job on passing most of the tests! Take another look at the logic block to see if there's a small adjustment that could make it handle all cases correctly.,UNKNOWN,True,3,0,0,1270,logic block,1,
112,ML,2,912007,307,lru-cache,LRU Cache,medium,state update and eviction policy,4,repeated_conceptual_error,unknown_logic_repeat,CONCEPTUAL_HINT,Repeated mistake should move from location cue to conceptual support.,200,CONCEPTUAL_HINT,true,gemini,Great job on getting most of the tests to pass! Take another look at the logic within your `if` block to ensure you're handling the cache's capacity correctly.,UNKNOWN,True,3,0,0,840,logic block,1,
113,ML,2,912007,307,lru-cache,LRU Cache,medium,state update and eviction policy,5,partial_logic,partial_but_compiling,CONCEPTUAL_HINT,Compiling but incomplete logic should receive a compact conceptual nudge.,200,CONCEPTUAL_HINT,true,gemini,You're on the right track with how you're incrementing the `checkpoint` variable! Consider how the value of `checkpoint` changes *after* the increment operation within your logic block to ensure it's correctly evaluated in subsequent steps.,UNKNOWN,True,1,2,0,759,logic block,1,
114,ML,2,912007,307,lru-cache,LRU Cache,medium,state update and eviction policy,6,local_completion,locally_complete,NO_FEEDBACK,Locally complete state should not be interrupted.,200,CONCEPTUAL_HINT,false,gemini,Great job implementing the core logic for caching! Consider what happens to the cache's state *after* you remove an item to ensure it always stays within the defined capacity.,UNKNOWN,True,3,0,0,686,logic block,1,
115,ML,2,912008,308,longest-substring,Longest Substring Without Repeating Characters,medium,sliding window invariant,1,syntax,missing_statement_ending,CODE_HIGHLIGHT,First syntax error should be localized before giving a concept explanation.,200,CODE_HIGHLIGHT,true,gemini,It looks like there might be a small punctuation issue at the end of your `int candidate = 0` statement that's causing a syntax error. Double-check how statements are typically terminated in C++.,SYNTAX_ERROR,False,0,0,1,763,statement ending,1,
116,ML,2,912008,308,longest-substring,Longest Substring Without Repeating Characters,medium,sliding window invariant,2,planning,unfinished_implementation,GUIDING_QUESTION,Unfinished code should prompt the student to state the next step.,200,GUIDING_QUESTION,true,template,What should be true at each iteration for your algorithm to work correctly?,STUCK_NO_PROGRESS,True,0,3,0,709,unfinished implementation,2,
117,ML,2,912008,308,longest-substring,Longest Substring Without Repeating Characters,medium,sliding window invariant,3,first_conceptual_error,off_by_one_first,CODE_HIGHLIGHT,First substantial mistake should receive the least sufficient intervention.,200,CODE_HIGHLIGHT,true,gemini,Great job on getting one test case to pass! Take another look at your `for` loop condition; it seems like you might be off by one element.,OFF_BY_ONE,True,1,2,0,1795,for loop condition,1,
118,ML,2,912008,308,longest-substring,Longest Substring Without Repeating Characters,medium,sliding window invariant,4,repeated_conceptual_error,off_by_one_repeat,CONCEPTUAL_HINT,Repeated mistake should move from location cue to conceptual support.,200,CONCEPTUAL_HINT,true,gemini,Great job getting your code to compile! Take a closer look at how your loop condition interacts with the characters being added to the `seen` set. Remember that string indices start at 0.,OFF_BY_ONE,True,1,2,0,2621,for loop condition,1,
119,ML,2,912008,308,longest-substring,Longest Substring Without Repeating Characters,medium,sliding window invariant,5,partial_logic,partial_but_compiling,CONCEPTUAL_HINT,Compiling but incomplete logic should receive a compact conceptual nudge.,200,CONCEPTUAL_HINT,true,gemini,"Great progress on this task! For the failing tests, carefully re-examine the logic within your `checkpoint` block to ensure it aligns with the expected behavior for all scenarios.",UNKNOWN,True,1,2,0,1264,logic block,1,
120,ML,2,912008,308,longest-substring,Longest Substring Without Repeating Characters,medium,sliding window invariant,6,local_completion,locally_complete,NO_FEEDBACK,Locally complete state should not be interrupted.,200,NO_FEEDBACK,true,gemini,Great job on getting all the tests to pass! Your code seems to be on the right track to solving the problem.,UNKNOWN,True,3,0,0,1282,logic block,1,
121,ML,2,912009,309,reverse-linked-list,Reverse Linked List,easy,pointer update order,1,syntax,missing_statement_ending,CODE_HIGHLIGHT,First syntax error should be localized before giving a concept explanation.,200,CODE_HIGHLIGHT,true,gemini,It looks like there might be a syntax issue with how your statement is ending. Double-check the punctuation you're using to mark the end of your code lines.,SYNTAX_ERROR,False,0,0,0,968,statement ending,1,
122,ML,2,912009,309,reverse-linked-list,Reverse Linked List,easy,pointer update order,2,planning,unfinished_implementation,GUIDING_QUESTION,Unfinished code should prompt the student to state the next step.,200,GUIDING_QUESTION,true,template,What should be true at each iteration for your algorithm to work correctly?,STUCK_NO_PROGRESS,True,0,3,0,1074,unfinished implementation,2,
123,ML,2,912009,309,reverse-linked-list,Reverse Linked List,easy,pointer update order,3,first_conceptual_error,wrong_condition_first,CONCEPTUAL_HINT,First substantial mistake should receive the least sufficient intervention.,200,CONCEPTUAL_HINT,true,gemini,Your `while` loop is set to run indefinitely. Think about what condition would tell the loop when it's finished reversing the list.,WRONG_CONDITION,True,1,2,0,773,while condition,1,
124,ML,2,912009,309,reverse-linked-list,Reverse Linked List,easy,pointer update order,4,repeated_conceptual_error,wrong_condition_repeat,CONCEPTUAL_HINT,Repeated mistake should move from location cue to conceptual support.,200,CONCEPTUAL_HINT,true,gemini,Your `while` loop condition needs a slight adjustment to ensure it terminates correctly. Think about what condition should be checked to know when to stop iterating through the linked list.,WRONG_CONDITION,True,1,2,0,813,while condition,1,
125,ML,2,912009,309,reverse-linked-list,Reverse Linked List,easy,pointer update order,5,partial_logic,partial_but_compiling,CONCEPTUAL_HINT,Compiling but incomplete logic should receive a compact conceptual nudge.,200,CONCEPTUAL_HINT,true,gemini,"Great job getting your code to compile and pass one test! Review the logic within your `if` statements carefully, as that's where the other two tests are likely failing.",UNKNOWN,True,1,2,0,983,logic block,1,
126,ML,2,912009,309,reverse-linked-list,Reverse Linked List,easy,pointer update order,6,local_completion,locally_complete,NO_FEEDBACK,Locally complete state should not be interrupted.,200,NO_FEEDBACK,true,gemini,Great job on the `while` loop structure!  Consider carefully what `prev` represents after the loop finishes.,UNKNOWN,True,3,0,1,813,logic block,1,
127,ML,2,912010,310,matrix-diagonal-sum,Matrix Diagonal Sum,easy,nested indexing and double counting,1,syntax,missing_statement_ending,CODE_HIGHLIGHT,First syntax error should be localized before giving a concept explanation.,200,CODE_HIGHLIGHT,true,gemini,"It looks like you're on the right track with declaring your variable, but there might be a small syntax issue with how the statement is being finished. Take another look at the end of that line for a character that might be missing.",SYNTAX_ERROR,False,0,0,0,825,statement ending,1,
128,ML,2,912010,310,matrix-diagonal-sum,Matrix Diagonal Sum,easy,nested indexing and double counting,2,planning,unfinished_implementation,GUIDING_QUESTION,Unfinished code should prompt the student to state the next step.,200,GUIDING_QUESTION,true,gemini,It looks like the core logic of your algorithm is still under development. Have you considered what the main steps would be to calculate the progress based on the problem description?,STUCK_NO_PROGRESS,True,0,3,0,1108,unfinished implementation,2,
129,ML,2,912010,310,matrix-diagonal-sum,Matrix Diagonal Sum,easy,nested indexing and double counting,3,first_conceptual_error,off_by_one_first,CODE_HIGHLIGHT,First substantial mistake should receive the least sufficient intervention.,200,CODE_HIGHLIGHT,true,template,Check the for loop condition. There may be a small issue here.,OFF_BY_ONE,True,1,2,0,533,for loop condition,1,
130,ML,2,912010,310,matrix-diagonal-sum,Matrix Diagonal Sum,easy,nested indexing and double counting,4,repeated_conceptual_error,off_by_one_repeat,CONCEPTUAL_HINT,Repeated mistake should move from location cue to conceptual support.,200,CONCEPTUAL_HINT,true,gemini,You're very close! Double-check the condition in your `for` loop to ensure it iterates over the correct range of indices for your matrix.,OFF_BY_ONE,True,1,2,0,755,for loop condition,1,
131,ML,2,912010,310,matrix-diagonal-sum,Matrix Diagonal Sum,easy,nested indexing and double counting,5,partial_logic,partial_but_compiling,CONCEPTUAL_HINT,Compiling but incomplete logic should receive a compact conceptual nudge.,200,CONCEPTUAL_HINT,true,gemini,"It looks like you're on the right track with incrementing the `checkpoint` variable, but consider if this single increment is enough to satisfy all the conditions in the tests. Think about how the `checkpoint` needs to change to pass the remaining checks.",UNKNOWN,True,1,2,0,747,logic block,1,
132,ML,2,912010,310,matrix-diagonal-sum,Matrix Diagonal Sum,easy,nested indexing and double counting,6,local_completion,locally_complete,NO_FEEDBACK,Locally complete state should not be interrupted.,200,NO_FEEDBACK,true,template,Good progress. Continue working.,UNKNOWN,True,3,0,0,714,logic block,1,
133,ML,2,912011,311,roman-to-integer,Roman to Integer,easy,lookahead condition,1,syntax,missing_statement_ending,CODE_HIGHLIGHT,First syntax error should be localized before giving a concept explanation.,200,CODE_HIGHLIGHT,true,template,Check the statement ending. There may be a small issue here.,SYNTAX_ERROR,False,0,0,0,709,statement ending,1,
134,ML,2,912011,311,roman-to-integer,Roman to Integer,easy,lookahead condition,2,planning,unfinished_implementation,GUIDING_QUESTION,Unfinished code should prompt the student to state the next step.,200,GUIDING_QUESTION,true,gemini,Great start! It looks like you're on the right track with initializing your `progress` variable. What specific steps do you think need to happen next to fulfill the core algorithm requirement?,STUCK_NO_PROGRESS,True,0,3,0,782,unfinished implementation,2,
135,ML,2,912011,311,roman-to-integer,Roman to Integer,easy,lookahead condition,3,first_conceptual_error,off_by_one_first,CODE_HIGHLIGHT,First substantial mistake should receive the least sufficient intervention.,200,CODE_HIGHLIGHT,true,gemini,You're close! Take another look at your `for` loop's condition to ensure it's iterating over the correct range of characters. Think about the indices of strings in Java.,OFF_BY_ONE,True,1,2,0,2290,for loop condition,1,
136,ML,2,912011,311,roman-to-integer,Roman to Integer,easy,lookahead condition,4,repeated_conceptual_error,off_by_one_repeat,CONCEPTUAL_HINT,Repeated mistake should move from location cue to conceptual support.,200,CONCEPTUAL_HINT,true,gemini,"Great start on the loop! Think carefully about the indices when accessing characters in a string. Remember that strings are zero-indexed, so the last character is at `length() - 1`.",OFF_BY_ONE,True,1,2,0,940,for loop condition,1,
137,ML,2,912011,311,roman-to-integer,Roman to Integer,easy,lookahead condition,5,partial_logic,partial_but_compiling,CONCEPTUAL_HINT,Compiling but incomplete logic should receive a compact conceptual nudge.,200,CONCEPTUAL_HINT,true,gemini,"You're on the right track with incrementing the `checkpoint` variable, but it looks like the logic within this block might need a closer examination to fully address the problem requirements. Think about what other conditions might need to be checked or what other actions should occur here.",UNKNOWN,True,1,2,0,1911,logic block,1,
138,ML,2,912011,311,roman-to-integer,Roman to Integer,easy,lookahead condition,6,local_completion,locally_complete,NO_FEEDBACK,Locally complete state should not be interrupted.,200,NO_FEEDBACK,true,gemini,Great job on getting the tests to pass! Your loop looks like it's correctly calculating the total value.,UNKNOWN,True,3,0,0,1414,logic block,1,
139,ML,2,912012,312,climbing-stairs,Climbing Stairs,easy,base cases and recurrence,1,syntax,missing_statement_ending,CODE_HIGHLIGHT,First syntax error should be localized before giving a concept explanation.,200,CODE_HIGHLIGHT,true,gemini,It looks like there's a small syntax issue with how your statement is ending. Double-check the punctuation you're using at the end of that line.,SYNTAX_ERROR,False,0,0,0,1456,statement ending,1,
140,ML,2,912012,312,climbing-stairs,Climbing Stairs,easy,base cases and recurrence,2,planning,unfinished_implementation,GUIDING_QUESTION,Unfinished code should prompt the student to state the next step.,200,GUIDING_QUESTION,true,gemini,Great start! It looks like you're on the right track with setting up your variables. What's the next logical step to get closer to solving the problem based on the requirements?,STUCK_NO_PROGRESS,True,0,3,0,1169,unfinished implementation,2,
141,ML,2,912012,312,climbing-stairs,Climbing Stairs,easy,base cases and recurrence,3,first_conceptual_error,wrong_condition_first,CONCEPTUAL_HINT,First substantial mistake should receive the least sufficient intervention.,200,CONCEPTUAL_HINT,true,gemini,Your loop condition `while (true)` will cause the loop to run indefinitely. Consider what condition would tell you when to stop calculating the Fibonacci sequence.,WRONG_CONDITION,True,1,2,1,1849,while condition,1,
142,ML,2,912012,312,climbing-stairs,Climbing Stairs,easy,base cases and recurrence,4,repeated_conceptual_error,wrong_condition_repeat,CONCEPTUAL_HINT,Repeated mistake should move from location cue to conceptual support.,200,CONCEPTUAL_HINT,true,gemini,"Your loop continues indefinitely, which might not be what you intend given the task. Consider how the loop's condition relates to the problem's stopping point.",WRONG_CONDITION,True,1,2,0,1467,while condition,1,
143,ML,2,912012,312,climbing-stairs,Climbing Stairs,easy,base cases and recurrence,5,partial_logic,partial_but_compiling,CONCEPTUAL_HINT,Compiling but incomplete logic should receive a compact conceptual nudge.,200,CONCEPTUAL_HINT,true,gemini,Great start on the checkpoint logic! Review the part of your code where you're deciding whether to increment the checkpoint and consider what condition needs to be met for that to happen.,UNKNOWN,True,1,2,1,817,logic block,1,
144,ML,2,912012,312,climbing-stairs,Climbing Stairs,easy,base cases and recurrence,6,local_completion,locally_complete,NO_FEEDBACK,Locally complete state should not be interrupted.,200,NO_FEEDBACK,true,gemini,Great job on getting started with the loop and calculating the next Fibonacci number! Double-check the starting point and the end condition of your `for` loop to ensure you're including all the necessary iterations.,OFF_BY_ONE,True,1,2,0,1646,for loop condition,1,
145,ML,3,913001,301,palindrome,Valid Palindrome,easy,two pointers and string normalization,1,syntax,missing_statement_ending,CODE_HIGHLIGHT,First syntax error should be localized before giving a concept explanation.,200,CODE_HIGHLIGHT,true,gemini,It looks like you might have a syntax error related to how your statement ends. Double-check the punctuation at the end of that line.,SYNTAX_ERROR,False,0,0,0,769,statement ending,1,
146,ML,3,913001,301,palindrome,Valid Palindrome,easy,two pointers and string normalization,2,planning,unfinished_implementation,GUIDING_QUESTION,Unfinished code should prompt the student to state the next step.,200,GUIDING_QUESTION,true,gemini,"It looks like you're off to a good start! To move forward, consider what steps are needed to calculate the `progress` based on the task description.",STUCK_NO_PROGRESS,True,0,3,0,587,unfinished implementation,2,
147,ML,3,913001,301,palindrome,Valid Palindrome,easy,two pointers and string normalization,3,first_conceptual_error,possible_null_access_first,CODE_HIGHLIGHT,First substantial mistake should receive the least sufficient intervention.,200,CODE_HIGHLIGHT,true,gemini,Great job on passing most of the tests! Consider what might happen if the input string `s` is `null` to make your code even more robust.,POSSIBLE_NULL_ACCESS,True,3,0,0,828,missing null or empty guard,1,
148,ML,3,913001,301,palindrome,Valid Palindrome,easy,two pointers and string normalization,4,repeated_conceptual_error,possible_null_access_repeat,CONCEPTUAL_HINT,Repeated mistake should move from location cue to conceptual support.,200,CONCEPTUAL_HINT,true,gemini,Great job on handling the trimming and reversal logic! Consider what might happen if the input string `s` is null before you attempt to call `.trim()` on it.,POSSIBLE_NULL_ACCESS,True,3,0,0,2259,missing null or empty guard,1,
149,ML,3,913001,301,palindrome,Valid Palindrome,easy,two pointers and string normalization,5,partial_logic,partial_but_compiling,CONCEPTUAL_HINT,Compiling but incomplete logic should receive a compact conceptual nudge.,200,CONCEPTUAL_HINT,true,gemini,It looks like you're on the right track with incrementing your `checkpoint` variable! Think about how the `checkpoint` variable is being used and what its value needs to represent after that code block executes to satisfy all the test cases.,UNKNOWN,True,1,2,0,937,logic block,1,
150,ML,3,913001,301,palindrome,Valid Palindrome,easy,two pointers and string normalization,6,local_completion,locally_complete,NO_FEEDBACK,Locally complete state should not be interrupted.,200,NO_FEEDBACK,true,gemini,Great start! Your code looks like it's on the right track for iterating through the string. Consider what should happen to `left` and `right` in each iteration to ensure the loop eventually stops.,WRONG_CONDITION,True,3,0,0,824,while condition,1,
151,ML,3,913002,302,two-sum,Two Sum,easy,hash map lookup and pair search,1,syntax,missing_statement_ending,CODE_HIGHLIGHT,First syntax error should be localized before giving a concept explanation.,200,CODE_HIGHLIGHT,true,gemini,It looks like there might be a small syntax issue with how your statement is ending. Double-check the punctuation or keywords used right after your variable declaration.,SYNTAX_ERROR,False,0,0,0,1400,statement ending,1,
152,ML,3,913002,302,two-sum,Two Sum,easy,hash map lookup and pair search,2,planning,unfinished_implementation,GUIDING_QUESTION,Unfinished code should prompt the student to state the next step.,200,GUIDING_QUESTION,true,gemini,You're on the right track by setting up the `progress` variable! Consider what needs to happen within your loop to actually update that `progress` based on the problem's requirements.,STUCK_NO_PROGRESS,True,0,3,0,1763,unfinished implementation,2,
153,ML,3,913002,302,two-sum,Two Sum,easy,hash map lookup and pair search,3,first_conceptual_error,off_by_one_first,CODE_HIGHLIGHT,First substantial mistake should receive the least sufficient intervention.,200,CODE_HIGHLIGHT,true,gemini,It looks like your loop condition might be causing you to go one step too far when accessing `nums[i]`. Double-check where your loop should start and end to ensure you're only considering valid indices.,OFF_BY_ONE,True,1,2,0,2883,for loop condition,1,
154,ML,3,913002,302,two-sum,Two Sum,easy,hash map lookup and pair search,4,repeated_conceptual_error,off_by_one_repeat,CONCEPTUAL_HINT,Repeated mistake should move from location cue to conceptual support.,200,CONCEPTUAL_HINT,true,gemini,"It looks like your loop condition might be causing an ""off-by-one"" error. Think about the valid indices for an array and how your loop is currently handling the boundaries.",OFF_BY_ONE,True,1,2,0,1126,for loop condition,1,
155,ML,3,913002,302,two-sum,Two Sum,easy,hash map lookup and pair search,5,partial_logic,partial_but_compiling,CONCEPTUAL_HINT,Compiling but incomplete logic should receive a compact conceptual nudge.,200,CONCEPTUAL_HINT,true,gemini,"It looks like you're on the right track with managing your checkpoint, but there might be a small misunderstanding in how it's being used within your logic. Consider how the `checkpoint` variable should change based on different outcomes in your program.",UNKNOWN,True,1,2,0,1703,logic block,1,
156,ML,3,913002,302,two-sum,Two Sum,easy,hash map lookup and pair search,6,local_completion,locally_complete,NO_FEEDBACK,Locally complete state should not be interrupted.,200,NO_FEEDBACK,true,gemini,"Your logic correctly identifies a potential pair, but consider what happens if the required complement hasn't been seen yet. Think about how to store and retrieve numbers you've already processed.",UNKNOWN,True,3,0,0,1176,logic block,1,
157,ML,3,913003,303,valid-parentheses,Valid Parentheses,easy,stack state and matching brackets,1,syntax,missing_statement_ending,CODE_HIGHLIGHT,First syntax error should be localized before giving a concept explanation.,200,CODE_HIGHLIGHT,true,gemini,"It looks like there might be a small punctuation issue in your code that's causing a syntax error. Check the end of that line carefully, and you should be able to spot it!",SYNTAX_ERROR,False,0,0,0,743,statement ending,1,
158,ML,3,913003,303,valid-parentheses,Valid Parentheses,easy,stack state and matching brackets,2,planning,unfinished_implementation,GUIDING_QUESTION,Unfinished code should prompt the student to state the next step.,200,GUIDING_QUESTION,true,gemini,It looks like you're on the right track with setting up your variables! What's the next logical step to begin processing the input and working towards your goal?,STUCK_NO_PROGRESS,True,0,3,0,845,unfinished implementation,2,
159,ML,3,913003,303,valid-parentheses,Valid Parentheses,easy,stack state and matching brackets,3,first_conceptual_error,possible_null_access_first,CODE_HIGHLIGHT,First substantial mistake should receive the least sufficient intervention.,200,CODE_HIGHLIGHT,true,gemini,"You're so close! Your code handles some cases correctly, but think about what happens when the input string has characters that *don't* have a matching opening character on the stack.",UNKNOWN,True,3,0,0,1041,logic block,1,
160,ML,3,913003,303,valid-parentheses,Valid Parentheses,easy,stack state and matching brackets,4,repeated_conceptual_error,possible_null_access_repeat,CONCEPTUAL_HINT,Repeated mistake should move from location cue to conceptual support.,200,CONCEPTUAL_HINT,true,gemini,"Great job on passing most of the tests! Take another look at how you're handling opening parentheses, as that might be where the remaining issue lies.",UNKNOWN,True,3,0,0,788,logic block,1,
161,ML,3,913003,303,valid-parentheses,Valid Parentheses,easy,stack state and matching brackets,5,partial_logic,partial_but_compiling,CONCEPTUAL_HINT,Compiling but incomplete logic should receive a compact conceptual nudge.,200,CONCEPTUAL_HINT,true,gemini,"You're on the right track with updating the checkpoint, but it looks like the logic for determining the next checkpoint might need a closer look based on the test results. Consider how the `checkpoint` variable should change in different scenarios.",UNKNOWN,True,1,2,0,941,logic block,1,
162,ML,3,913003,303,valid-parentheses,Valid Parentheses,easy,stack state and matching brackets,6,local_completion,locally_complete,NO_FEEDBACK,Locally complete state should not be interrupted.,200,CONCEPTUAL_HINT,false,gemini,Your code correctly handles many cases! Consider what happens when the input string contains characters that are not opening brackets.,UNKNOWN,True,3,0,0,845,logic block,1,
163,ML,3,913004,304,binary-search,Binary Search,easy,search interval invariant,1,syntax,missing_statement_ending,CODE_HIGHLIGHT,First syntax error should be localized before giving a concept explanation.,200,CODE_HIGHLIGHT,true,gemini,It looks like there's a small syntax issue with how the `candidate` variable is being declared and initialized on that line. Double-check the requirements for variable declarations and assignments in C++.,SYNTAX_ERROR,False,0,0,0,896,statement ending,1,
164,ML,3,913004,304,binary-search,Binary Search,easy,search interval invariant,2,planning,unfinished_implementation,GUIDING_QUESTION,Unfinished code should prompt the student to state the next step.,200,GUIDING_QUESTION,true,gemini,It looks like the core logic for the algorithm is still missing. What are the main steps you think need to happen to solve this problem?,STUCK_NO_PROGRESS,True,0,3,1,2225,unfinished implementation,2,
165,ML,3,913004,304,binary-search,Binary Search,easy,search interval invariant,3,first_conceptual_error,wrong_loop_boundary_first,CODE_HIGHLIGHT,First substantial mistake should receive the least sufficient intervention.,200,CODE_HIGHLIGHT,true,gemini,You're very close to a correct binary search! Take another look at the condition in your `while` loop and consider how it affects the search space when the target isn't found.,WRONG_LOOP_BOUNDARY,True,1,2,0,2110,binary search loop boundary,1,
166,ML,3,913004,304,binary-search,Binary Search,easy,search interval invariant,4,repeated_conceptual_error,wrong_loop_boundary_repeat,CONCEPTUAL_HINT,Repeated mistake should move from location cue to conceptual support.,200,CONCEPTUAL_HINT,true,template,Compare this part of your logic with the task requirement.,WRONG_LOOP_BOUNDARY,True,1,2,0,694,binary search loop boundary,1,
167,ML,3,913004,304,binary-search,Binary Search,easy,search interval invariant,5,partial_logic,partial_but_compiling,CONCEPTUAL_HINT,Compiling but incomplete logic should receive a compact conceptual nudge.,200,CONCEPTUAL_HINT,true,gemini,Great start on the checkpoint logic! Think about how the `checkpoint` variable needs to change to correctly represent the progression through the levels.,UNKNOWN,True,1,2,0,838,logic block,1,
168,ML,3,913004,304,binary-search,Binary Search,easy,search interval invariant,6,local_completion,locally_complete,NO_FEEDBACK,Locally complete state should not be interrupted.,200,NO_FEEDBACK,true,gemini,Great job on getting all the tests to pass! Your code correctly identifies the middle element in the array.,UNKNOWN,True,3,0,0,1185,logic block,1,
169,ML,3,913005,305,merge-sorted-array,Merge Sorted Array,easy,array index management,1,syntax,missing_statement_ending,CODE_HIGHLIGHT,First syntax error should be localized before giving a concept explanation.,200,CODE_HIGHLIGHT,true,template,Check the statement ending. There may be a small issue here.,SYNTAX_ERROR,False,0,0,0,521,statement ending,1,
170,ML,3,913005,305,merge-sorted-array,Merge Sorted Array,easy,array index management,2,planning,unfinished_implementation,GUIDING_QUESTION,Unfinished code should prompt the student to state the next step.,200,GUIDING_QUESTION,true,gemini,"It looks like you're on the right track by initializing the `progress` variable, but there's more to implement within the core algorithm. Can you think about what needs to happen to `progress` based on the problem description?",STUCK_NO_PROGRESS,True,0,3,0,816,unfinished implementation,2,
171,ML,3,913005,305,merge-sorted-array,Merge Sorted Array,easy,array index management,3,first_conceptual_error,off_by_one_first,CODE_HIGHLIGHT,First substantial mistake should receive the least sufficient intervention.,200,CODE_HIGHLIGHT,true,gemini,It looks like you're very close to the solution! Consider carefully what the upper bound of your loop should be to avoid accessing elements beyond the array's bounds.,OFF_BY_ONE,True,1,2,0,751,for loop condition,1,
172,ML,3,913005,305,merge-sorted-array,Merge Sorted Array,easy,array index management,4,repeated_conceptual_error,off_by_one_repeat,CONCEPTUAL_HINT,Repeated mistake should move from location cue to conceptual support.,200,CONCEPTUAL_HINT,true,gemini,Great job getting most of the tests to pass! Think about the range of valid indices for an array when checking your `for` loop condition.,OFF_BY_ONE,True,1,2,0,1015,for loop condition,1,
173,ML,3,913005,305,merge-sorted-array,Merge Sorted Array,easy,array index management,5,partial_logic,partial_but_compiling,CONCEPTUAL_HINT,Compiling but incomplete logic should receive a compact conceptual nudge.,200,CONCEPTUAL_HINT,true,gemini,You're off to a great start with tracking your checkpoint! Think about how the current value of `checkpoint` is being used in the logic block to determine the next step.,UNKNOWN,True,1,2,0,636,logic block,1,
174,ML,3,913005,305,merge-sorted-array,Merge Sorted Array,easy,array index management,6,local_completion,locally_complete,NO_FEEDBACK,Locally complete state should not be interrupted.,200,NO_FEEDBACK,true,gemini,Great job on passing the tests! Your loop logic seems to be working correctly.,UNKNOWN,True,3,0,0,871,logic block,1,
175,ML,3,913006,306,trapping-rain-water,Trapping Rain Water,hard,two pointers and running maxima,1,syntax,missing_statement_ending,CODE_HIGHLIGHT,First syntax error should be localized before giving a concept explanation.,200,CODE_HIGHLIGHT,true,gemini,It looks like there might be a small syntax issue with how your statement is ending. Double-check the punctuation at the end of your line.,SYNTAX_ERROR,False,0,0,0,930,statement ending,1,
176,ML,3,913006,306,trapping-rain-water,Trapping Rain Water,hard,two pointers and running maxima,2,planning,unfinished_implementation,GUIDING_QUESTION,Unfinished code should prompt the student to state the next step.,200,GUIDING_QUESTION,true,gemini,It looks like the core logic of your algorithm is still missing! What step in the problem description might be a good place to start implementing the core logic?,STUCK_NO_PROGRESS,True,0,3,0,728,unfinished implementation,2,
177,ML,3,913006,306,trapping-rain-water,Trapping Rain Water,hard,two pointers and running maxima,3,first_conceptual_error,wrong_condition_first,CONCEPTUAL_HINT,First substantial mistake should receive the least sufficient intervention.,200,CONCEPTUAL_HINT,true,template,Review the condition carefully. Does it describe the exact stopping rule?,WRONG_CONDITION,True,1,2,0,678,while condition,1,
178,ML,3,913006,306,trapping-rain-water,Trapping Rain Water,hard,two pointers and running maxima,4,repeated_conceptual_error,wrong_condition_repeat,CONCEPTUAL_HINT,Repeated mistake should move from location cue to conceptual support.,200,CONCEPTUAL_HINT,true,gemini,"It looks like your `while` loop condition isn't quite right and is causing the loop to continue longer than intended, leading to incorrect calculations. Think about what condition should cause the loop to stop to ensure you only process valid pairs of heights.",WRONG_CONDITION,True,1,2,0,938,while condition,1,
179,ML,3,913006,306,trapping-rain-water,Trapping Rain Water,hard,two pointers and running maxima,5,partial_logic,partial_but_compiling,CONCEPTUAL_HINT,Compiling but incomplete logic should receive a compact conceptual nudge.,200,CONCEPTUAL_HINT,true,gemini,"Great start on tackling this problem! Take another look at the logic within your `if` statement, and consider what needs to happen to correctly pass all the test cases.",UNKNOWN,True,1,2,0,1256,logic block,1,
180,ML,3,913006,306,trapping-rain-water,Trapping Rain Water,hard,two pointers and running maxima,6,local_completion,locally_complete,NO_FEEDBACK,Locally complete state should not be interrupted.,200,NO_FEEDBACK,true,gemini,You're on the right track with your loop structure! Think about how you can use the `left` and `right` pointers to determine the amount of water trapped at each step within the loop.,UNKNOWN,True,3,0,0,715,logic block,1,
181,ML,3,913007,307,lru-cache,LRU Cache,medium,state update and eviction policy,1,syntax,missing_statement_ending,CODE_HIGHLIGHT,First syntax error should be localized before giving a concept explanation.,200,CODE_HIGHLIGHT,true,gemini,It looks like there's a small syntax error related to how your statement is ended. Double-check the punctuation at the end of the line where you declare and initialize `candidate`.,SYNTAX_ERROR,False,0,0,0,1013,statement ending,1,
182,ML,3,913007,307,lru-cache,LRU Cache,medium,state update and eviction policy,2,planning,unfinished_implementation,GUIDING_QUESTION,Unfinished code should prompt the student to state the next step.,200,GUIDING_QUESTION,true,gemini,It looks like the core logic for calculating progress is still under development. Have you considered how you'll update the `progress` variable based on the task requirements?,STUCK_NO_PROGRESS,True,0,3,0,1149,unfinished implementation,2,
183,ML,3,913007,307,lru-cache,LRU Cache,medium,state update and eviction policy,3,first_conceptual_error,unknown_logic_first,CONCEPTUAL_HINT,First substantial mistake should receive the least sufficient intervention.,200,CODE_HIGHLIGHT,false,gemini,Great job on getting the tests to pass!  It looks like the core logic for caching is working as expected.,UNKNOWN,True,3,0,1,701,logic block,1,
184,ML,3,913007,307,lru-cache,LRU Cache,medium,state update and eviction policy,4,repeated_conceptual_error,unknown_logic_repeat,CONCEPTUAL_HINT,Repeated mistake should move from location cue to conceptual support.,200,CONCEPTUAL_HINT,true,gemini,Great job passing most of the tests! Take another look at the `if` block and think about what needs to happen when the cache exceeds its capacity.,UNKNOWN,True,3,0,0,698,logic block,1,
185,ML,3,913007,307,lru-cache,LRU Cache,medium,state update and eviction policy,5,partial_logic,partial_but_compiling,CONCEPTUAL_HINT,Compiling but incomplete logic should receive a compact conceptual nudge.,200,CONCEPTUAL_HINT,true,gemini,"Great start! It looks like your code is on the right track, but there might be a slight misunderstanding in how the logic within this block affects the overall outcome. Think about what value `checkpoint` needs to hold at different stages to meet all the test cases.",UNKNOWN,True,1,2,0,2232,logic block,1,
186,ML,3,913007,307,lru-cache,LRU Cache,medium,state update and eviction policy,6,local_completion,locally_complete,NO_FEEDBACK,Locally complete state should not be interrupted.,200,CONCEPTUAL_HINT,false,gemini,Your logic for managing the cache size is almost there! Consider what happens when the cache is already full and you're adding a new item.,UNKNOWN,True,3,0,1,1565,logic block,1,
187,ML,3,913008,308,longest-substring,Longest Substring Without Repeating Characters,medium,sliding window invariant,1,syntax,missing_statement_ending,CODE_HIGHLIGHT,First syntax error should be localized before giving a concept explanation.,200,CODE_HIGHLIGHT,true,template,Check the statement ending. There may be a small issue here.,SYNTAX_ERROR,False,0,0,0,589,statement ending,1,
188,ML,3,913008,308,longest-substring,Longest Substring Without Repeating Characters,medium,sliding window invariant,2,planning,unfinished_implementation,GUIDING_QUESTION,Unfinished code should prompt the student to state the next step.,200,GUIDING_QUESTION,true,template,What should be true at each iteration for your algorithm to work correctly?,STUCK_NO_PROGRESS,True,0,3,1,593,unfinished implementation,2,
189,ML,3,913008,308,longest-substring,Longest Substring Without Repeating Characters,medium,sliding window invariant,3,first_conceptual_error,off_by_one_first,CODE_HIGHLIGHT,First substantial mistake should receive the least sufficient intervention.,200,CODE_HIGHLIGHT,true,gemini,It looks like your `for` loop is running one extra time than it should. Think about what happens when `right` equals `s.length()` in your condition.,OFF_BY_ONE,True,1,2,0,1835,for loop condition,1,
190,ML,3,913008,308,longest-substring,Longest Substring Without Repeating Characters,medium,sliding window invariant,4,repeated_conceptual_error,off_by_one_repeat,CONCEPTUAL_HINT,Repeated mistake should move from location cue to conceptual support.,200,CONCEPTUAL_HINT,true,gemini,"Your loop condition is very close, but there's a slight off-by-one error that's causing it to miss the last character of the string. Try adjusting your loop's upper bound to ensure all characters are considered.",OFF_BY_ONE,True,1,2,0,787,for loop condition,1,
191,ML,3,913008,308,longest-substring,Longest Substring Without Repeating Characters,medium,sliding window invariant,5,partial_logic,partial_but_compiling,CONCEPTUAL_HINT,Compiling but incomplete logic should receive a compact conceptual nudge.,200,CONCEPTUAL_HINT,true,gemini,You're off to a great start with tracking your progress! Think about how the `checkpoint` variable is being used within the `while` loop.,UNKNOWN,True,1,2,0,869,logic block,1,
192,ML,3,913008,308,longest-substring,Longest Substring Without Repeating Characters,medium,sliding window invariant,6,local_completion,locally_complete,NO_FEEDBACK,Locally complete state should not be interrupted.,200,NO_FEEDBACK,true,gemini,Your code correctly handles the iteration and calculates a maximum value! Consider what happens if the condition for updating `best` isn't met within your loop.,UNKNOWN,True,3,0,0,989,logic block,1,
193,ML,3,913009,309,reverse-linked-list,Reverse Linked List,easy,pointer update order,1,syntax,missing_statement_ending,CODE_HIGHLIGHT,First syntax error should be localized before giving a concept explanation.,200,CODE_HIGHLIGHT,true,gemini,I noticed a syntax error in your code. Please check the end of your statement for any missing characters.,SYNTAX_ERROR,False,0,0,0,707,statement ending,1,
194,ML,3,913009,309,reverse-linked-list,Reverse Linked List,easy,pointer update order,2,planning,unfinished_implementation,GUIDING_QUESTION,Unfinished code should prompt the student to state the next step.,200,GUIDING_QUESTION,true,gemini,It looks like you've started setting up your variables! What's the next logical step in solving this problem based on the task description?,STUCK_NO_PROGRESS,True,0,3,0,816,unfinished implementation,2,
195,ML,3,913009,309,reverse-linked-list,Reverse Linked List,easy,pointer update order,3,first_conceptual_error,wrong_condition_first,CONCEPTUAL_HINT,First substantial mistake should receive the least sufficient intervention.,200,CONCEPTUAL_HINT,true,gemini,"You're on the right track with the loop structure, but double-check what condition needs to be met to ensure all nodes are processed. Think about when the loop should stop.",WRONG_CONDITION,True,1,2,0,813,while condition,1,
196,ML,3,913009,309,reverse-linked-list,Reverse Linked List,easy,pointer update order,4,repeated_conceptual_error,wrong_condition_repeat,CONCEPTUAL_HINT,Repeated mistake should move from location cue to conceptual support.,200,CONCEPTUAL_HINT,true,gemini,"You're on the right track with using a `while` loop and a `break` condition, but think carefully about what needs to be true for the loop to *continue* running, rather than when it should stop. Consider what `current == null` signifies in the context of iterating through a list.",WRONG_CONDITION,True,1,2,0,1250,while condition,1,
197,ML,3,913009,309,reverse-linked-list,Reverse Linked List,easy,pointer update order,5,partial_logic,partial_but_compiling,CONCEPTUAL_HINT,Compiling but incomplete logic should receive a compact conceptual nudge.,200,CONCEPTUAL_HINT,true,template,Compare this part of your logic with the task requirement.,UNKNOWN,True,1,2,0,701,logic block,1,
198,ML,3,913009,309,reverse-linked-list,Reverse Linked List,easy,pointer update order,6,local_completion,locally_complete,NO_FEEDBACK,Locally complete state should not be interrupted.,200,NO_FEEDBACK,true,gemini,Your code successfully reversed the linked list. Great job implementing the iterative approach to this common problem!,UNKNOWN,True,3,0,0,740,logic block,1,
199,ML,3,913010,310,matrix-diagonal-sum,Matrix Diagonal Sum,easy,nested indexing and double counting,1,syntax,missing_statement_ending,CODE_HIGHLIGHT,First syntax error should be localized before giving a concept explanation.,200,CODE_HIGHLIGHT,true,gemini,It looks like there's a small syntax error with how the statement is ending. Double-check the punctuation at the end of that line!,SYNTAX_ERROR,False,0,0,1,685,statement ending,1,
200,ML,3,913010,310,matrix-diagonal-sum,Matrix Diagonal Sum,easy,nested indexing and double counting,2,planning,unfinished_implementation,GUIDING_QUESTION,Unfinished code should prompt the student to state the next step.,200,GUIDING_QUESTION,true,gemini,It looks like you're on the right track with setting up your variables! What core logic might you need to add to start processing the input and move towards a solution?,STUCK_NO_PROGRESS,True,0,3,0,1491,unfinished implementation,2,
201,ML,3,913010,310,matrix-diagonal-sum,Matrix Diagonal Sum,easy,nested indexing and double counting,3,first_conceptual_error,off_by_one_first,CODE_HIGHLIGHT,First substantial mistake should receive the least sufficient intervention.,200,CODE_HIGHLIGHT,true,gemini,You're close with your loop condition; double-check how array indices work to avoid going out of bounds. Consider what the last valid index for `mat.length` should be.,OFF_BY_ONE,True,1,2,0,860,for loop condition,1,
202,ML,3,913010,310,matrix-diagonal-sum,Matrix Diagonal Sum,easy,nested indexing and double counting,4,repeated_conceptual_error,off_by_one_repeat,CONCEPTUAL_HINT,Repeated mistake should move from location cue to conceptual support.,200,CONCEPTUAL_HINT,true,gemini,Great start on the loop! Double-check the loop's condition to make sure you're including the correct elements and not going out of bounds.,OFF_BY_ONE,True,1,2,0,847,for loop condition,1,
203,ML,3,913010,310,matrix-diagonal-sum,Matrix Diagonal Sum,easy,nested indexing and double counting,5,partial_logic,partial_but_compiling,CONCEPTUAL_HINT,Compiling but incomplete logic should receive a compact conceptual nudge.,200,CONCEPTUAL_HINT,true,gemini,"Your code is on the right track, but it seems like you might be overlooking a key detail in how the `checkpoint` variable is being used within your logic block. Consider carefully what value you expect `checkpoint` to hold at each stage of your program's execution.",UNKNOWN,True,1,2,0,1269,logic block,1,
204,ML,3,913010,310,matrix-diagonal-sum,Matrix Diagonal Sum,easy,nested indexing and double counting,6,local_completion,locally_complete,NO_FEEDBACK,Locally complete state should not be interrupted.,200,NO_FEEDBACK,true,gemini,Great job on this! Your code correctly calculates the sum of the main diagonal elements.,UNKNOWN,True,3,0,0,807,logic block,1,
205,ML,3,913011,311,roman-to-integer,Roman to Integer,easy,lookahead condition,1,syntax,missing_statement_ending,CODE_HIGHLIGHT,First syntax error should be localized before giving a concept explanation.,200,CODE_HIGHLIGHT,true,gemini,It looks like there might be a small punctuation error at the end of your `int candidate = 0` statement. Double-check how statements are typically ended in Java.,SYNTAX_ERROR,False,0,0,0,1743,statement ending,1,
206,ML,3,913011,311,roman-to-integer,Roman to Integer,easy,lookahead condition,2,planning,unfinished_implementation,GUIDING_QUESTION,Unfinished code should prompt the student to state the next step.,200,GUIDING_QUESTION,true,gemini,It looks like you're off to a good start! Can you think about how the `progress` variable might be used to track the completion of the core algorithm you've commented out?,STUCK_NO_PROGRESS,True,0,3,0,794,unfinished implementation,2,
207,ML,3,913011,311,roman-to-integer,Roman to Integer,easy,lookahead condition,3,first_conceptual_error,off_by_one_first,CODE_HIGHLIGHT,First substantial mistake should receive the least sufficient intervention.,200,CODE_HIGHLIGHT,true,template,Check the for loop condition. There may be a small issue here.,OFF_BY_ONE,True,1,2,0,669,for loop condition,1,
208,ML,3,913011,311,roman-to-integer,Roman to Integer,easy,lookahead condition,4,repeated_conceptual_error,off_by_one_repeat,CONCEPTUAL_HINT,Repeated mistake should move from location cue to conceptual support.,200,CONCEPTUAL_HINT,true,gemini,You're so close to getting this! Take another look at how your loop's condition interacts with string indexing to make sure you're not missing any characters.,OFF_BY_ONE,True,1,2,0,1063,for loop condition,1,
209,ML,3,913011,311,roman-to-integer,Roman to Integer,easy,lookahead condition,5,partial_logic,partial_but_compiling,CONCEPTUAL_HINT,Compiling but incomplete logic should receive a compact conceptual nudge.,200,CONCEPTUAL_HINT,true,gemini,Great start on the logic block! Consider carefully how the `checkpoint` variable changes within the loop and if that's affecting subsequent loop iterations as you intend.,UNKNOWN,True,1,2,1,1965,logic block,1,
210,ML,3,913011,311,roman-to-integer,Roman to Integer,easy,lookahead condition,6,local_completion,locally_complete,NO_FEEDBACK,Locally complete state should not be interrupted.,200,NO_FEEDBACK,true,gemini,Great job on implementing the core logic to iterate through the string and sum the character values! This approach effectively addresses the problem.,UNKNOWN,True,3,0,0,713,logic block,1,
211,ML,3,913012,312,climbing-stairs,Climbing Stairs,easy,base cases and recurrence,1,syntax,missing_statement_ending,CODE_HIGHLIGHT,First syntax error should be localized before giving a concept explanation.,200,CODE_HIGHLIGHT,true,gemini,It looks like there might be a missing punctuation mark at the end of your statement. Remember to check for those little details that help make your code syntactically correct!,SYNTAX_ERROR,False,0,0,0,1633,statement ending,1,
212,ML,3,913012,312,climbing-stairs,Climbing Stairs,easy,base cases and recurrence,2,planning,unfinished_implementation,GUIDING_QUESTION,Unfinished code should prompt the student to state the next step.,200,GUIDING_QUESTION,true,template,What should be true at each iteration for your algorithm to work correctly?,STUCK_NO_PROGRESS,True,0,3,0,557,unfinished implementation,2,
213,ML,3,913012,312,climbing-stairs,Climbing Stairs,easy,base cases and recurrence,3,first_conceptual_error,wrong_condition_first,CONCEPTUAL_HINT,First substantial mistake should receive the least sufficient intervention.,200,CONCEPTUAL_HINT,true,gemini,You're on the right track with your loop structure! Think about what the condition for your `while` loop needs to be so that it stops at the correct time and produces the desired output.,WRONG_CONDITION,True,1,2,0,847,while condition,1,
214,ML,3,913012,312,climbing-stairs,Climbing Stairs,easy,base cases and recurrence,4,repeated_conceptual_error,wrong_condition_repeat,CONCEPTUAL_HINT,Repeated mistake should move from location cue to conceptual support.,200,CONCEPTUAL_HINT,true,gemini,"Your loop condition is set to `true`, which means it will run indefinitely unless explicitly broken out of. Consider how the loop's termination should be tied to the input `n` itself.",WRONG_CONDITION,True,1,2,0,991,while condition,1,
215,ML,3,913012,312,climbing-stairs,Climbing Stairs,easy,base cases and recurrence,5,partial_logic,partial_but_compiling,CONCEPTUAL_HINT,Compiling but incomplete logic should receive a compact conceptual nudge.,200,CONCEPTUAL_HINT,true,gemini,Great job getting your code to compile and pass one test! Review the logic within your `checkpoint` block to see if it correctly handles all the scenarios the tests are designed to check.,UNKNOWN,True,1,2,0,908,logic block,1,
216,ML,3,913012,312,climbing-stairs,Climbing Stairs,easy,base cases and recurrence,6,local_completion,locally_complete,NO_FEEDBACK,Locally complete state should not be interrupted.,200,NO_FEEDBACK,true,gemini,You're very close to the correct solution! Take another look at your `for` loop condition and consider how it might be affecting the number of iterations.,OFF_BY_ONE,True,1,2,0,879,for loop condition,1,
217,ML,4,914001,301,palindrome,Valid Palindrome,easy,two pointers and string normalization,1,syntax,missing_statement_ending,CODE_HIGHLIGHT,First syntax error should be localized before giving a concept explanation.,200,CODE_HIGHLIGHT,true,gemini,Your code has a small syntax error related to how statements are ended. Take a closer look at the punctuation after your variable declaration.,SYNTAX_ERROR,False,0,0,0,801,statement ending,1,
218,ML,4,914001,301,palindrome,Valid Palindrome,easy,two pointers and string normalization,2,planning,unfinished_implementation,GUIDING_QUESTION,Unfinished code should prompt the student to state the next step.,200,GUIDING_QUESTION,true,gemini,It looks like you're off to a good start on this problem! What do you think is the next logical step to implement the core algorithm you've outlined?,STUCK_NO_PROGRESS,True,0,3,0,806,unfinished implementation,2,
219,ML,4,914001,301,palindrome,Valid Palindrome,easy,two pointers and string normalization,3,first_conceptual_error,possible_null_access_first,CODE_HIGHLIGHT,First substantial mistake should receive the least sufficient intervention.,200,CODE_HIGHLIGHT,true,gemini,Great job on passing most of the tests! Consider what might happen if the input string `s` were null and how you could handle that scenario gracefully.,POSSIBLE_NULL_ACCESS,True,3,0,0,905,missing null or empty guard,1,
220,ML,4,914001,301,palindrome,Valid Palindrome,easy,two pointers and string normalization,4,repeated_conceptual_error,possible_null_access_repeat,CONCEPTUAL_HINT,Repeated mistake should move from location cue to conceptual support.,200,CONCEPTUAL_HINT,true,gemini,Great job on passing most of the tests! Consider what might happen if the input string `s` is `null` before calling `.trim()` on it.,POSSIBLE_NULL_ACCESS,True,3,0,1,770,missing null or empty guard,1,
221,ML,4,914001,301,palindrome,Valid Palindrome,easy,two pointers and string normalization,5,partial_logic,partial_but_compiling,CONCEPTUAL_HINT,Compiling but incomplete logic should receive a compact conceptual nudge.,200,CONCEPTUAL_HINT,true,gemini,"You're on the right track with incrementing `checkpoint`, but think about how the `if` statement evaluates conditions. Consider what happens when `checkpoint` has a value of 1.",UNKNOWN,True,1,2,0,802,logic block,1,
222,ML,4,914001,301,palindrome,Valid Palindrome,easy,two pointers and string normalization,6,local_completion,locally_complete,NO_FEEDBACK,Locally complete state should not be interrupted.,200,NO_FEEDBACK,true,gemini,You're on the right track with your loop structure! Think carefully about when the loop should stop to ensure you're checking all necessary elements.,WRONG_CONDITION,True,3,0,0,1305,while condition,1,
223,ML,4,914002,302,two-sum,Two Sum,easy,hash map lookup and pair search,1,syntax,missing_statement_ending,CODE_HIGHLIGHT,First syntax error should be localized before giving a concept explanation.,200,CODE_HIGHLIGHT,true,gemini,Your code has a syntax error on the line where you declare and initialize `candidate`. Check if the statement ending is correct for that line.,SYNTAX_ERROR,False,0,0,0,811,statement ending,1,
224,ML,4,914002,302,two-sum,Two Sum,easy,hash map lookup and pair search,2,planning,unfinished_implementation,GUIDING_QUESTION,Unfinished code should prompt the student to state the next step.,200,GUIDING_QUESTION,true,gemini,It looks like you're still in the early stages of implementing the core logic. Have you considered how to approach the main calculation needed for this task?,STUCK_NO_PROGRESS,True,0,3,0,675,unfinished implementation,2,
225,ML,4,914002,302,two-sum,Two Sum,easy,hash map lookup and pair search,3,first_conceptual_error,off_by_one_first,CODE_HIGHLIGHT,First substantial mistake should receive the least sufficient intervention.,200,CODE_HIGHLIGHT,true,gemini,You're so close to solving this! Take another look at your loop condition and consider what the last valid index in an array is.,OFF_BY_ONE,True,1,2,0,729,for loop condition,1,
226,ML,4,914002,302,two-sum,Two Sum,easy,hash map lookup and pair search,4,repeated_conceptual_error,off_by_one_repeat,CONCEPTUAL_HINT,Repeated mistake should move from location cue to conceptual support.,200,CONCEPTUAL_HINT,true,gemini,"It looks like your loop might be going one step too far, which can sometimes lead to unexpected behavior when accessing array elements. Double-check the condition that ends your `for` loop.",OFF_BY_ONE,True,1,2,0,752,for loop condition,1,
227,ML,4,914002,302,two-sum,Two Sum,easy,hash map lookup and pair search,5,partial_logic,partial_but_compiling,CONCEPTUAL_HINT,Compiling but incomplete logic should receive a compact conceptual nudge.,200,CONCEPTUAL_HINT,true,gemini,"Great job getting one test case to pass! Take another look at the logic within your `checkpoint` block, specifically how the variable's value is being updated.",UNKNOWN,True,1,2,0,888,logic block,1,
228,ML,4,914002,302,two-sum,Two Sum,easy,hash map lookup and pair search,6,local_completion,locally_complete,NO_FEEDBACK,Locally complete state should not be interrupted.,200,NO_FEEDBACK,true,template,Good progress. Continue working.,UNKNOWN,True,3,0,0,976,logic block,1,
229,ML,4,914003,303,valid-parentheses,Valid Parentheses,easy,stack state and matching brackets,1,syntax,missing_statement_ending,CODE_HIGHLIGHT,First syntax error should be localized before giving a concept explanation.,200,CODE_HIGHLIGHT,true,template,Check the statement ending. There may be a small issue here.,SYNTAX_ERROR,False,0,0,0,632,statement ending,1,
230,ML,4,914003,303,valid-parentheses,Valid Parentheses,easy,stack state and matching brackets,2,planning,unfinished_implementation,GUIDING_QUESTION,Unfinished code should prompt the student to state the next step.,200,GUIDING_QUESTION,true,template,What should be true at each iteration for your algorithm to work correctly?,STUCK_NO_PROGRESS,True,0,3,0,642,unfinished implementation,2,
231,ML,4,914003,303,valid-parentheses,Valid Parentheses,easy,stack state and matching brackets,3,first_conceptual_error,possible_null_access_first,CODE_HIGHLIGHT,First substantial mistake should receive the least sufficient intervention.,200,CODE_HIGHLIGHT,true,gemini,"Great job getting most of the tests to pass! Take another look at your logic block, specifically how you're handling the comparison within your loop, to see if there's a subtle case you might be missing.",UNKNOWN,True,3,0,0,675,logic block,1,
232,ML,4,914003,303,valid-parentheses,Valid Parentheses,easy,stack state and matching brackets,4,repeated_conceptual_error,possible_null_access_repeat,CONCEPTUAL_HINT,Repeated mistake should move from location cue to conceptual support.,200,CONCEPTUAL_HINT,true,gemini,You're off to a good start with using the stack to track parentheses! Consider what happens when you encounter an opening parenthesis – how should the stack reflect that?,UNKNOWN,True,3,0,0,1197,logic block,1,
233,ML,4,914003,303,valid-parentheses,Valid Parentheses,easy,stack state and matching brackets,5,partial_logic,partial_but_compiling,CONCEPTUAL_HINT,Compiling but incomplete logic should receive a compact conceptual nudge.,200,CONCEPTUAL_HINT,true,gemini,Great start! It looks like you're on the right track with incrementing the `checkpoint` variable. Take another look at the logic within the suspicious region to ensure it's handling all the necessary conditions for the tests.,UNKNOWN,True,1,2,0,1142,logic block,1,
234,ML,4,914003,303,valid-parentheses,Valid Parentheses,easy,stack state and matching brackets,6,local_completion,locally_complete,NO_FEEDBACK,Locally complete state should not be interrupted.,200,CONCEPTUAL_HINT,false,gemini,This looks like a solid start! Consider how the `stack.pop()` action directly relates to the character being processed and what that implies for the overall goal.,UNKNOWN,True,3,0,0,848,logic block,1,
235,ML,4,914004,304,binary-search,Binary Search,easy,search interval invariant,1,syntax,missing_statement_ending,CODE_HIGHLIGHT,First syntax error should be localized before giving a concept explanation.,200,CODE_HIGHLIGHT,true,gemini,You're close on this one! Take another look at how you're ending your statement on line 1.,SYNTAX_ERROR,False,0,0,0,832,statement ending,1,
236,ML,4,914004,304,binary-search,Binary Search,easy,search interval invariant,2,planning,unfinished_implementation,GUIDING_QUESTION,Unfinished code should prompt the student to state the next step.,200,GUIDING_QUESTION,true,gemini,It looks like the core logic for calculating progress is still missing. Have you considered what steps are needed to determine the value of `progress` based on the problem description?,STUCK_NO_PROGRESS,True,0,3,0,772,unfinished implementation,2,
237,ML,4,914004,304,binary-search,Binary Search,easy,search interval invariant,3,first_conceptual_error,wrong_loop_boundary_first,CODE_HIGHLIGHT,First substantial mistake should receive the least sufficient intervention.,200,CODE_HIGHLIGHT,true,gemini,You're very close! Double-check the condition in your `while` loop and how you adjust the `right` boundary. Think about what happens when `left` and `right` become equal. CODE_HIGHLIGHT,WRONG_LOOP_BOUNDARY,True,1,2,0,694,binary search loop boundary,1,
238,ML,4,914004,304,binary-search,Binary Search,easy,search interval invariant,4,repeated_conceptual_error,wrong_loop_boundary_repeat,CONCEPTUAL_HINT,Repeated mistake should move from location cue to conceptual support.,200,CONCEPTUAL_HINT,true,gemini,"Great start on implementing binary search! Consider carefully which boundary to adjust (and by how much) when the middle element isn't the target, to ensure you don't miss the correct value or get stuck in an infinite loop.",WRONG_LOOP_BOUNDARY,True,1,2,0,1108,binary search loop boundary,1,
239,ML,4,914004,304,binary-search,Binary Search,easy,search interval invariant,5,partial_logic,partial_but_compiling,CONCEPTUAL_HINT,Compiling but incomplete logic should receive a compact conceptual nudge.,200,CONCEPTUAL_HINT,true,gemini,You're on the right track with incrementing your `checkpoint` variable! Think about how the loop's condition is evaluated after each iteration and if that condition is being met correctly to progress through all your test cases.,UNKNOWN,True,1,2,0,844,logic block,1,
240,ML,4,914004,304,binary-search,Binary Search,easy,search interval invariant,6,local_completion,locally_complete,NO_FEEDBACK,Locally complete state should not be interrupted.,200,NO_FEEDBACK,true,gemini,"Great job on getting the tests to pass! To ensure this solution works for all possible inputs, consider what happens to the `left` and `right` pointers after the `mid` is calculated.",UNKNOWN,True,3,0,0,1487,logic block,1,
241,ML,4,914005,305,merge-sorted-array,Merge Sorted Array,easy,array index management,1,syntax,missing_statement_ending,CODE_HIGHLIGHT,First syntax error should be localized before giving a concept explanation.,200,CODE_HIGHLIGHT,true,gemini,It looks like there's a small syntax issue with how your statement is ended; double-check the punctuation at the end of the `int candidate = 0` line. This will help the compiler understand your code correctly.,SYNTAX_ERROR,False,0,0,0,946,statement ending,1,
242,ML,4,914005,305,merge-sorted-array,Merge Sorted Array,easy,array index management,2,planning,unfinished_implementation,GUIDING_QUESTION,Unfinished code should prompt the student to state the next step.,200,GUIDING_QUESTION,true,gemini,It looks like you've got the basic structure in place. What's the next logical step to start building out the core logic for the problem?,STUCK_NO_PROGRESS,True,0,3,0,763,unfinished implementation,2,
243,ML,4,914005,305,merge-sorted-array,Merge Sorted Array,easy,array index management,3,first_conceptual_error,off_by_one_first,CODE_HIGHLIGHT,First substantial mistake should receive the least sufficient intervention.,200,CODE_HIGHLIGHT,true,gemini,You're on the right track with using a loop to copy elements! Take another look at your loop's condition and consider the total number of elements you need to copy.,OFF_BY_ONE,True,1,2,0,1068,for loop condition,1,
244,ML,4,914005,305,merge-sorted-array,Merge Sorted Array,easy,array index management,4,repeated_conceptual_error,off_by_one_repeat,CONCEPTUAL_HINT,Repeated mistake should move from location cue to conceptual support.,200,CONCEPTUAL_HINT,true,gemini,Great start on merging the arrays! Double-check the condition in your `for` loop to ensure you're iterating through all the necessary elements without going out of bounds.,OFF_BY_ONE,True,1,2,1,856,for loop condition,1,
245,ML,4,914005,305,merge-sorted-array,Merge Sorted Array,easy,array index management,5,partial_logic,partial_but_compiling,CONCEPTUAL_HINT,Compiling but incomplete logic should receive a compact conceptual nudge.,200,CONCEPTUAL_HINT,true,gemini,"You're on the right track with incrementing the checkpoint, but it seems like the logic for determining when to advance might need a closer look. Consider what conditions need to be met for the checkpoint to move forward.",UNKNOWN,True,1,2,0,942,logic block,1,
246,ML,4,914005,305,merge-sorted-array,Merge Sorted Array,easy,array index management,6,local_completion,locally_complete,NO_FEEDBACK,Locally complete state should not be interrupted.,200,NO_FEEDBACK,true,gemini,Great job on passing the tests! You've correctly implemented the core logic for this task.,UNKNOWN,True,3,0,0,904,logic block,1,
247,ML,4,914006,306,trapping-rain-water,Trapping Rain Water,hard,two pointers and running maxima,1,syntax,missing_statement_ending,CODE_HIGHLIGHT,First syntax error should be localized before giving a concept explanation.,200,CODE_HIGHLIGHT,true,gemini,It looks like there might be a small punctuation issue at the end of your line that's preventing the code from compiling correctly. Double-check the syntax for variable declarations in C++.,SYNTAX_ERROR,False,0,0,0,762,statement ending,1,
248,ML,4,914006,306,trapping-rain-water,Trapping Rain Water,hard,two pointers and running maxima,2,planning,unfinished_implementation,GUIDING_QUESTION,Unfinished code should prompt the student to state the next step.,200,GUIDING_QUESTION,true,template,What should be true at each iteration for your algorithm to work correctly?,STUCK_NO_PROGRESS,True,0,3,0,748,unfinished implementation,2,
249,ML,4,914006,306,trapping-rain-water,Trapping Rain Water,hard,two pointers and running maxima,3,first_conceptual_error,wrong_condition_first,CONCEPTUAL_HINT,First substantial mistake should receive the least sufficient intervention.,200,CONCEPTUAL_HINT,true,gemini,"It looks like you're on the right track with iterating through the array, but the `while (true)` loop needs a condition to know when to stop. Think about what criteria should cause the loop to terminate.",WRONG_CONDITION,True,1,2,0,896,while condition,1,
250,ML,4,914006,306,trapping-rain-water,Trapping Rain Water,hard,two pointers and running maxima,4,repeated_conceptual_error,wrong_condition_repeat,CONCEPTUAL_HINT,Repeated mistake should move from location cue to conceptual support.,200,CONCEPTUAL_HINT,true,gemini,"You're on the right track with setting up your `left` and `right` pointers, but the condition in your `while` loop needs some adjustment to ensure you're properly considering both ends of the array. Think about how both pointers should move to calculate the maximum water.",WRONG_CONDITION,True,1,2,1,858,while condition,1,
251,ML,4,914006,306,trapping-rain-water,Trapping Rain Water,hard,two pointers and running maxima,5,partial_logic,partial_but_compiling,CONCEPTUAL_HINT,Compiling but incomplete logic should receive a compact conceptual nudge.,200,CONCEPTUAL_HINT,true,gemini,Great start! It looks like you're on the right track with incrementing the `checkpoint` variable. Think about what else might need to happen within this logic block to ensure all test cases are met.,UNKNOWN,True,1,2,0,868,logic block,1,
252,ML,4,914006,306,trapping-rain-water,Trapping Rain Water,hard,two pointers and running maxima,6,local_completion,locally_complete,NO_FEEDBACK,Locally complete state should not be interrupted.,200,NO_FEEDBACK,true,gemini,You're off to a good start! Keep thinking about how to adjust your pointers to cover all possible scenarios within the `while` loop.,UNKNOWN,True,3,0,0,1049,logic block,1,
253,ML,4,914007,307,lru-cache,LRU Cache,medium,state update and eviction policy,1,syntax,missing_statement_ending,CODE_HIGHLIGHT,First syntax error should be localized before giving a concept explanation.,200,CODE_HIGHLIGHT,true,gemini,It looks like there's a small syntax issue with how the line ends in your code. Double-check the punctuation after your `int candidate = 0` statement.,SYNTAX_ERROR,False,0,0,1,1512,statement ending,1,
254,ML,4,914007,307,lru-cache,LRU Cache,medium,state update and eviction policy,2,planning,unfinished_implementation,GUIDING_QUESTION,Unfinished code should prompt the student to state the next step.,200,GUIDING_QUESTION,true,template,What should be true at each iteration for your algorithm to work correctly?,STUCK_NO_PROGRESS,True,0,3,0,677,unfinished implementation,2,
255,ML,4,914007,307,lru-cache,LRU Cache,medium,state update and eviction policy,3,first_conceptual_error,unknown_logic_first,CONCEPTUAL_HINT,First substantial mistake should receive the least sufficient intervention.,200,CODE_HIGHLIGHT,false,gemini,Great job on passing the tests! Review the logic within your `cache.put` and return statement to ensure it aligns with the expected behavior of storing and then returning the value.,UNKNOWN,True,3,0,0,844,logic block,1,
256,ML,4,914007,307,lru-cache,LRU Cache,medium,state update and eviction policy,4,repeated_conceptual_error,unknown_logic_repeat,CONCEPTUAL_HINT,Repeated mistake should move from location cue to conceptual support.,200,CONCEPTUAL_HINT,true,gemini,You're on the right track with adding to the cache! Think about what needs to happen *after* you add the new item if the cache is already full.,UNKNOWN,True,3,0,0,1047,logic block,1,
257,ML,4,914007,307,lru-cache,LRU Cache,medium,state update and eviction policy,5,partial_logic,partial_but_compiling,CONCEPTUAL_HINT,Compiling but incomplete logic should receive a compact conceptual nudge.,200,CONCEPTUAL_HINT,true,gemini,It looks like your logic for updating the `checkpoint` variable isn't quite aligned with the task requirements. Consider how the `checkpoint` should change based on the conditions presented in the problem.,UNKNOWN,True,1,2,0,687,logic block,1,
258,ML,4,914007,307,lru-cache,LRU Cache,medium,state update and eviction policy,6,local_completion,locally_complete,NO_FEEDBACK,Locally complete state should not be interrupted.,200,CONCEPTUAL_HINT,false,gemini,Great job on getting most of the tests to pass! Think about what happens if the cache is already full *before* you add the new item.,UNKNOWN,True,3,0,0,1084,logic block,1,
259,ML,4,914008,308,longest-substring,Longest Substring Without Repeating Characters,medium,sliding window invariant,1,syntax,missing_statement_ending,CODE_HIGHLIGHT,First syntax error should be localized before giving a concept explanation.,200,CODE_HIGHLIGHT,true,gemini,It looks like there might be a missing semicolon at the end of your statement. Double-check how you're ending your variable declarations and assignments.,SYNTAX_ERROR,False,0,0,0,988,statement ending,1,
260,ML,4,914008,308,longest-substring,Longest Substring Without Repeating Characters,medium,sliding window invariant,2,planning,unfinished_implementation,GUIDING_QUESTION,Unfinished code should prompt the student to state the next step.,200,GUIDING_QUESTION,true,gemini,You're off to a good start with setting up your variables! What are the main steps you need to take to achieve the goal of the task?,STUCK_NO_PROGRESS,True,0,3,0,678,unfinished implementation,2,
261,ML,4,914008,308,longest-substring,Longest Substring Without Repeating Characters,medium,sliding window invariant,3,first_conceptual_error,off_by_one_first,CODE_HIGHLIGHT,First substantial mistake should receive the least sufficient intervention.,200,CODE_HIGHLIGHT,true,template,Check the for loop condition. There may be a small issue here.,OFF_BY_ONE,True,1,2,0,783,for loop condition,1,
262,ML,4,914008,308,longest-substring,Longest Substring Without Repeating Characters,medium,sliding window invariant,4,repeated_conceptual_error,off_by_one_repeat,CONCEPTUAL_HINT,Repeated mistake should move from location cue to conceptual support.,200,CONCEPTUAL_HINT,true,gemini,Great start on the loop! Take a closer look at the loop's condition and how it relates to the indices of the string. Remember that string indices are zero-based.,OFF_BY_ONE,True,1,2,0,890,for loop condition,1,
263,ML,4,914008,308,longest-substring,Longest Substring Without Repeating Characters,medium,sliding window invariant,5,partial_logic,partial_but_compiling,CONCEPTUAL_HINT,Compiling but incomplete logic should receive a compact conceptual nudge.,200,CONCEPTUAL_HINT,true,gemini,"It looks like your code is on the right track, but there might be a small logical issue in how you're handling the `checkpoint` variable. Think about what happens to its value in different scenarios.",UNKNOWN,True,1,2,0,1285,logic block,1,
264,ML,4,914008,308,longest-substring,Longest Substring Without Repeating Characters,medium,sliding window invariant,6,local_completion,locally_complete,NO_FEEDBACK,Locally complete state should not be interrupted.,200,NO_FEEDBACK,true,gemini,Great job on getting all the tests to pass! This indicates your core logic is sound.,UNKNOWN,True,3,0,0,1194,logic block,1,
265,ML,4,914009,309,reverse-linked-list,Reverse Linked List,easy,pointer update order,1,syntax,missing_statement_ending,CODE_HIGHLIGHT,First syntax error should be localized before giving a concept explanation.,200,CODE_HIGHLIGHT,true,gemini,It looks like there's a small syntax issue at the end of your `int candidate = 0` statement that's preventing your code from compiling. Double-check that line for any missing punctuation!,SYNTAX_ERROR,False,0,0,0,1514,statement ending,1,
266,ML,4,914009,309,reverse-linked-list,Reverse Linked List,easy,pointer update order,2,planning,unfinished_implementation,GUIDING_QUESTION,Unfinished code should prompt the student to state the next step.,200,GUIDING_QUESTION,true,gemini,"Great start! It looks like you've got the basic structure in place, but the core logic for the algorithm is still missing. What approach are you considering to tackle the problem?",STUCK_NO_PROGRESS,True,0,3,1,795,unfinished implementation,2,
267,ML,4,914009,309,reverse-linked-list,Reverse Linked List,easy,pointer update order,3,first_conceptual_error,wrong_condition_first,CONCEPTUAL_HINT,First substantial mistake should receive the least sufficient intervention.,200,CONCEPTUAL_HINT,true,gemini,It looks like your `while` loop condition might be causing it to run indefinitely or not as long as intended. Consider what condition needs to be met for the loop to eventually terminate.,WRONG_CONDITION,True,1,2,0,710,while condition,1,
268,ML,4,914009,309,reverse-linked-list,Reverse Linked List,easy,pointer update order,4,repeated_conceptual_error,wrong_condition_repeat,CONCEPTUAL_HINT,Repeated mistake should move from location cue to conceptual support.,200,CONCEPTUAL_HINT,true,gemini,"You're on the right track with the loop structure and the `break` condition, but think carefully about what condition *should* cause the loop to continue. Consider what you're trying to achieve by iterating through the list.",WRONG_CONDITION,True,1,2,0,846,while condition,1,
269,ML,4,914009,309,reverse-linked-list,Reverse Linked List,easy,pointer update order,5,partial_logic,partial_but_compiling,CONCEPTUAL_HINT,Compiling but incomplete logic should receive a compact conceptual nudge.,200,CONCEPTUAL_HINT,true,gemini,"You're on the right track with incrementing the checkpoint, but it looks like the logic within the 'if' statement isn't quite reaching all the necessary conditions. Consider what other scenarios might need to be accounted for to pass all tests.",UNKNOWN,True,1,2,1,967,logic block,1,
270,ML,4,914009,309,reverse-linked-list,Reverse Linked List,easy,pointer update order,6,local_completion,locally_complete,NO_FEEDBACK,Locally complete state should not be interrupted.,200,NO_FEEDBACK,true,gemini,Great job on implementing the logic for reversing the linked list! The code correctly iterates through the list and rearranges the pointers as intended.,UNKNOWN,True,3,0,0,1195,logic block,1,
271,ML,4,914010,310,matrix-diagonal-sum,Matrix Diagonal Sum,easy,nested indexing and double counting,1,syntax,missing_statement_ending,CODE_HIGHLIGHT,First syntax error should be localized before giving a concept explanation.,200,CODE_HIGHLIGHT,true,gemini,It looks like there's a syntax error with how the statement is ended; double-check the punctuation required to finish this line of code.,SYNTAX_ERROR,False,0,0,1,1090,statement ending,1,
272,ML,4,914010,310,matrix-diagonal-sum,Matrix Diagonal Sum,easy,nested indexing and double counting,2,planning,unfinished_implementation,GUIDING_QUESTION,Unfinished code should prompt the student to state the next step.,200,GUIDING_QUESTION,true,gemini,"It looks like you're off to a great start, but there's still some core logic missing! What's the next step in the algorithm you're trying to implement?",STUCK_NO_PROGRESS,True,0,3,0,1472,unfinished implementation,2,
273,ML,4,914010,310,matrix-diagonal-sum,Matrix Diagonal Sum,easy,nested indexing and double counting,3,first_conceptual_error,off_by_one_first,CODE_HIGHLIGHT,First substantial mistake should receive the least sufficient intervention.,200,CODE_HIGHLIGHT,true,gemini,Your loop condition is very close to being perfect! Double-check what the largest valid index is for an array.,OFF_BY_ONE,True,1,2,0,648,for loop condition,1,
274,ML,4,914010,310,matrix-diagonal-sum,Matrix Diagonal Sum,easy,nested indexing and double counting,4,repeated_conceptual_error,off_by_one_repeat,CONCEPTUAL_HINT,Repeated mistake should move from location cue to conceptual support.,200,CONCEPTUAL_HINT,true,gemini,Great job getting the loop structure mostly right! Think about what happens when `i` reaches the value of `n` – does that access a valid index within the `mat` array given the problem's constraints?,OFF_BY_ONE,True,1,2,0,1403,for loop condition,1,
275,ML,4,914010,310,matrix-diagonal-sum,Matrix Diagonal Sum,easy,nested indexing and double counting,5,partial_logic,partial_but_compiling,CONCEPTUAL_HINT,Compiling but incomplete logic should receive a compact conceptual nudge.,200,CONCEPTUAL_HINT,true,gemini,"You're on the right track with incrementing the checkpoint, but it looks like the logic for determining the next checkpoint might need a closer look. Consider what conditions need to be met to advance to the next stage.",UNKNOWN,True,1,2,0,766,logic block,1,
276,ML,4,914010,310,matrix-diagonal-sum,Matrix Diagonal Sum,easy,nested indexing and double counting,6,local_completion,locally_complete,NO_FEEDBACK,Locally complete state should not be interrupted.,200,NO_FEEDBACK,true,gemini,Great job on passing all the tests! Your approach to calculating the sum seems to be working perfectly for the given cases.,UNKNOWN,True,3,0,0,1829,logic block,1,
277,ML,4,914011,311,roman-to-integer,Roman to Integer,easy,lookahead condition,1,syntax,missing_statement_ending,CODE_HIGHLIGHT,First syntax error should be localized before giving a concept explanation.,200,CODE_HIGHLIGHT,true,gemini,It looks like there's a small syntax issue with how your statement is ending. Double-check the punctuation after your variable declaration.,SYNTAX_ERROR,False,0,0,0,991,statement ending,1,
278,ML,4,914011,311,roman-to-integer,Roman to Integer,easy,lookahead condition,2,planning,unfinished_implementation,GUIDING_QUESTION,Unfinished code should prompt the student to state the next step.,200,GUIDING_QUESTION,true,gemini,It looks like the core logic for calculating the progress is still missing. Have you thought about how you'll update the `progress` variable based on the problem requirements?,STUCK_NO_PROGRESS,True,0,3,0,1458,unfinished implementation,2,
279,ML,4,914011,311,roman-to-integer,Roman to Integer,easy,lookahead condition,3,first_conceptual_error,off_by_one_first,CODE_HIGHLIGHT,First substantial mistake should receive the least sufficient intervention.,200,CODE_HIGHLIGHT,true,template,Check the for loop condition. There may be a small issue here.,OFF_BY_ONE,True,1,2,0,584,for loop condition,1,
280,ML,4,914011,311,roman-to-integer,Roman to Integer,easy,lookahead condition,4,repeated_conceptual_error,off_by_one_repeat,CONCEPTUAL_HINT,Repeated mistake should move from location cue to conceptual support.,200,CONCEPTUAL_HINT,true,gemini,You're so close! Take another look at your `for` loop's condition and how it relates to the characters available in the string. Remember that string indices are zero-based.,OFF_BY_ONE,True,1,2,0,1444,for loop condition,1,
281,ML,4,914011,311,roman-to-integer,Roman to Integer,easy,lookahead condition,5,partial_logic,partial_but_compiling,CONCEPTUAL_HINT,Compiling but incomplete logic should receive a compact conceptual nudge.,200,CONCEPTUAL_HINT,true,gemini,You're on the right track with incrementing the `checkpoint` variable! Think about how many times you want that action to happen and what condition controls when it should stop.,UNKNOWN,True,1,2,0,1451,logic block,1,
282,ML,4,914011,311,roman-to-integer,Roman to Integer,easy,lookahead condition,6,local_completion,locally_complete,NO_FEEDBACK,Locally complete state should not be interrupted.,200,NO_FEEDBACK,true,gemini,Great job on implementing the loop to calculate the total! Your logic seems to be on the right track for processing the characters in the string.,UNKNOWN,True,3,0,0,692,logic block,1,
283,ML,4,914012,312,climbing-stairs,Climbing Stairs,easy,base cases and recurrence,1,syntax,missing_statement_ending,CODE_HIGHLIGHT,First syntax error should be localized before giving a concept explanation.,200,CODE_HIGHLIGHT,true,gemini,"I noticed a syntax error in your code, specifically around the end of the statement. Double-check how statements are terminated in C++ to resolve this!",SYNTAX_ERROR,False,0,0,0,755,statement ending,1,
284,ML,4,914012,312,climbing-stairs,Climbing Stairs,easy,base cases and recurrence,2,planning,unfinished_implementation,GUIDING_QUESTION,Unfinished code should prompt the student to state the next step.,200,GUIDING_QUESTION,true,gemini,It looks like you're on the right track with setting up your variables! Can you think about what calculations need to happen to update the `progress` based on the task?,STUCK_NO_PROGRESS,True,0,3,0,769,unfinished implementation,2,
285,ML,4,914012,312,climbing-stairs,Climbing Stairs,easy,base cases and recurrence,3,first_conceptual_error,wrong_condition_first,CONCEPTUAL_HINT,First substantial mistake should receive the least sufficient intervention.,200,CONCEPTUAL_HINT,true,template,Review the condition carefully. Does it describe the exact stopping rule?,WRONG_CONDITION,True,1,2,1,517,while condition,1,
286,ML,4,914012,312,climbing-stairs,Climbing Stairs,easy,base cases and recurrence,4,repeated_conceptual_error,wrong_condition_repeat,CONCEPTUAL_HINT,Repeated mistake should move from location cue to conceptual support.,200,CONCEPTUAL_HINT,true,gemini,Great start on the loop! Think about what condition should actually control the loop's execution to ensure it runs the correct number of times.,WRONG_CONDITION,True,1,2,0,661,while condition,1,
287,ML,4,914012,312,climbing-stairs,Climbing Stairs,easy,base cases and recurrence,5,partial_logic,partial_but_compiling,CONCEPTUAL_HINT,Compiling but incomplete logic should receive a compact conceptual nudge.,200,CONCEPTUAL_HINT,true,gemini,"You're on the right track with using `checkpoint` to track progress, but it looks like the logic for determining when to increment it needs a closer look. Consider how the condition for advancing the checkpoint aligns with the problem's requirements.",UNKNOWN,True,1,2,0,915,logic block,1,
288,ML,4,914012,312,climbing-stairs,Climbing Stairs,easy,base cases and recurrence,6,local_completion,locally_complete,NO_FEEDBACK,Locally complete state should not be interrupted.,200,NO_FEEDBACK,true,gemini,You're on the right track with your loop! Double-check the starting and ending conditions of your `for` loop to make sure it iterates the correct number of times.,OFF_BY_ONE,True,1,2,1,1351,for loop condition,1,
289,ML,5,915001,301,palindrome,Valid Palindrome,easy,two pointers and string normalization,1,syntax,missing_statement_ending,CODE_HIGHLIGHT,First syntax error should be localized before giving a concept explanation.,200,CODE_HIGHLIGHT,true,gemini,It looks like there might be a small punctuation error at the end of your statement. Double-check the syntax for declaring and initializing variables in C++.,SYNTAX_ERROR,False,0,0,0,1288,statement ending,1,
290,ML,5,915001,301,palindrome,Valid Palindrome,easy,two pointers and string normalization,2,planning,unfinished_implementation,GUIDING_QUESTION,Unfinished code should prompt the student to state the next step.,200,GUIDING_QUESTION,true,gemini,"You're off to a good start, but it looks like the core logic for calculating the progress is still missing. What specific steps do you think need to be taken to determine the progress based on the provided information?",STUCK_NO_PROGRESS,True,0,3,0,641,unfinished implementation,2,
291,ML,5,915001,301,palindrome,Valid Palindrome,easy,two pointers and string normalization,3,first_conceptual_error,possible_null_access_first,CODE_HIGHLIGHT,First substantial mistake should receive the least sufficient intervention.,200,CODE_HIGHLIGHT,true,gemini,Great job on passing the tests! Consider what might happen if the input string `s` is `null` and how your current code would handle that.,POSSIBLE_NULL_ACCESS,True,3,0,1,2065,missing null or empty guard,1,
292,ML,5,915001,301,palindrome,Valid Palindrome,easy,two pointers and string normalization,4,repeated_conceptual_error,possible_null_access_repeat,CONCEPTUAL_HINT,Repeated mistake should move from location cue to conceptual support.,200,CONCEPTUAL_HINT,true,gemini,"Great job on passing most of the tests! Consider what might happen if the input string `s` is null or empty, and how your code would handle that.",POSSIBLE_NULL_ACCESS,True,3,0,0,1159,missing null or empty guard,1,
293,ML,5,915001,301,palindrome,Valid Palindrome,easy,two pointers and string normalization,5,partial_logic,partial_but_compiling,CONCEPTUAL_HINT,Compiling but incomplete logic should receive a compact conceptual nudge.,200,CONCEPTUAL_HINT,true,gemini,"You're on the right track with how you're updating the `checkpoint` variable, but it seems the logic for determining when to increment it might need a closer look based on the test results. Consider how your `if` condition is evaluated in relation to the surrounding code.",UNKNOWN,True,1,2,0,790,logic block,1,
294,ML,5,915001,301,palindrome,Valid Palindrome,easy,two pointers and string normalization,6,local_completion,locally_complete,NO_FEEDBACK,Locally complete state should not be interrupted.,200,NO_FEEDBACK,true,gemini,You're on the right track with using two pointers! Consider how the loop condition might need to be adjusted to ensure you check all necessary character pairs.,WRONG_CONDITION,True,3,0,0,644,while condition,1,
295,ML,5,915002,302,two-sum,Two Sum,easy,hash map lookup and pair search,1,syntax,missing_statement_ending,CODE_HIGHLIGHT,First syntax error should be localized before giving a concept explanation.,200,CODE_HIGHLIGHT,true,gemini,You're close! Take a look at how statements are typically ended in Java; there might be a small punctuation mark missing here.,SYNTAX_ERROR,False,0,0,0,753,statement ending,1,
296,ML,5,915002,302,two-sum,Two Sum,easy,hash map lookup and pair search,2,planning,unfinished_implementation,GUIDING_QUESTION,Unfinished code should prompt the student to state the next step.,200,GUIDING_QUESTION,true,gemini,It looks like you've set up your variables well! What part of the core algorithm are you planning to tackle next?,STUCK_NO_PROGRESS,True,0,3,0,706,unfinished implementation,2,
297,ML,5,915002,302,two-sum,Two Sum,easy,hash map lookup and pair search,3,first_conceptual_error,off_by_one_first,CODE_HIGHLIGHT,First substantial mistake should receive the least sufficient intervention.,200,CODE_HIGHLIGHT,true,gemini,"CODE_HIGHLIGHT
It looks like your loop condition might be including an extra element, causing an off-by-one error for some test cases. Try adjusting the condition to ensure you're only iterating through the valid indices of the array.",OFF_BY_ONE,True,1,2,0,837,for loop condition,1,
298,ML,5,915002,302,two-sum,Two Sum,easy,hash map lookup and pair search,4,repeated_conceptual_error,off_by_one_repeat,CONCEPTUAL_HINT,Repeated mistake should move from location cue to conceptual support.,200,CONCEPTUAL_HINT,true,gemini,You're close to finding the correct indices! Take another look at your `for` loop condition and how it relates to accessing array elements.,OFF_BY_ONE,True,1,2,0,991,for loop condition,1,
299,ML,5,915002,302,two-sum,Two Sum,easy,hash map lookup and pair search,5,partial_logic,partial_but_compiling,CONCEPTUAL_HINT,Compiling but incomplete logic should receive a compact conceptual nudge.,200,CONCEPTUAL_HINT,true,gemini,You're on the right track with how you're incrementing `checkpoint`! Consider carefully how the `if` statement uses the value of `checkpoint` to determine which code block to execute.,UNKNOWN,True,1,2,0,951,logic block,1,
300,ML,5,915002,302,two-sum,Two Sum,easy,hash map lookup and pair search,6,local_completion,locally_complete,NO_FEEDBACK,Locally complete state should not be interrupted.,200,NO_FEEDBACK,true,template,Good progress. Continue working.,UNKNOWN,True,3,0,0,548,logic block,1,
301,ML,5,915003,303,valid-parentheses,Valid Parentheses,easy,stack state and matching brackets,1,syntax,missing_statement_ending,CODE_HIGHLIGHT,First syntax error should be localized before giving a concept explanation.,200,CODE_HIGHLIGHT,true,gemini,It looks like there's a syntax error at the end of your statement. Double-check how you're concluding your variable declaration and initialization.,SYNTAX_ERROR,False,0,0,0,1047,statement ending,1,
302,ML,5,915003,303,valid-parentheses,Valid Parentheses,easy,stack state and matching brackets,2,planning,unfinished_implementation,GUIDING_QUESTION,Unfinished code should prompt the student to state the next step.,200,GUIDING_QUESTION,true,gemini,You're off to a good start with setting up the initial variable. What's the next logical step to take in order to begin solving the problem described in the task?,STUCK_NO_PROGRESS,True,0,3,0,1334,unfinished implementation,2,
303,ML,5,915003,303,valid-parentheses,Valid Parentheses,easy,stack state and matching brackets,3,first_conceptual_error,possible_null_access_first,CODE_HIGHLIGHT,First substantial mistake should receive the least sufficient intervention.,200,CODE_HIGHLIGHT,true,gemini,Great job on passing most of the tests! Take another look at the logic within your loop; there might be a subtle condition that needs adjustment to handle all cases correctly.,UNKNOWN,True,3,0,0,1883,logic block,1,
304,ML,5,915003,303,valid-parentheses,Valid Parentheses,easy,stack state and matching brackets,4,repeated_conceptual_error,possible_null_access_repeat,CONCEPTUAL_HINT,Repeated mistake should move from location cue to conceptual support.,200,CONCEPTUAL_HINT,true,gemini,"Great progress on this problem!  It looks like you're on the right track with using a stack, but double-check the condition inside your `if` statement to ensure it handles all the necessary cases for balancing parentheses.",UNKNOWN,True,3,0,1,1469,logic block,1,
305,ML,5,915003,303,valid-parentheses,Valid Parentheses,easy,stack state and matching brackets,5,partial_logic,partial_but_compiling,CONCEPTUAL_HINT,Compiling but incomplete logic should receive a compact conceptual nudge.,200,CONCEPTUAL_HINT,true,gemini,You're on the right track with how you're approaching the checkpoint variable! Think about how the `checkpoint` variable's value is being used and what its purpose is within the broader logic of the program.,UNKNOWN,True,1,2,0,1162,logic block,1,
306,ML,5,915003,303,valid-parentheses,Valid Parentheses,easy,stack state and matching brackets,6,local_completion,locally_complete,NO_FEEDBACK,Locally complete state should not be interrupted.,200,CONCEPTUAL_HINT,false,gemini,You're on the right track with using a stack to process the string! Think about what should happen to the stack when you encounter a character that *should* be removed.,UNKNOWN,True,3,0,0,1007,logic block,1,
307,ML,5,915004,304,binary-search,Binary Search,easy,search interval invariant,1,syntax,missing_statement_ending,CODE_HIGHLIGHT,First syntax error should be localized before giving a concept explanation.,200,CODE_HIGHLIGHT,true,gemini,It looks like there might be a small syntax error near the end of your statement. Take another look at how you're ending your lines of code.,SYNTAX_ERROR,False,0,0,0,1021,statement ending,1,
308,ML,5,915004,304,binary-search,Binary Search,easy,search interval invariant,2,planning,unfinished_implementation,GUIDING_QUESTION,Unfinished code should prompt the student to state the next step.,200,GUIDING_QUESTION,true,gemini,"It looks like you're off to a good start, but the core logic for calculating the progress seems to be missing. What steps would you need to take to determine the percentage of completion?",STUCK_NO_PROGRESS,True,0,3,0,851,unfinished implementation,2,
309,ML,5,915004,304,binary-search,Binary Search,easy,search interval invariant,3,first_conceptual_error,wrong_loop_boundary_first,CODE_HIGHLIGHT,First substantial mistake should receive the least sufficient intervention.,200,CODE_HIGHLIGHT,true,gemini,You're close with your binary search implementation! Consider what happens when `left` and `right` become equal; your current loop condition might be missing the final check.,WRONG_LOOP_BOUNDARY,True,1,2,0,736,binary search loop boundary,1,
310,ML,5,915004,304,binary-search,Binary Search,easy,search interval invariant,4,repeated_conceptual_error,wrong_loop_boundary_repeat,CONCEPTUAL_HINT,Repeated mistake should move from location cue to conceptual support.,200,CONCEPTUAL_HINT,true,gemini,"You're on the right track with the binary search structure, but consider how your loop condition and the adjustment of `high` might be affecting the search range. Think carefully about what `low < high` and `high = mid - 1` mean for the boundaries of your search.",WRONG_LOOP_BOUNDARY,True,1,2,0,832,binary search loop boundary,1,
311,ML,5,915004,304,binary-search,Binary Search,easy,search interval invariant,5,partial_logic,partial_but_compiling,CONCEPTUAL_HINT,Compiling but incomplete logic should receive a compact conceptual nudge.,200,CONCEPTUAL_HINT,true,gemini,"Your code successfully passes some tests, which is a great start! Consider how the program's logic handles all possible scenarios to address the remaining test cases.",UNKNOWN,True,1,2,1,950,logic block,1,
312,ML,5,915004,304,binary-search,Binary Search,easy,search interval invariant,6,local_completion,locally_complete,NO_FEEDBACK,Locally complete state should not be interrupted.,200,NO_FEEDBACK,true,gemini,"Your code correctly implements the binary search logic, but it has a slight issue with when the `return` statement is placed. Consider where the `return` statement should go to ensure the loop continues to search.",UNKNOWN,True,3,0,0,943,logic block,1,
313,ML,5,915005,305,merge-sorted-array,Merge Sorted Array,easy,array index management,1,syntax,missing_statement_ending,CODE_HIGHLIGHT,First syntax error should be localized before giving a concept explanation.,200,CODE_HIGHLIGHT,true,gemini,It looks like there might be a missing semicolon at the end of your `int candidate = 0` statement. This is a common syntax error that can prevent your code from compiling.,SYNTAX_ERROR,False,0,0,0,827,statement ending,1,
314,ML,5,915005,305,merge-sorted-array,Merge Sorted Array,easy,array index management,2,planning,unfinished_implementation,GUIDING_QUESTION,Unfinished code should prompt the student to state the next step.,200,GUIDING_QUESTION,true,gemini,You're off to a good start with setting up the `progress` variable! What's the next logical step in calculating the progress based on the problem description?,STUCK_NO_PROGRESS,True,0,3,0,787,unfinished implementation,2,
315,ML,5,915005,305,merge-sorted-array,Merge Sorted Array,easy,array index management,3,first_conceptual_error,off_by_one_first,CODE_HIGHLIGHT,First substantial mistake should receive the least sufficient intervention.,200,CODE_HIGHLIGHT,true,gemini,You're so close to getting this right! Take another look at your `for` loop's condition and consider how many elements you actually need to copy.,OFF_BY_ONE,True,1,2,0,926,for loop condition,1,
316,ML,5,915005,305,merge-sorted-array,Merge Sorted Array,easy,array index management,4,repeated_conceptual_error,off_by_one_repeat,CONCEPTUAL_HINT,Repeated mistake should move from location cue to conceptual support.,200,CONCEPTUAL_HINT,true,template,Think about the loop boundaries. Are you iterating one step too far?,OFF_BY_ONE,True,1,2,0,605,for loop condition,1,
317,ML,5,915005,305,merge-sorted-array,Merge Sorted Array,easy,array index management,5,partial_logic,partial_but_compiling,CONCEPTUAL_HINT,Compiling but incomplete logic should receive a compact conceptual nudge.,200,CONCEPTUAL_HINT,true,gemini,You're on the right track with incrementing your `checkpoint` variable! Consider what happens to the value of `checkpoint` *after* the `checkpoint++` operation when you're evaluating its usage in subsequent steps.,UNKNOWN,True,1,2,0,1357,logic block,1,
318,ML,5,915005,305,merge-sorted-array,Merge Sorted Array,easy,array index management,6,local_completion,locally_complete,NO_FEEDBACK,Locally complete state should not be interrupted.,200,NO_FEEDBACK,true,gemini,Great work on passing most of the tests! Review the logic within your `for` loop to ensure it correctly addresses all conditions for the task.,UNKNOWN,True,3,0,1,1284,logic block,1,
319,ML,5,915006,306,trapping-rain-water,Trapping Rain Water,hard,two pointers and running maxima,1,syntax,missing_statement_ending,CODE_HIGHLIGHT,First syntax error should be localized before giving a concept explanation.,200,CODE_HIGHLIGHT,true,gemini,"You're close, but there's a small syntax issue with how your statement is ended. Double-check the punctuation at the end of your line.",SYNTAX_ERROR,False,0,0,0,800,statement ending,1,
320,ML,5,915006,306,trapping-rain-water,Trapping Rain Water,hard,two pointers and running maxima,2,planning,unfinished_implementation,GUIDING_QUESTION,Unfinished code should prompt the student to state the next step.,200,GUIDING_QUESTION,true,gemini,It looks like you're on the right track with initializing your `progress` variable! What's the next logical step to start building the core logic of your algorithm?,STUCK_NO_PROGRESS,True,0,3,0,772,unfinished implementation,2,
321,ML,5,915006,306,trapping-rain-water,Trapping Rain Water,hard,two pointers and running maxima,3,first_conceptual_error,wrong_condition_first,CONCEPTUAL_HINT,First substantial mistake should receive the least sufficient intervention.,200,CONCEPTUAL_HINT,true,gemini,"It looks like your `while` loop condition might be causing it to run indefinitely, which could explain why some tests are failing. Think about what condition needs to be met for the loop to stop processing and successfully calculate the trapped water.",WRONG_CONDITION,True,1,2,0,910,while condition,1,
322,ML,5,915006,306,trapping-rain-water,Trapping Rain Water,hard,two pointers and running maxima,4,repeated_conceptual_error,wrong_condition_repeat,CONCEPTUAL_HINT,Repeated mistake should move from location cue to conceptual support.,200,CONCEPTUAL_HINT,true,gemini,"You're on the right track with using a `while` loop and the `left` and `right` pointers to iterate through the array! Think carefully about the condition that should keep the loop running; right now, it seems to be running indefinitely.",WRONG_CONDITION,True,1,2,0,841,while condition,1,
323,ML,5,915006,306,trapping-rain-water,Trapping Rain Water,hard,two pointers and running maxima,5,partial_logic,partial_but_compiling,CONCEPTUAL_HINT,Compiling but incomplete logic should receive a compact conceptual nudge.,200,CONCEPTUAL_HINT,true,gemini,Great start! Consider how the `checkpoint` variable is being used and if its current value accurately reflects the intended progress through the logic.,UNKNOWN,True,1,2,0,884,logic block,1,
324,ML,5,915006,306,trapping-rain-water,Trapping Rain Water,hard,two pointers and running maxima,6,local_completion,locally_complete,NO_FEEDBACK,Locally complete state should not be interrupted.,200,NO_FEEDBACK,true,gemini,You're on the right track with your approach to iterating through the array! Consider what happens with your `left` and `right` pointers once the loop finishes.,UNKNOWN,True,3,0,0,650,logic block,1,
325,ML,5,915007,307,lru-cache,LRU Cache,medium,state update and eviction policy,1,syntax,missing_statement_ending,CODE_HIGHLIGHT,First syntax error should be localized before giving a concept explanation.,200,CODE_HIGHLIGHT,true,gemini,It looks like there's a small syntax issue with how your statement is ending; double-check the punctuation. You're very close to getting this to compile!,SYNTAX_ERROR,False,0,0,0,2578,statement ending,1,
326,ML,5,915007,307,lru-cache,LRU Cache,medium,state update and eviction policy,2,planning,unfinished_implementation,GUIDING_QUESTION,Unfinished code should prompt the student to state the next step.,200,GUIDING_QUESTION,true,gemini,You've made a good start on setting up the variables! What's the next logical step to get the program moving towards solving the problem?,STUCK_NO_PROGRESS,True,0,3,0,873,unfinished implementation,2,
327,ML,5,915007,307,lru-cache,LRU Cache,medium,state update and eviction policy,3,first_conceptual_error,unknown_logic_first,CONCEPTUAL_HINT,First substantial mistake should receive the least sufficient intervention.,200,CODE_HIGHLIGHT,false,gemini,Great job passing all the tests! Your implementation of the cache logic seems to be working correctly.,UNKNOWN,True,3,0,0,705,logic block,1,
328,ML,5,915007,307,lru-cache,LRU Cache,medium,state update and eviction policy,4,repeated_conceptual_error,unknown_logic_repeat,CONCEPTUAL_HINT,Repeated mistake should move from location cue to conceptual support.,200,CONCEPTUAL_HINT,true,gemini,"Great job on implementing the cache logic! You're on the right track with adding items and checking the size, but take another look at what should happen when the cache exceeds its capacity.",UNKNOWN,True,3,0,0,2030,logic block,1,
329,ML,5,915007,307,lru-cache,LRU Cache,medium,state update and eviction policy,5,partial_logic,partial_but_compiling,CONCEPTUAL_HINT,Compiling but incomplete logic should receive a compact conceptual nudge.,200,CONCEPTUAL_HINT,true,template,Compare this part of your logic with the task requirement.,UNKNOWN,True,1,2,0,551,logic block,1,
330,ML,5,915007,307,lru-cache,LRU Cache,medium,state update and eviction policy,6,local_completion,locally_complete,NO_FEEDBACK,Locally complete state should not be interrupted.,200,CONCEPTUAL_HINT,false,gemini,Great job on implementing the cache logic! Think about the order of operations: what needs to happen *before* you check if the cache is over capacity?,UNKNOWN,True,3,0,1,1224,logic block,1,
331,ML,5,915008,308,longest-substring,Longest Substring Without Repeating Characters,medium,sliding window invariant,1,syntax,missing_statement_ending,CODE_HIGHLIGHT,First syntax error should be localized before giving a concept explanation.,200,CODE_HIGHLIGHT,true,gemini,You're very close! Take another look at how you're ending your statements; a semicolon is usually needed.,SYNTAX_ERROR,False,0,0,0,873,statement ending,1,
332,ML,5,915008,308,longest-substring,Longest Substring Without Repeating Characters,medium,sliding window invariant,2,planning,unfinished_implementation,GUIDING_QUESTION,Unfinished code should prompt the student to state the next step.,200,GUIDING_QUESTION,true,gemini,"It looks like you're on the right track, but the core logic for the algorithm isn't quite there yet. What are the key steps you need to take to solve this problem?",STUCK_NO_PROGRESS,True,0,3,0,1710,unfinished implementation,2,
333,ML,5,915008,308,longest-substring,Longest Substring Without Repeating Characters,medium,sliding window invariant,3,first_conceptual_error,off_by_one_first,CODE_HIGHLIGHT,First substantial mistake should receive the least sufficient intervention.,200,CODE_HIGHLIGHT,true,gemini,Great start! Take a closer look at your `for` loop condition and how it relates to the indices of the string. You're almost there to passing all the tests!,OFF_BY_ONE,True,1,2,0,1946,for loop condition,1,
334,ML,5,915008,308,longest-substring,Longest Substring Without Repeating Characters,medium,sliding window invariant,4,repeated_conceptual_error,off_by_one_repeat,CONCEPTUAL_HINT,Repeated mistake should move from location cue to conceptual support.,200,CONCEPTUAL_HINT,true,gemini,Great start on the loop! Take another look at how your loop condition and character access relate to the indexing of the string. This can sometimes lead to off-by-one errors.,OFF_BY_ONE,True,1,2,0,896,for loop condition,1,
335,ML,5,915008,308,longest-substring,Longest Substring Without Repeating Characters,medium,sliding window invariant,5,partial_logic,partial_but_compiling,CONCEPTUAL_HINT,Compiling but incomplete logic should receive a compact conceptual nudge.,200,CONCEPTUAL_HINT,true,gemini,Great start on this problem! Take another look at the logic within your `if` or `while` statements – there might be a slight adjustment needed to handle all the test cases correctly.,UNKNOWN,True,1,2,0,1032,logic block,1,
336,ML,5,915008,308,longest-substring,Longest Substring Without Repeating Characters,medium,sliding window invariant,6,local_completion,locally_complete,NO_FEEDBACK,Locally complete state should not be interrupted.,200,NO_FEEDBACK,true,gemini,Great job on getting most of the tests to pass! Think about what happens when `left` is larger than `right` within your loop condition.,UNKNOWN,True,3,0,1,747,logic block,1,
337,ML,5,915009,309,reverse-linked-list,Reverse Linked List,easy,pointer update order,1,syntax,missing_statement_ending,CODE_HIGHLIGHT,First syntax error should be localized before giving a concept explanation.,200,CODE_HIGHLIGHT,true,gemini,It looks like there might be a small syntax issue with how your statement is ending. Double-check the punctuation after your `int candidate = 0` line.,SYNTAX_ERROR,False,0,0,0,856,statement ending,1,
338,ML,5,915009,309,reverse-linked-list,Reverse Linked List,easy,pointer update order,2,planning,unfinished_implementation,GUIDING_QUESTION,Unfinished code should prompt the student to state the next step.,200,GUIDING_QUESTION,true,gemini,"Great start! It looks like you're on the right track, but the core logic for calculating progress is still missing. What steps do you think are needed to determine the completed progress?",STUCK_NO_PROGRESS,True,0,3,0,898,unfinished implementation,2,
339,ML,5,915009,309,reverse-linked-list,Reverse Linked List,easy,pointer update order,3,first_conceptual_error,wrong_condition_first,CONCEPTUAL_HINT,First substantial mistake should receive the least sufficient intervention.,200,CONCEPTUAL_HINT,true,gemini,Your `while` loop condition seems to be preventing the reversal from completing. Consider what condition needs to be met for the loop to terminate and correctly reverse the entire list.,WRONG_CONDITION,True,1,2,0,1292,while condition,1,
340,ML,5,915009,309,reverse-linked-list,Reverse Linked List,easy,pointer update order,4,repeated_conceptual_error,wrong_condition_repeat,CONCEPTUAL_HINT,Repeated mistake should move from location cue to conceptual support.,200,CONCEPTUAL_HINT,true,gemini,Your `while` loop condition seems to be causing an infinite loop in some cases. Consider what condition will correctly tell your loop when to stop processing.,WRONG_CONDITION,True,1,2,0,766,while condition,1,
341,ML,5,915009,309,reverse-linked-list,Reverse Linked List,easy,pointer update order,5,partial_logic,partial_but_compiling,CONCEPTUAL_HINT,Compiling but incomplete logic should receive a compact conceptual nudge.,200,CONCEPTUAL_HINT,true,gemini,You're on the right track with incrementing the `checkpoint` variable! Consider what happens to its value *after* you increment it within your logic block and how that might affect subsequent conditions.,UNKNOWN,True,1,2,0,915,logic block,1,
342,ML,5,915009,309,reverse-linked-list,Reverse Linked List,easy,pointer update order,6,local_completion,locally_complete,NO_FEEDBACK,Locally complete state should not be interrupted.,200,NO_FEEDBACK,true,gemini,You're off to a great start with your linked list reversal logic! Keep refining those pointers to ensure every node is connected correctly.,UNKNOWN,True,3,0,1,842,logic block,1,
343,ML,5,915010,310,matrix-diagonal-sum,Matrix Diagonal Sum,easy,nested indexing and double counting,1,syntax,missing_statement_ending,CODE_HIGHLIGHT,First syntax error should be localized before giving a concept explanation.,200,CODE_HIGHLIGHT,true,gemini,It looks like there might be a small syntax error related to how the statement is being ended. Double-check the punctuation at the end of your `int candidate = 0` line.,SYNTAX_ERROR,False,0,0,0,797,statement ending,1,
344,ML,5,915010,310,matrix-diagonal-sum,Matrix Diagonal Sum,easy,nested indexing and double counting,2,planning,unfinished_implementation,GUIDING_QUESTION,Unfinished code should prompt the student to state the next step.,200,GUIDING_QUESTION,true,gemini,It looks like you're off to a good start on the problem! What are your thoughts on how to approach implementing the core algorithm in the unfinished section?,STUCK_NO_PROGRESS,True,0,3,0,929,unfinished implementation,2,
345,ML,5,915010,310,matrix-diagonal-sum,Matrix Diagonal Sum,easy,nested indexing and double counting,3,first_conceptual_error,off_by_one_first,CODE_HIGHLIGHT,First substantial mistake should receive the least sufficient intervention.,200,CODE_HIGHLIGHT,true,gemini,"Great start! You're on the right track with iterating through the matrix, but double-check your loop's ending condition to ensure you're not going out of bounds.",OFF_BY_ONE,True,1,2,0,815,for loop condition,1,
346,ML,5,915010,310,matrix-diagonal-sum,Matrix Diagonal Sum,easy,nested indexing and double counting,4,repeated_conceptual_error,off_by_one_repeat,CONCEPTUAL_HINT,Repeated mistake should move from location cue to conceptual support.,200,CONCEPTUAL_HINT,true,gemini,"You're on the right track with iterating through the matrix, but take a closer look at your loop condition. Consider how the indices need to align to capture all the necessary elements.",OFF_BY_ONE,True,1,2,1,857,for loop condition,1,
347,ML,5,915010,310,matrix-diagonal-sum,Matrix Diagonal Sum,easy,nested indexing and double counting,5,partial_logic,partial_but_compiling,CONCEPTUAL_HINT,Compiling but incomplete logic should receive a compact conceptual nudge.,200,CONCEPTUAL_HINT,true,gemini,You're off to a good start with your `checkpoint` variable! Take another look at the logic within that block to ensure it's accounting for all the conditions needed to pass the remaining tests.,UNKNOWN,True,1,2,1,787,logic block,1,
348,ML,5,915010,310,matrix-diagonal-sum,Matrix Diagonal Sum,easy,nested indexing and double counting,6,local_completion,locally_complete,NO_FEEDBACK,Locally complete state should not be interrupted.,200,NO_FEEDBACK,true,gemini,Great job on implementing the logic for summing the diagonal elements! You've successfully passed most of the tests.,UNKNOWN,True,3,0,0,688,logic block,1,
349,ML,5,915011,311,roman-to-integer,Roman to Integer,easy,lookahead condition,1,syntax,missing_statement_ending,CODE_HIGHLIGHT,First syntax error should be localized before giving a concept explanation.,200,CODE_HIGHLIGHT,true,gemini,It looks like there might be a small syntax issue with how your statement is ending. Take another look at the semicolon and the surrounding characters.,SYNTAX_ERROR,False,0,0,0,769,statement ending,1,
350,ML,5,915011,311,roman-to-integer,Roman to Integer,easy,lookahead condition,2,planning,unfinished_implementation,GUIDING_QUESTION,Unfinished code should prompt the student to state the next step.,200,GUIDING_QUESTION,true,gemini,It looks like you're just getting started with the core logic of the algorithm. What's the first step you need to take to begin processing the input and making progress towards a solution?,STUCK_NO_PROGRESS,True,0,3,0,869,unfinished implementation,2,
351,ML,5,915011,311,roman-to-integer,Roman to Integer,easy,lookahead condition,3,first_conceptual_error,off_by_one_first,CODE_HIGHLIGHT,First substantial mistake should receive the least sufficient intervention.,200,CODE_HIGHLIGHT,true,template,Check the for loop condition. There may be a small issue here.,OFF_BY_ONE,True,1,2,0,700,for loop condition,1,
352,ML,5,915011,311,roman-to-integer,Roman to Integer,easy,lookahead condition,4,repeated_conceptual_error,off_by_one_repeat,CONCEPTUAL_HINT,Repeated mistake should move from location cue to conceptual support.,200,CONCEPTUAL_HINT,true,gemini,"Great start! Your loop is almost perfect, but it looks like there might be an off-by-one error in the loop's condition. Think carefully about the valid index range for strings in Java.",OFF_BY_ONE,True,1,2,0,898,for loop condition,1,
353,ML,5,915011,311,roman-to-integer,Roman to Integer,easy,lookahead condition,5,partial_logic,partial_but_compiling,CONCEPTUAL_HINT,Compiling but incomplete logic should receive a compact conceptual nudge.,200,CONCEPTUAL_HINT,true,gemini,Great start on this problem! Review the logic within your `checkpoint` block and think about how the value of `checkpoint` should change to meet the test cases.,UNKNOWN,True,1,2,0,816,logic block,1,
354,ML,5,915011,311,roman-to-integer,Roman to Integer,easy,lookahead condition,6,local_completion,locally_complete,NO_FEEDBACK,Locally complete state should not be interrupted.,200,NO_FEEDBACK,true,gemini,Great job on the logic! Your loop effectively processes the string and accumulates the total.,UNKNOWN,True,3,0,1,747,logic block,1,
355,ML,5,915012,312,climbing-stairs,Climbing Stairs,easy,base cases and recurrence,1,syntax,missing_statement_ending,CODE_HIGHLIGHT,First syntax error should be localized before giving a concept explanation.,200,CODE_HIGHLIGHT,true,gemini,Your code is almost there! Take another look at the end of your `int candidate = 0` statement; a small punctuation mark might be missing to complete it correctly.,SYNTAX_ERROR,False,0,0,1,1138,statement ending,1,
356,ML,5,915012,312,climbing-stairs,Climbing Stairs,easy,base cases and recurrence,2,planning,unfinished_implementation,GUIDING_QUESTION,Unfinished code should prompt the student to state the next step.,200,GUIDING_QUESTION,true,gemini,It looks like the core logic for your algorithm is still missing. Have you considered how you'll process the input to achieve the desired output?,STUCK_NO_PROGRESS,True,0,3,0,758,unfinished implementation,2,
357,ML,5,915012,312,climbing-stairs,Climbing Stairs,easy,base cases and recurrence,3,first_conceptual_error,wrong_condition_first,CONCEPTUAL_HINT,First substantial mistake should receive the least sufficient intervention.,200,CONCEPTUAL_HINT,true,gemini,It looks like your loop condition might be causing it to run indefinitely. Consider how you can ensure the loop terminates when the Fibonacci number exceeds a certain value.,WRONG_CONDITION,True,1,2,0,2481,while condition,1,
358,ML,5,915012,312,climbing-stairs,Climbing Stairs,easy,base cases and recurrence,4,repeated_conceptual_error,wrong_condition_repeat,CONCEPTUAL_HINT,Repeated mistake should move from location cue to conceptual support.,200,CONCEPTUAL_HINT,true,gemini,Your loop condition seems to be causing issues; consider what condition would allow the loop to terminate naturally based on the problem's requirements. Think about how the loop should relate to the input `n`.,WRONG_CONDITION,True,1,2,0,1017,while condition,1,
359,ML,5,915012,312,climbing-stairs,Climbing Stairs,easy,base cases and recurrence,5,partial_logic,partial_but_compiling,CONCEPTUAL_HINT,Compiling but incomplete logic should receive a compact conceptual nudge.,200,CONCEPTUAL_HINT,true,gemini,"It's great that your code is compiling and passing some tests! For the tests that aren't passing, take another look at how your `checkpoint` variable is being used within the logic block.",UNKNOWN,True,1,2,0,1086,logic block,1,
360,ML,5,915012,312,climbing-stairs,Climbing Stairs,easy,base cases and recurrence,6,local_completion,locally_complete,NO_FEEDBACK,Locally complete state should not be interrupted.,200,NO_FEEDBACK,true,gemini,You're close to solving this problem! Take another look at your `for` loop's condition and consider what values `i` should take to get the correct number of iterations.,OFF_BY_ONE,True,1,2,0,1609,for loop condition,1,
