event_index,mode,cohort,student_id,problem_id,problem_slug,problem_title,difficulty,concept,attempt_no,stage,scenario,expected_action,expected_reason,status,action,agreement,error_type,compile_success,tests_passed,tests_failed,analysis_time_ms,wall_latency_ms,suspicious_region,code_lines,error
1,RULE,1,501001,301,palindrome,Valid Palindrome,easy,two pointers and string normalization,1,syntax,missing_statement_ending,CODE_HIGHLIGHT,First syntax error should be localized before giving a concept explanation.,200,CODE_HIGHLIGHT,true,SYNTAX_ERROR,False,0,0,216,353,statement ending,1,
2,RULE,1,501001,301,palindrome,Valid Palindrome,easy,two pointers and string normalization,2,planning,unfinished_implementation,GUIDING_QUESTION,Unfinished code should prompt the student to state the next step.,200,GUIDING_QUESTION,true,STUCK_NO_PROGRESS,True,0,3,330,392,unfinished implementation,2,
3,RULE,1,501001,301,palindrome,Valid Palindrome,easy,two pointers and string normalization,3,first_conceptual_error,possible_null_access_first,CODE_HIGHLIGHT,First substantial mistake should receive the least sufficient intervention.,200,CODE_HIGHLIGHT,true,POSSIBLE_NULL_ACCESS,True,3,0,298,349,missing null or empty guard,1,
4,RULE,1,501001,301,palindrome,Valid Palindrome,easy,two pointers and string normalization,4,repeated_conceptual_error,possible_null_access_repeat,CONCEPTUAL_HINT,Repeated mistake should move from location cue to conceptual support.,200,CONCEPTUAL_HINT,true,POSSIBLE_NULL_ACCESS,True,3,0,293,349,missing null or empty guard,1,
5,RULE,1,501001,301,palindrome,Valid Palindrome,easy,two pointers and string normalization,5,partial_logic,partial_but_compiling,CONCEPTUAL_HINT,Compiling but incomplete logic should receive a compact conceptual nudge.,200,CONCEPTUAL_HINT,true,UNKNOWN,True,1,2,288,343,logic block,1,
6,RULE,1,501001,301,palindrome,Valid Palindrome,easy,two pointers and string normalization,6,local_completion,locally_complete,NO_FEEDBACK,Locally complete state should not be interrupted.,200,CONCEPTUAL_HINT,false,WRONG_CONDITION,True,1,2,302,358,while condition,1,
7,RULE,1,501002,302,two-sum,Two Sum,easy,hash map lookup and pair search,1,syntax,missing_statement_ending,CODE_HIGHLIGHT,First syntax error should be localized before giving a concept explanation.,200,CODE_HIGHLIGHT,true,SYNTAX_ERROR,False,0,0,49,81,statement ending,1,
8,RULE,1,501002,302,two-sum,Two Sum,easy,hash map lookup and pair search,2,planning,unfinished_implementation,GUIDING_QUESTION,Unfinished code should prompt the student to state the next step.,200,GUIDING_QUESTION,true,STUCK_NO_PROGRESS,True,0,3,253,278,unfinished implementation,2,
9,RULE,1,501002,302,two-sum,Two Sum,easy,hash map lookup and pair search,3,first_conceptual_error,off_by_one_first,CODE_HIGHLIGHT,First substantial mistake should receive the least sufficient intervention.,200,CODE_HIGHLIGHT,true,OFF_BY_ONE,True,1,2,262,305,for loop condition,1,
10,RULE,1,501002,302,two-sum,Two Sum,easy,hash map lookup and pair search,4,repeated_conceptual_error,off_by_one_repeat,CONCEPTUAL_HINT,Repeated mistake should move from location cue to conceptual support.,200,CONCEPTUAL_HINT,true,OFF_BY_ONE,True,1,2,255,302,for loop condition,1,
11,RULE,1,501002,302,two-sum,Two Sum,easy,hash map lookup and pair search,5,partial_logic,partial_but_compiling,CONCEPTUAL_HINT,Compiling but incomplete logic should receive a compact conceptual nudge.,200,CONCEPTUAL_HINT,true,UNKNOWN,True,1,2,265,314,logic block,1,
12,RULE,1,501002,302,two-sum,Two Sum,easy,hash map lookup and pair search,6,local_completion,locally_complete,NO_FEEDBACK,Locally complete state should not be interrupted.,200,NO_FEEDBACK,true,UNKNOWN,True,3,0,261,300,logic block,1,
13,RULE,1,501003,303,valid-parentheses,Valid Parentheses,easy,stack state and matching brackets,1,syntax,missing_statement_ending,CODE_HIGHLIGHT,First syntax error should be localized before giving a concept explanation.,200,CODE_HIGHLIGHT,true,SYNTAX_ERROR,False,0,0,49,100,statement ending,1,
14,RULE,1,501003,303,valid-parentheses,Valid Parentheses,easy,stack state and matching brackets,2,planning,unfinished_implementation,GUIDING_QUESTION,Unfinished code should prompt the student to state the next step.,200,GUIDING_QUESTION,true,STUCK_NO_PROGRESS,True,0,3,254,297,unfinished implementation,2,
15,RULE,1,501003,303,valid-parentheses,Valid Parentheses,easy,stack state and matching brackets,3,first_conceptual_error,possible_null_access_first,CODE_HIGHLIGHT,First substantial mistake should receive the least sufficient intervention.,200,NO_FEEDBACK,false,UNKNOWN,True,3,0,249,302,logic block,1,
16,RULE,1,501003,303,valid-parentheses,Valid Parentheses,easy,stack state and matching brackets,4,repeated_conceptual_error,possible_null_access_repeat,CONCEPTUAL_HINT,Repeated mistake should move from location cue to conceptual support.,200,NO_FEEDBACK,false,UNKNOWN,True,3,0,262,302,logic block,1,
17,RULE,1,501003,303,valid-parentheses,Valid Parentheses,easy,stack state and matching brackets,5,partial_logic,partial_but_compiling,CONCEPTUAL_HINT,Compiling but incomplete logic should receive a compact conceptual nudge.,200,CONCEPTUAL_HINT,true,UNKNOWN,True,1,2,251,300,logic block,1,
18,RULE,1,501003,303,valid-parentheses,Valid Parentheses,easy,stack state and matching brackets,6,local_completion,locally_complete,NO_FEEDBACK,Locally complete state should not be interrupted.,200,CONCEPTUAL_HINT,false,UNKNOWN,True,3,0,257,296,logic block,1,
19,RULE,1,501004,304,binary-search,Binary Search,easy,search interval invariant,1,syntax,missing_statement_ending,CODE_HIGHLIGHT,First syntax error should be localized before giving a concept explanation.,200,CODE_HIGHLIGHT,true,SYNTAX_ERROR,False,0,0,49,79,statement ending,1,
20,RULE,1,501004,304,binary-search,Binary Search,easy,search interval invariant,2,planning,unfinished_implementation,GUIDING_QUESTION,Unfinished code should prompt the student to state the next step.,200,GUIDING_QUESTION,true,STUCK_NO_PROGRESS,True,0,3,255,308,unfinished implementation,2,
21,RULE,1,501004,304,binary-search,Binary Search,easy,search interval invariant,3,first_conceptual_error,wrong_loop_boundary_first,CODE_HIGHLIGHT,First substantial mistake should receive the least sufficient intervention.,200,CODE_HIGHLIGHT,true,WRONG_LOOP_BOUNDARY,True,1,2,255,303,binary search loop boundary,1,
22,RULE,1,501004,304,binary-search,Binary Search,easy,search interval invariant,4,repeated_conceptual_error,wrong_loop_boundary_repeat,CONCEPTUAL_HINT,Repeated mistake should move from location cue to conceptual support.,200,CONCEPTUAL_HINT,true,WRONG_LOOP_BOUNDARY,True,1,2,250,290,binary search loop boundary,1,
23,RULE,1,501004,304,binary-search,Binary Search,easy,search interval invariant,5,partial_logic,partial_but_compiling,CONCEPTUAL_HINT,Compiling but incomplete logic should receive a compact conceptual nudge.,200,CONCEPTUAL_HINT,true,UNKNOWN,True,1,2,252,288,logic block,1,
24,RULE,1,501004,304,binary-search,Binary Search,easy,search interval invariant,6,local_completion,locally_complete,NO_FEEDBACK,Locally complete state should not be interrupted.,200,NO_FEEDBACK,true,UNKNOWN,True,3,0,253,301,logic block,1,
25,RULE,1,501005,305,merge-sorted-array,Merge Sorted Array,easy,array index management,1,syntax,missing_statement_ending,CODE_HIGHLIGHT,First syntax error should be localized before giving a concept explanation.,200,CODE_HIGHLIGHT,true,SYNTAX_ERROR,False,0,0,48,76,statement ending,1,
26,RULE,1,501005,305,merge-sorted-array,Merge Sorted Array,easy,array index management,2,planning,unfinished_implementation,GUIDING_QUESTION,Unfinished code should prompt the student to state the next step.,200,GUIDING_QUESTION,true,STUCK_NO_PROGRESS,True,0,3,253,297,unfinished implementation,2,
27,RULE,1,501005,305,merge-sorted-array,Merge Sorted Array,easy,array index management,3,first_conceptual_error,off_by_one_first,CODE_HIGHLIGHT,First substantial mistake should receive the least sufficient intervention.,200,CODE_HIGHLIGHT,true,OFF_BY_ONE,True,1,2,251,308,for loop condition,1,
28,RULE,1,501005,305,merge-sorted-array,Merge Sorted Array,easy,array index management,4,repeated_conceptual_error,off_by_one_repeat,CONCEPTUAL_HINT,Repeated mistake should move from location cue to conceptual support.,200,CONCEPTUAL_HINT,true,OFF_BY_ONE,True,1,2,258,311,for loop condition,1,
29,RULE,1,501005,305,merge-sorted-array,Merge Sorted Array,easy,array index management,5,partial_logic,partial_but_compiling,CONCEPTUAL_HINT,Compiling but incomplete logic should receive a compact conceptual nudge.,200,CONCEPTUAL_HINT,true,UNKNOWN,True,1,2,246,294,logic block,1,
30,RULE,1,501005,305,merge-sorted-array,Merge Sorted Array,easy,array index management,6,local_completion,locally_complete,NO_FEEDBACK,Locally complete state should not be interrupted.,200,NO_FEEDBACK,true,UNKNOWN,True,3,0,248,276,logic block,1,
31,RULE,1,501006,306,trapping-rain-water,Trapping Rain Water,hard,two pointers and running maxima,1,syntax,missing_statement_ending,CODE_HIGHLIGHT,First syntax error should be localized before giving a concept explanation.,200,CODE_HIGHLIGHT,true,SYNTAX_ERROR,False,0,0,46,96,statement ending,1,
32,RULE,1,501006,306,trapping-rain-water,Trapping Rain Water,hard,two pointers and running maxima,2,planning,unfinished_implementation,GUIDING_QUESTION,Unfinished code should prompt the student to state the next step.,200,GUIDING_QUESTION,true,STUCK_NO_PROGRESS,True,0,3,260,300,unfinished implementation,2,
33,RULE,1,501006,306,trapping-rain-water,Trapping Rain Water,hard,two pointers and running maxima,3,first_conceptual_error,wrong_condition_first,CONCEPTUAL_HINT,First substantial mistake should receive the least sufficient intervention.,200,CONCEPTUAL_HINT,true,WRONG_CONDITION,True,1,2,261,307,while condition,1,
34,RULE,1,501006,306,trapping-rain-water,Trapping Rain Water,hard,two pointers and running maxima,4,repeated_conceptual_error,wrong_condition_repeat,CONCEPTUAL_HINT,Repeated mistake should move from location cue to conceptual support.,200,CONCEPTUAL_HINT,true,WRONG_CONDITION,True,1,2,262,310,while condition,1,
35,RULE,1,501006,306,trapping-rain-water,Trapping Rain Water,hard,two pointers and running maxima,5,partial_logic,partial_but_compiling,CONCEPTUAL_HINT,Compiling but incomplete logic should receive a compact conceptual nudge.,200,CONCEPTUAL_HINT,true,UNKNOWN,True,1,2,246,288,logic block,1,
36,RULE,1,501006,306,trapping-rain-water,Trapping Rain Water,hard,two pointers and running maxima,6,local_completion,locally_complete,NO_FEEDBACK,Locally complete state should not be interrupted.,200,CONCEPTUAL_HINT,false,UNKNOWN,True,1,2,255,308,logic block,1,
37,RULE,1,501007,307,lru-cache,LRU Cache,medium,state update and eviction policy,1,syntax,missing_statement_ending,CODE_HIGHLIGHT,First syntax error should be localized before giving a concept explanation.,200,CODE_HIGHLIGHT,true,SYNTAX_ERROR,False,0,0,49,98,statement ending,1,
38,RULE,1,501007,307,lru-cache,LRU Cache,medium,state update and eviction policy,2,planning,unfinished_implementation,GUIDING_QUESTION,Unfinished code should prompt the student to state the next step.,200,GUIDING_QUESTION,true,STUCK_NO_PROGRESS,True,0,3,249,293,unfinished implementation,2,
39,RULE,1,501007,307,lru-cache,LRU Cache,medium,state update and eviction policy,3,first_conceptual_error,unknown_logic_first,CONCEPTUAL_HINT,First substantial mistake should receive the least sufficient intervention.,200,NO_FEEDBACK,false,UNKNOWN,True,3,0,244,269,logic block,1,
40,RULE,1,501007,307,lru-cache,LRU Cache,medium,state update and eviction policy,4,repeated_conceptual_error,unknown_logic_repeat,CONCEPTUAL_HINT,Repeated mistake should move from location cue to conceptual support.,200,NO_FEEDBACK,false,UNKNOWN,True,3,0,252,274,logic block,1,
41,RULE,1,501007,307,lru-cache,LRU Cache,medium,state update and eviction policy,5,partial_logic,partial_but_compiling,CONCEPTUAL_HINT,Compiling but incomplete logic should receive a compact conceptual nudge.,200,CONCEPTUAL_HINT,true,UNKNOWN,True,1,2,249,304,logic block,1,
42,RULE,1,501007,307,lru-cache,LRU Cache,medium,state update and eviction policy,6,local_completion,locally_complete,NO_FEEDBACK,Locally complete state should not be interrupted.,200,CONCEPTUAL_HINT,false,UNKNOWN,True,3,0,248,288,logic block,1,
43,RULE,1,501008,308,longest-substring,Longest Substring Without Repeating Characters,medium,sliding window invariant,1,syntax,missing_statement_ending,CODE_HIGHLIGHT,First syntax error should be localized before giving a concept explanation.,200,CODE_HIGHLIGHT,true,SYNTAX_ERROR,False,0,0,54,100,statement ending,1,
44,RULE,1,501008,308,longest-substring,Longest Substring Without Repeating Characters,medium,sliding window invariant,2,planning,unfinished_implementation,GUIDING_QUESTION,Unfinished code should prompt the student to state the next step.,200,GUIDING_QUESTION,true,STUCK_NO_PROGRESS,True,0,3,296,320,unfinished implementation,2,
45,RULE,1,501008,308,longest-substring,Longest Substring Without Repeating Characters,medium,sliding window invariant,3,first_conceptual_error,off_by_one_first,CODE_HIGHLIGHT,First substantial mistake should receive the least sufficient intervention.,200,CODE_HIGHLIGHT,true,OFF_BY_ONE,True,1,2,275,327,for loop condition,1,
46,RULE,1,501008,308,longest-substring,Longest Substring Without Repeating Characters,medium,sliding window invariant,4,repeated_conceptual_error,off_by_one_repeat,CONCEPTUAL_HINT,Repeated mistake should move from location cue to conceptual support.,200,CONCEPTUAL_HINT,true,OFF_BY_ONE,True,1,2,245,290,for loop condition,1,
47,RULE,1,501008,308,longest-substring,Longest Substring Without Repeating Characters,medium,sliding window invariant,5,partial_logic,partial_but_compiling,CONCEPTUAL_HINT,Compiling but incomplete logic should receive a compact conceptual nudge.,200,CONCEPTUAL_HINT,true,UNKNOWN,True,1,2,243,296,logic block,1,
48,RULE,1,501008,308,longest-substring,Longest Substring Without Repeating Characters,medium,sliding window invariant,6,local_completion,locally_complete,NO_FEEDBACK,Locally complete state should not be interrupted.,200,NO_FEEDBACK,true,UNKNOWN,True,3,0,257,304,logic block,1,
49,RULE,1,501009,309,reverse-linked-list,Reverse Linked List,easy,pointer update order,1,syntax,missing_statement_ending,CODE_HIGHLIGHT,First syntax error should be localized before giving a concept explanation.,200,CODE_HIGHLIGHT,true,SYNTAX_ERROR,False,0,0,50,99,statement ending,1,
50,RULE,1,501009,309,reverse-linked-list,Reverse Linked List,easy,pointer update order,2,planning,unfinished_implementation,GUIDING_QUESTION,Unfinished code should prompt the student to state the next step.,200,GUIDING_QUESTION,true,STUCK_NO_PROGRESS,True,0,3,260,299,unfinished implementation,2,
51,RULE,1,501009,309,reverse-linked-list,Reverse Linked List,easy,pointer update order,3,first_conceptual_error,wrong_condition_first,CONCEPTUAL_HINT,First substantial mistake should receive the least sufficient intervention.,200,CONCEPTUAL_HINT,true,WRONG_CONDITION,True,1,2,253,302,while condition,1,
52,RULE,1,501009,309,reverse-linked-list,Reverse Linked List,easy,pointer update order,4,repeated_conceptual_error,wrong_condition_repeat,CONCEPTUAL_HINT,Repeated mistake should move from location cue to conceptual support.,200,CONCEPTUAL_HINT,true,WRONG_CONDITION,True,1,2,273,320,while condition,1,
53,RULE,1,501009,309,reverse-linked-list,Reverse Linked List,easy,pointer update order,5,partial_logic,partial_but_compiling,CONCEPTUAL_HINT,Compiling but incomplete logic should receive a compact conceptual nudge.,200,CONCEPTUAL_HINT,true,UNKNOWN,True,1,2,300,341,logic block,1,
54,RULE,1,501009,309,reverse-linked-list,Reverse Linked List,easy,pointer update order,6,local_completion,locally_complete,NO_FEEDBACK,Locally complete state should not be interrupted.,200,NO_FEEDBACK,true,UNKNOWN,True,3,0,275,323,logic block,1,
55,RULE,1,501010,310,matrix-diagonal-sum,Matrix Diagonal Sum,easy,nested indexing and double counting,1,syntax,missing_statement_ending,CODE_HIGHLIGHT,First syntax error should be localized before giving a concept explanation.,200,CODE_HIGHLIGHT,true,SYNTAX_ERROR,False,0,0,48,74,statement ending,1,
56,RULE,1,501010,310,matrix-diagonal-sum,Matrix Diagonal Sum,easy,nested indexing and double counting,2,planning,unfinished_implementation,GUIDING_QUESTION,Unfinished code should prompt the student to state the next step.,200,GUIDING_QUESTION,true,STUCK_NO_PROGRESS,True,0,3,252,290,unfinished implementation,2,
57,RULE,1,501010,310,matrix-diagonal-sum,Matrix Diagonal Sum,easy,nested indexing and double counting,3,first_conceptual_error,off_by_one_first,CODE_HIGHLIGHT,First substantial mistake should receive the least sufficient intervention.,200,CODE_HIGHLIGHT,true,OFF_BY_ONE,True,1,2,252,291,for loop condition,1,
58,RULE,1,501010,310,matrix-diagonal-sum,Matrix Diagonal Sum,easy,nested indexing and double counting,4,repeated_conceptual_error,off_by_one_repeat,CONCEPTUAL_HINT,Repeated mistake should move from location cue to conceptual support.,200,CONCEPTUAL_HINT,true,OFF_BY_ONE,True,1,2,246,296,for loop condition,1,
59,RULE,1,501010,310,matrix-diagonal-sum,Matrix Diagonal Sum,easy,nested indexing and double counting,5,partial_logic,partial_but_compiling,CONCEPTUAL_HINT,Compiling but incomplete logic should receive a compact conceptual nudge.,200,CONCEPTUAL_HINT,true,UNKNOWN,True,1,2,248,289,logic block,1,
60,RULE,1,501010,310,matrix-diagonal-sum,Matrix Diagonal Sum,easy,nested indexing and double counting,6,local_completion,locally_complete,NO_FEEDBACK,Locally complete state should not be interrupted.,200,NO_FEEDBACK,true,UNKNOWN,True,3,0,256,301,logic block,1,
61,RULE,1,501011,311,roman-to-integer,Roman to Integer,easy,lookahead condition,1,syntax,missing_statement_ending,CODE_HIGHLIGHT,First syntax error should be localized before giving a concept explanation.,200,CODE_HIGHLIGHT,true,SYNTAX_ERROR,False,0,0,48,87,statement ending,1,
62,RULE,1,501011,311,roman-to-integer,Roman to Integer,easy,lookahead condition,2,planning,unfinished_implementation,GUIDING_QUESTION,Unfinished code should prompt the student to state the next step.,200,GUIDING_QUESTION,true,STUCK_NO_PROGRESS,True,0,3,245,292,unfinished implementation,2,
63,RULE,1,501011,311,roman-to-integer,Roman to Integer,easy,lookahead condition,3,first_conceptual_error,off_by_one_first,CODE_HIGHLIGHT,First substantial mistake should receive the least sufficient intervention.,200,CODE_HIGHLIGHT,true,OFF_BY_ONE,True,1,2,249,273,for loop condition,1,
64,RULE,1,501011,311,roman-to-integer,Roman to Integer,easy,lookahead condition,4,repeated_conceptual_error,off_by_one_repeat,CONCEPTUAL_HINT,Repeated mistake should move from location cue to conceptual support.,200,CONCEPTUAL_HINT,true,OFF_BY_ONE,True,1,2,250,305,for loop condition,1,
65,RULE,1,501011,311,roman-to-integer,Roman to Integer,easy,lookahead condition,5,partial_logic,partial_but_compiling,CONCEPTUAL_HINT,Compiling but incomplete logic should receive a compact conceptual nudge.,200,CONCEPTUAL_HINT,true,UNKNOWN,True,1,2,252,294,logic block,1,
66,RULE,1,501011,311,roman-to-integer,Roman to Integer,easy,lookahead condition,6,local_completion,locally_complete,NO_FEEDBACK,Locally complete state should not be interrupted.,200,NO_FEEDBACK,true,UNKNOWN,True,3,0,248,283,logic block,1,
67,RULE,1,501012,312,climbing-stairs,Climbing Stairs,easy,base cases and recurrence,1,syntax,missing_statement_ending,CODE_HIGHLIGHT,First syntax error should be localized before giving a concept explanation.,200,CODE_HIGHLIGHT,true,SYNTAX_ERROR,False,0,0,49,97,statement ending,1,
68,RULE,1,501012,312,climbing-stairs,Climbing Stairs,easy,base cases and recurrence,2,planning,unfinished_implementation,GUIDING_QUESTION,Unfinished code should prompt the student to state the next step.,200,GUIDING_QUESTION,true,STUCK_NO_PROGRESS,True,0,3,244,267,unfinished implementation,2,
69,RULE,1,501012,312,climbing-stairs,Climbing Stairs,easy,base cases and recurrence,3,first_conceptual_error,wrong_condition_first,CONCEPTUAL_HINT,First substantial mistake should receive the least sufficient intervention.,200,CONCEPTUAL_HINT,true,WRONG_CONDITION,True,1,2,257,293,while condition,1,
70,RULE,1,501012,312,climbing-stairs,Climbing Stairs,easy,base cases and recurrence,4,repeated_conceptual_error,wrong_condition_repeat,CONCEPTUAL_HINT,Repeated mistake should move from location cue to conceptual support.,200,CONCEPTUAL_HINT,true,WRONG_CONDITION,True,1,2,259,291,while condition,1,
71,RULE,1,501012,312,climbing-stairs,Climbing Stairs,easy,base cases and recurrence,5,partial_logic,partial_but_compiling,CONCEPTUAL_HINT,Compiling but incomplete logic should receive a compact conceptual nudge.,200,CONCEPTUAL_HINT,true,UNKNOWN,True,1,2,248,281,logic block,1,
72,RULE,1,501012,312,climbing-stairs,Climbing Stairs,easy,base cases and recurrence,6,local_completion,locally_complete,NO_FEEDBACK,Locally complete state should not be interrupted.,200,CODE_HIGHLIGHT,false,OFF_BY_ONE,True,1,2,254,300,for loop condition,1,
73,RULE,2,502001,301,palindrome,Valid Palindrome,easy,two pointers and string normalization,1,syntax,missing_statement_ending,CODE_HIGHLIGHT,First syntax error should be localized before giving a concept explanation.,200,CODE_HIGHLIGHT,true,SYNTAX_ERROR,False,0,0,46,86,statement ending,1,
74,RULE,2,502001,301,palindrome,Valid Palindrome,easy,two pointers and string normalization,2,planning,unfinished_implementation,GUIDING_QUESTION,Unfinished code should prompt the student to state the next step.,200,GUIDING_QUESTION,true,STUCK_NO_PROGRESS,True,0,3,253,295,unfinished implementation,2,
75,RULE,2,502001,301,palindrome,Valid Palindrome,easy,two pointers and string normalization,3,first_conceptual_error,possible_null_access_first,CODE_HIGHLIGHT,First substantial mistake should receive the least sufficient intervention.,200,CODE_HIGHLIGHT,true,POSSIBLE_NULL_ACCESS,True,3,0,254,295,missing null or empty guard,1,
76,RULE,2,502001,301,palindrome,Valid Palindrome,easy,two pointers and string normalization,4,repeated_conceptual_error,possible_null_access_repeat,CONCEPTUAL_HINT,Repeated mistake should move from location cue to conceptual support.,200,CONCEPTUAL_HINT,true,POSSIBLE_NULL_ACCESS,True,3,0,375,418,missing null or empty guard,1,
77,RULE,2,502001,301,palindrome,Valid Palindrome,easy,two pointers and string normalization,5,partial_logic,partial_but_compiling,CONCEPTUAL_HINT,Compiling but incomplete logic should receive a compact conceptual nudge.,200,CONCEPTUAL_HINT,true,UNKNOWN,True,1,2,244,269,logic block,1,
78,RULE,2,502001,301,palindrome,Valid Palindrome,easy,two pointers and string normalization,6,local_completion,locally_complete,NO_FEEDBACK,Locally complete state should not be interrupted.,200,CONCEPTUAL_HINT,false,WRONG_CONDITION,True,1,2,247,286,while condition,1,
79,RULE,2,502002,302,two-sum,Two Sum,easy,hash map lookup and pair search,1,syntax,missing_statement_ending,CODE_HIGHLIGHT,First syntax error should be localized before giving a concept explanation.,200,CODE_HIGHLIGHT,true,SYNTAX_ERROR,False,0,0,47,70,statement ending,1,
80,RULE,2,502002,302,two-sum,Two Sum,easy,hash map lookup and pair search,2,planning,unfinished_implementation,GUIDING_QUESTION,Unfinished code should prompt the student to state the next step.,200,GUIDING_QUESTION,true,STUCK_NO_PROGRESS,True,0,3,253,292,unfinished implementation,2,
81,RULE,2,502002,302,two-sum,Two Sum,easy,hash map lookup and pair search,3,first_conceptual_error,off_by_one_first,CODE_HIGHLIGHT,First substantial mistake should receive the least sufficient intervention.,200,CODE_HIGHLIGHT,true,OFF_BY_ONE,True,1,2,277,324,for loop condition,1,
82,RULE,2,502002,302,two-sum,Two Sum,easy,hash map lookup and pair search,4,repeated_conceptual_error,off_by_one_repeat,CONCEPTUAL_HINT,Repeated mistake should move from location cue to conceptual support.,200,CONCEPTUAL_HINT,true,OFF_BY_ONE,True,1,2,266,308,for loop condition,1,
83,RULE,2,502002,302,two-sum,Two Sum,easy,hash map lookup and pair search,5,partial_logic,partial_but_compiling,CONCEPTUAL_HINT,Compiling but incomplete logic should receive a compact conceptual nudge.,200,CONCEPTUAL_HINT,true,UNKNOWN,True,1,2,249,293,logic block,1,
84,RULE,2,502002,302,two-sum,Two Sum,easy,hash map lookup and pair search,6,local_completion,locally_complete,NO_FEEDBACK,Locally complete state should not be interrupted.,200,NO_FEEDBACK,true,UNKNOWN,True,3,0,244,271,logic block,1,
85,RULE,2,502003,303,valid-parentheses,Valid Parentheses,easy,stack state and matching brackets,1,syntax,missing_statement_ending,CODE_HIGHLIGHT,First syntax error should be localized before giving a concept explanation.,200,CODE_HIGHLIGHT,true,SYNTAX_ERROR,False,0,0,53,93,statement ending,1,
86,RULE,2,502003,303,valid-parentheses,Valid Parentheses,easy,stack state and matching brackets,2,planning,unfinished_implementation,GUIDING_QUESTION,Unfinished code should prompt the student to state the next step.,200,GUIDING_QUESTION,true,STUCK_NO_PROGRESS,True,0,3,248,287,unfinished implementation,2,
87,RULE,2,502003,303,valid-parentheses,Valid Parentheses,easy,stack state and matching brackets,3,first_conceptual_error,possible_null_access_first,CODE_HIGHLIGHT,First substantial mistake should receive the least sufficient intervention.,200,NO_FEEDBACK,false,UNKNOWN,True,3,0,255,276,logic block,1,
88,RULE,2,502003,303,valid-parentheses,Valid Parentheses,easy,stack state and matching brackets,4,repeated_conceptual_error,possible_null_access_repeat,CONCEPTUAL_HINT,Repeated mistake should move from location cue to conceptual support.,200,NO_FEEDBACK,false,UNKNOWN,True,3,0,257,301,logic block,1,
89,RULE,2,502003,303,valid-parentheses,Valid Parentheses,easy,stack state and matching brackets,5,partial_logic,partial_but_compiling,CONCEPTUAL_HINT,Compiling but incomplete logic should receive a compact conceptual nudge.,200,CONCEPTUAL_HINT,true,UNKNOWN,True,1,2,263,303,logic block,1,
90,RULE,2,502003,303,valid-parentheses,Valid Parentheses,easy,stack state and matching brackets,6,local_completion,locally_complete,NO_FEEDBACK,Locally complete state should not be interrupted.,200,CONCEPTUAL_HINT,false,UNKNOWN,True,3,0,248,286,logic block,1,
91,RULE,2,502004,304,binary-search,Binary Search,easy,search interval invariant,1,syntax,missing_statement_ending,CODE_HIGHLIGHT,First syntax error should be localized before giving a concept explanation.,200,CODE_HIGHLIGHT,true,SYNTAX_ERROR,False,0,0,48,71,statement ending,1,
92,RULE,2,502004,304,binary-search,Binary Search,easy,search interval invariant,2,planning,unfinished_implementation,GUIDING_QUESTION,Unfinished code should prompt the student to state the next step.,200,GUIDING_QUESTION,true,STUCK_NO_PROGRESS,True,0,3,260,296,unfinished implementation,2,
93,RULE,2,502004,304,binary-search,Binary Search,easy,search interval invariant,3,first_conceptual_error,wrong_loop_boundary_first,CODE_HIGHLIGHT,First substantial mistake should receive the least sufficient intervention.,200,CODE_HIGHLIGHT,true,WRONG_LOOP_BOUNDARY,True,1,2,261,296,binary search loop boundary,1,
94,RULE,2,502004,304,binary-search,Binary Search,easy,search interval invariant,4,repeated_conceptual_error,wrong_loop_boundary_repeat,CONCEPTUAL_HINT,Repeated mistake should move from location cue to conceptual support.,200,CONCEPTUAL_HINT,true,WRONG_LOOP_BOUNDARY,True,1,2,245,293,binary search loop boundary,1,
95,RULE,2,502004,304,binary-search,Binary Search,easy,search interval invariant,5,partial_logic,partial_but_compiling,CONCEPTUAL_HINT,Compiling but incomplete logic should receive a compact conceptual nudge.,200,CONCEPTUAL_HINT,true,UNKNOWN,True,1,2,252,298,logic block,1,
96,RULE,2,502004,304,binary-search,Binary Search,easy,search interval invariant,6,local_completion,locally_complete,NO_FEEDBACK,Locally complete state should not be interrupted.,200,NO_FEEDBACK,true,UNKNOWN,True,3,0,251,289,logic block,1,
97,RULE,2,502005,305,merge-sorted-array,Merge Sorted Array,easy,array index management,1,syntax,missing_statement_ending,CODE_HIGHLIGHT,First syntax error should be localized before giving a concept explanation.,200,CODE_HIGHLIGHT,true,SYNTAX_ERROR,False,0,0,48,84,statement ending,1,
98,RULE,2,502005,305,merge-sorted-array,Merge Sorted Array,easy,array index management,2,planning,unfinished_implementation,GUIDING_QUESTION,Unfinished code should prompt the student to state the next step.,200,GUIDING_QUESTION,true,STUCK_NO_PROGRESS,True,0,3,259,299,unfinished implementation,2,
99,RULE,2,502005,305,merge-sorted-array,Merge Sorted Array,easy,array index management,3,first_conceptual_error,off_by_one_first,CODE_HIGHLIGHT,First substantial mistake should receive the least sufficient intervention.,200,CODE_HIGHLIGHT,true,OFF_BY_ONE,True,1,2,254,301,for loop condition,1,
100,RULE,2,502005,305,merge-sorted-array,Merge Sorted Array,easy,array index management,4,repeated_conceptual_error,off_by_one_repeat,CONCEPTUAL_HINT,Repeated mistake should move from location cue to conceptual support.,200,CONCEPTUAL_HINT,true,OFF_BY_ONE,True,1,2,245,269,for loop condition,1,
101,RULE,2,502005,305,merge-sorted-array,Merge Sorted Array,easy,array index management,5,partial_logic,partial_but_compiling,CONCEPTUAL_HINT,Compiling but incomplete logic should receive a compact conceptual nudge.,200,CONCEPTUAL_HINT,true,UNKNOWN,True,1,2,256,292,logic block,1,
102,RULE,2,502005,305,merge-sorted-array,Merge Sorted Array,easy,array index management,6,local_completion,locally_complete,NO_FEEDBACK,Locally complete state should not be interrupted.,200,NO_FEEDBACK,true,UNKNOWN,True,3,0,251,292,logic block,1,
103,RULE,2,502006,306,trapping-rain-water,Trapping Rain Water,hard,two pointers and running maxima,1,syntax,missing_statement_ending,CODE_HIGHLIGHT,First syntax error should be localized before giving a concept explanation.,200,CODE_HIGHLIGHT,true,SYNTAX_ERROR,False,0,0,48,92,statement ending,1,
104,RULE,2,502006,306,trapping-rain-water,Trapping Rain Water,hard,two pointers and running maxima,2,planning,unfinished_implementation,GUIDING_QUESTION,Unfinished code should prompt the student to state the next step.,200,GUIDING_QUESTION,true,STUCK_NO_PROGRESS,True,0,3,256,277,unfinished implementation,2,
105,RULE,2,502006,306,trapping-rain-water,Trapping Rain Water,hard,two pointers and running maxima,3,first_conceptual_error,wrong_condition_first,CONCEPTUAL_HINT,First substantial mistake should receive the least sufficient intervention.,200,CONCEPTUAL_HINT,true,WRONG_CONDITION,True,1,2,248,281,while condition,1,
106,RULE,2,502006,306,trapping-rain-water,Trapping Rain Water,hard,two pointers and running maxima,4,repeated_conceptual_error,wrong_condition_repeat,CONCEPTUAL_HINT,Repeated mistake should move from location cue to conceptual support.,200,CONCEPTUAL_HINT,true,WRONG_CONDITION,True,1,2,252,275,while condition,1,
107,RULE,2,502006,306,trapping-rain-water,Trapping Rain Water,hard,two pointers and running maxima,5,partial_logic,partial_but_compiling,CONCEPTUAL_HINT,Compiling but incomplete logic should receive a compact conceptual nudge.,200,CONCEPTUAL_HINT,true,UNKNOWN,True,1,2,285,334,logic block,1,
108,RULE,2,502006,306,trapping-rain-water,Trapping Rain Water,hard,two pointers and running maxima,6,local_completion,locally_complete,NO_FEEDBACK,Locally complete state should not be interrupted.,200,CONCEPTUAL_HINT,false,UNKNOWN,True,1,2,275,315,logic block,1,
109,RULE,2,502007,307,lru-cache,LRU Cache,medium,state update and eviction policy,1,syntax,missing_statement_ending,CODE_HIGHLIGHT,First syntax error should be localized before giving a concept explanation.,200,CODE_HIGHLIGHT,true,SYNTAX_ERROR,False,0,0,50,86,statement ending,1,
110,RULE,2,502007,307,lru-cache,LRU Cache,medium,state update and eviction policy,2,planning,unfinished_implementation,GUIDING_QUESTION,Unfinished code should prompt the student to state the next step.,200,GUIDING_QUESTION,true,STUCK_NO_PROGRESS,True,0,3,259,282,unfinished implementation,2,
111,RULE,2,502007,307,lru-cache,LRU Cache,medium,state update and eviction policy,3,first_conceptual_error,unknown_logic_first,CONCEPTUAL_HINT,First substantial mistake should receive the least sufficient intervention.,200,NO_FEEDBACK,false,UNKNOWN,True,3,0,249,293,logic block,1,
112,RULE,2,502007,307,lru-cache,LRU Cache,medium,state update and eviction policy,4,repeated_conceptual_error,unknown_logic_repeat,CONCEPTUAL_HINT,Repeated mistake should move from location cue to conceptual support.,200,NO_FEEDBACK,false,UNKNOWN,True,3,0,241,275,logic block,1,
113,RULE,2,502007,307,lru-cache,LRU Cache,medium,state update and eviction policy,5,partial_logic,partial_but_compiling,CONCEPTUAL_HINT,Compiling but incomplete logic should receive a compact conceptual nudge.,200,CONCEPTUAL_HINT,true,UNKNOWN,True,1,2,246,280,logic block,1,
114,RULE,2,502007,307,lru-cache,LRU Cache,medium,state update and eviction policy,6,local_completion,locally_complete,NO_FEEDBACK,Locally complete state should not be interrupted.,200,CONCEPTUAL_HINT,false,UNKNOWN,True,3,0,268,314,logic block,1,
115,RULE,2,502008,308,longest-substring,Longest Substring Without Repeating Characters,medium,sliding window invariant,1,syntax,missing_statement_ending,CODE_HIGHLIGHT,First syntax error should be localized before giving a concept explanation.,200,CODE_HIGHLIGHT,true,SYNTAX_ERROR,False,0,0,48,88,statement ending,1,
116,RULE,2,502008,308,longest-substring,Longest Substring Without Repeating Characters,medium,sliding window invariant,2,planning,unfinished_implementation,GUIDING_QUESTION,Unfinished code should prompt the student to state the next step.,200,GUIDING_QUESTION,true,STUCK_NO_PROGRESS,True,0,3,241,288,unfinished implementation,2,
117,RULE,2,502008,308,longest-substring,Longest Substring Without Repeating Characters,medium,sliding window invariant,3,first_conceptual_error,off_by_one_first,CODE_HIGHLIGHT,First substantial mistake should receive the least sufficient intervention.,200,CODE_HIGHLIGHT,true,OFF_BY_ONE,True,1,2,241,274,for loop condition,1,
118,RULE,2,502008,308,longest-substring,Longest Substring Without Repeating Characters,medium,sliding window invariant,4,repeated_conceptual_error,off_by_one_repeat,CONCEPTUAL_HINT,Repeated mistake should move from location cue to conceptual support.,200,CONCEPTUAL_HINT,true,OFF_BY_ONE,True,1,2,253,287,for loop condition,1,
119,RULE,2,502008,308,longest-substring,Longest Substring Without Repeating Characters,medium,sliding window invariant,5,partial_logic,partial_but_compiling,CONCEPTUAL_HINT,Compiling but incomplete logic should receive a compact conceptual nudge.,200,CONCEPTUAL_HINT,true,UNKNOWN,True,1,2,246,287,logic block,1,
120,RULE,2,502008,308,longest-substring,Longest Substring Without Repeating Characters,medium,sliding window invariant,6,local_completion,locally_complete,NO_FEEDBACK,Locally complete state should not be interrupted.,200,NO_FEEDBACK,true,UNKNOWN,True,3,0,281,324,logic block,1,
121,RULE,2,502009,309,reverse-linked-list,Reverse Linked List,easy,pointer update order,1,syntax,missing_statement_ending,CODE_HIGHLIGHT,First syntax error should be localized before giving a concept explanation.,200,CODE_HIGHLIGHT,true,SYNTAX_ERROR,False,0,0,52,74,statement ending,1,
122,RULE,2,502009,309,reverse-linked-list,Reverse Linked List,easy,pointer update order,2,planning,unfinished_implementation,GUIDING_QUESTION,Unfinished code should prompt the student to state the next step.,200,GUIDING_QUESTION,true,STUCK_NO_PROGRESS,True,0,3,250,293,unfinished implementation,2,
123,RULE,2,502009,309,reverse-linked-list,Reverse Linked List,easy,pointer update order,3,first_conceptual_error,wrong_condition_first,CONCEPTUAL_HINT,First substantial mistake should receive the least sufficient intervention.,200,CONCEPTUAL_HINT,true,WRONG_CONDITION,True,1,2,250,288,while condition,1,
124,RULE,2,502009,309,reverse-linked-list,Reverse Linked List,easy,pointer update order,4,repeated_conceptual_error,wrong_condition_repeat,CONCEPTUAL_HINT,Repeated mistake should move from location cue to conceptual support.,200,CONCEPTUAL_HINT,true,WRONG_CONDITION,True,1,2,247,287,while condition,1,
125,RULE,2,502009,309,reverse-linked-list,Reverse Linked List,easy,pointer update order,5,partial_logic,partial_but_compiling,CONCEPTUAL_HINT,Compiling but incomplete logic should receive a compact conceptual nudge.,200,CONCEPTUAL_HINT,true,UNKNOWN,True,1,2,249,272,logic block,1,
126,RULE,2,502009,309,reverse-linked-list,Reverse Linked List,easy,pointer update order,6,local_completion,locally_complete,NO_FEEDBACK,Locally complete state should not be interrupted.,200,NO_FEEDBACK,true,UNKNOWN,True,3,0,246,286,logic block,1,
127,RULE,2,502010,310,matrix-diagonal-sum,Matrix Diagonal Sum,easy,nested indexing and double counting,1,syntax,missing_statement_ending,CODE_HIGHLIGHT,First syntax error should be localized before giving a concept explanation.,200,CODE_HIGHLIGHT,true,SYNTAX_ERROR,False,0,0,53,79,statement ending,1,
128,RULE,2,502010,310,matrix-diagonal-sum,Matrix Diagonal Sum,easy,nested indexing and double counting,2,planning,unfinished_implementation,GUIDING_QUESTION,Unfinished code should prompt the student to state the next step.,200,GUIDING_QUESTION,true,STUCK_NO_PROGRESS,True,0,3,254,298,unfinished implementation,2,
129,RULE,2,502010,310,matrix-diagonal-sum,Matrix Diagonal Sum,easy,nested indexing and double counting,3,first_conceptual_error,off_by_one_first,CODE_HIGHLIGHT,First substantial mistake should receive the least sufficient intervention.,200,CODE_HIGHLIGHT,true,OFF_BY_ONE,True,1,2,252,295,for loop condition,1,
130,RULE,2,502010,310,matrix-diagonal-sum,Matrix Diagonal Sum,easy,nested indexing and double counting,4,repeated_conceptual_error,off_by_one_repeat,CONCEPTUAL_HINT,Repeated mistake should move from location cue to conceptual support.,200,CONCEPTUAL_HINT,true,OFF_BY_ONE,True,1,2,249,280,for loop condition,1,
131,RULE,2,502010,310,matrix-diagonal-sum,Matrix Diagonal Sum,easy,nested indexing and double counting,5,partial_logic,partial_but_compiling,CONCEPTUAL_HINT,Compiling but incomplete logic should receive a compact conceptual nudge.,200,CONCEPTUAL_HINT,true,UNKNOWN,True,1,2,247,280,logic block,1,
132,RULE,2,502010,310,matrix-diagonal-sum,Matrix Diagonal Sum,easy,nested indexing and double counting,6,local_completion,locally_complete,NO_FEEDBACK,Locally complete state should not be interrupted.,200,NO_FEEDBACK,true,UNKNOWN,True,3,0,253,291,logic block,1,
133,RULE,2,502011,311,roman-to-integer,Roman to Integer,easy,lookahead condition,1,syntax,missing_statement_ending,CODE_HIGHLIGHT,First syntax error should be localized before giving a concept explanation.,200,CODE_HIGHLIGHT,true,SYNTAX_ERROR,False,0,0,49,91,statement ending,1,
134,RULE,2,502011,311,roman-to-integer,Roman to Integer,easy,lookahead condition,2,planning,unfinished_implementation,GUIDING_QUESTION,Unfinished code should prompt the student to state the next step.,200,GUIDING_QUESTION,true,STUCK_NO_PROGRESS,True,0,3,244,277,unfinished implementation,2,
135,RULE,2,502011,311,roman-to-integer,Roman to Integer,easy,lookahead condition,3,first_conceptual_error,off_by_one_first,CODE_HIGHLIGHT,First substantial mistake should receive the least sufficient intervention.,200,CODE_HIGHLIGHT,true,OFF_BY_ONE,True,1,2,245,268,for loop condition,1,
136,RULE,2,502011,311,roman-to-integer,Roman to Integer,easy,lookahead condition,4,repeated_conceptual_error,off_by_one_repeat,CONCEPTUAL_HINT,Repeated mistake should move from location cue to conceptual support.,200,CONCEPTUAL_HINT,true,OFF_BY_ONE,True,1,2,248,284,for loop condition,1,
137,RULE,2,502011,311,roman-to-integer,Roman to Integer,easy,lookahead condition,5,partial_logic,partial_but_compiling,CONCEPTUAL_HINT,Compiling but incomplete logic should receive a compact conceptual nudge.,200,CONCEPTUAL_HINT,true,UNKNOWN,True,1,2,249,289,logic block,1,
138,RULE,2,502011,311,roman-to-integer,Roman to Integer,easy,lookahead condition,6,local_completion,locally_complete,NO_FEEDBACK,Locally complete state should not be interrupted.,200,NO_FEEDBACK,true,UNKNOWN,True,3,0,256,301,logic block,1,
139,RULE,2,502012,312,climbing-stairs,Climbing Stairs,easy,base cases and recurrence,1,syntax,missing_statement_ending,CODE_HIGHLIGHT,First syntax error should be localized before giving a concept explanation.,200,CODE_HIGHLIGHT,true,SYNTAX_ERROR,False,0,0,50,95,statement ending,1,
140,RULE,2,502012,312,climbing-stairs,Climbing Stairs,easy,base cases and recurrence,2,planning,unfinished_implementation,GUIDING_QUESTION,Unfinished code should prompt the student to state the next step.,200,GUIDING_QUESTION,true,STUCK_NO_PROGRESS,True,0,3,255,291,unfinished implementation,2,
141,RULE,2,502012,312,climbing-stairs,Climbing Stairs,easy,base cases and recurrence,3,first_conceptual_error,wrong_condition_first,CONCEPTUAL_HINT,First substantial mistake should receive the least sufficient intervention.,200,CONCEPTUAL_HINT,true,WRONG_CONDITION,True,1,2,244,283,while condition,1,
142,RULE,2,502012,312,climbing-stairs,Climbing Stairs,easy,base cases and recurrence,4,repeated_conceptual_error,wrong_condition_repeat,CONCEPTUAL_HINT,Repeated mistake should move from location cue to conceptual support.,200,CONCEPTUAL_HINT,true,WRONG_CONDITION,True,1,2,249,283,while condition,1,
143,RULE,2,502012,312,climbing-stairs,Climbing Stairs,easy,base cases and recurrence,5,partial_logic,partial_but_compiling,CONCEPTUAL_HINT,Compiling but incomplete logic should receive a compact conceptual nudge.,200,CONCEPTUAL_HINT,true,UNKNOWN,True,1,2,245,284,logic block,1,
144,RULE,2,502012,312,climbing-stairs,Climbing Stairs,easy,base cases and recurrence,6,local_completion,locally_complete,NO_FEEDBACK,Locally complete state should not be interrupted.,200,CODE_HIGHLIGHT,false,OFF_BY_ONE,True,1,2,252,293,for loop condition,1,
145,RULE,3,503001,301,palindrome,Valid Palindrome,easy,two pointers and string normalization,1,syntax,missing_statement_ending,CODE_HIGHLIGHT,First syntax error should be localized before giving a concept explanation.,200,CODE_HIGHLIGHT,true,SYNTAX_ERROR,False,0,0,47,89,statement ending,1,
146,RULE,3,503001,301,palindrome,Valid Palindrome,easy,two pointers and string normalization,2,planning,unfinished_implementation,GUIDING_QUESTION,Unfinished code should prompt the student to state the next step.,200,GUIDING_QUESTION,true,STUCK_NO_PROGRESS,True,0,3,244,279,unfinished implementation,2,
147,RULE,3,503001,301,palindrome,Valid Palindrome,easy,two pointers and string normalization,3,first_conceptual_error,possible_null_access_first,CODE_HIGHLIGHT,First substantial mistake should receive the least sufficient intervention.,200,CODE_HIGHLIGHT,true,POSSIBLE_NULL_ACCESS,True,3,0,252,286,missing null or empty guard,1,
148,RULE,3,503001,301,palindrome,Valid Palindrome,easy,two pointers and string normalization,4,repeated_conceptual_error,possible_null_access_repeat,CONCEPTUAL_HINT,Repeated mistake should move from location cue to conceptual support.,200,CONCEPTUAL_HINT,true,POSSIBLE_NULL_ACCESS,True,3,0,254,297,missing null or empty guard,1,
149,RULE,3,503001,301,palindrome,Valid Palindrome,easy,two pointers and string normalization,5,partial_logic,partial_but_compiling,CONCEPTUAL_HINT,Compiling but incomplete logic should receive a compact conceptual nudge.,200,CONCEPTUAL_HINT,true,UNKNOWN,True,1,2,244,277,logic block,1,
150,RULE,3,503001,301,palindrome,Valid Palindrome,easy,two pointers and string normalization,6,local_completion,locally_complete,NO_FEEDBACK,Locally complete state should not be interrupted.,200,CONCEPTUAL_HINT,false,WRONG_CONDITION,True,1,2,245,278,while condition,1,
151,RULE,3,503002,302,two-sum,Two Sum,easy,hash map lookup and pair search,1,syntax,missing_statement_ending,CODE_HIGHLIGHT,First syntax error should be localized before giving a concept explanation.,200,CODE_HIGHLIGHT,true,SYNTAX_ERROR,False,0,0,48,88,statement ending,1,
152,RULE,3,503002,302,two-sum,Two Sum,easy,hash map lookup and pair search,2,planning,unfinished_implementation,GUIDING_QUESTION,Unfinished code should prompt the student to state the next step.,200,GUIDING_QUESTION,true,STUCK_NO_PROGRESS,True,0,3,243,286,unfinished implementation,2,
153,RULE,3,503002,302,two-sum,Two Sum,easy,hash map lookup and pair search,3,first_conceptual_error,off_by_one_first,CODE_HIGHLIGHT,First substantial mistake should receive the least sufficient intervention.,200,CODE_HIGHLIGHT,true,OFF_BY_ONE,True,1,2,242,288,for loop condition,1,
154,RULE,3,503002,302,two-sum,Two Sum,easy,hash map lookup and pair search,4,repeated_conceptual_error,off_by_one_repeat,CONCEPTUAL_HINT,Repeated mistake should move from location cue to conceptual support.,200,CONCEPTUAL_HINT,true,OFF_BY_ONE,True,1,2,246,284,for loop condition,1,
155,RULE,3,503002,302,two-sum,Two Sum,easy,hash map lookup and pair search,5,partial_logic,partial_but_compiling,CONCEPTUAL_HINT,Compiling but incomplete logic should receive a compact conceptual nudge.,200,CONCEPTUAL_HINT,true,UNKNOWN,True,1,2,246,289,logic block,1,
156,RULE,3,503002,302,two-sum,Two Sum,easy,hash map lookup and pair search,6,local_completion,locally_complete,NO_FEEDBACK,Locally complete state should not be interrupted.,200,NO_FEEDBACK,true,UNKNOWN,True,3,0,246,280,logic block,1,
157,RULE,3,503003,303,valid-parentheses,Valid Parentheses,easy,stack state and matching brackets,1,syntax,missing_statement_ending,CODE_HIGHLIGHT,First syntax error should be localized before giving a concept explanation.,200,CODE_HIGHLIGHT,true,SYNTAX_ERROR,False,0,0,48,70,statement ending,1,
158,RULE,3,503003,303,valid-parentheses,Valid Parentheses,easy,stack state and matching brackets,2,planning,unfinished_implementation,GUIDING_QUESTION,Unfinished code should prompt the student to state the next step.,200,GUIDING_QUESTION,true,STUCK_NO_PROGRESS,True,0,3,247,291,unfinished implementation,2,
159,RULE,3,503003,303,valid-parentheses,Valid Parentheses,easy,stack state and matching brackets,3,first_conceptual_error,possible_null_access_first,CODE_HIGHLIGHT,First substantial mistake should receive the least sufficient intervention.,200,NO_FEEDBACK,false,UNKNOWN,True,3,0,246,283,logic block,1,
160,RULE,3,503003,303,valid-parentheses,Valid Parentheses,easy,stack state and matching brackets,4,repeated_conceptual_error,possible_null_access_repeat,CONCEPTUAL_HINT,Repeated mistake should move from location cue to conceptual support.,200,NO_FEEDBACK,false,UNKNOWN,True,3,0,285,331,logic block,1,
161,RULE,3,503003,303,valid-parentheses,Valid Parentheses,easy,stack state and matching brackets,5,partial_logic,partial_but_compiling,CONCEPTUAL_HINT,Compiling but incomplete logic should receive a compact conceptual nudge.,200,CONCEPTUAL_HINT,true,UNKNOWN,True,1,2,255,300,logic block,1,
162,RULE,3,503003,303,valid-parentheses,Valid Parentheses,easy,stack state and matching brackets,6,local_completion,locally_complete,NO_FEEDBACK,Locally complete state should not be interrupted.,200,CONCEPTUAL_HINT,false,UNKNOWN,True,3,0,243,292,logic block,1,
163,RULE,3,503004,304,binary-search,Binary Search,easy,search interval invariant,1,syntax,missing_statement_ending,CODE_HIGHLIGHT,First syntax error should be localized before giving a concept explanation.,200,CODE_HIGHLIGHT,true,SYNTAX_ERROR,False,0,0,48,82,statement ending,1,
164,RULE,3,503004,304,binary-search,Binary Search,easy,search interval invariant,2,planning,unfinished_implementation,GUIDING_QUESTION,Unfinished code should prompt the student to state the next step.,200,GUIDING_QUESTION,true,STUCK_NO_PROGRESS,True,0,3,249,279,unfinished implementation,2,
165,RULE,3,503004,304,binary-search,Binary Search,easy,search interval invariant,3,first_conceptual_error,wrong_loop_boundary_first,CODE_HIGHLIGHT,First substantial mistake should receive the least sufficient intervention.,200,CODE_HIGHLIGHT,true,WRONG_LOOP_BOUNDARY,True,1,2,255,302,binary search loop boundary,1,
166,RULE,3,503004,304,binary-search,Binary Search,easy,search interval invariant,4,repeated_conceptual_error,wrong_loop_boundary_repeat,CONCEPTUAL_HINT,Repeated mistake should move from location cue to conceptual support.,200,CONCEPTUAL_HINT,true,WRONG_LOOP_BOUNDARY,True,1,2,253,299,binary search loop boundary,1,
167,RULE,3,503004,304,binary-search,Binary Search,easy,search interval invariant,5,partial_logic,partial_but_compiling,CONCEPTUAL_HINT,Compiling but incomplete logic should receive a compact conceptual nudge.,200,CONCEPTUAL_HINT,true,UNKNOWN,True,1,2,250,287,logic block,1,
168,RULE,3,503004,304,binary-search,Binary Search,easy,search interval invariant,6,local_completion,locally_complete,NO_FEEDBACK,Locally complete state should not be interrupted.,200,NO_FEEDBACK,true,UNKNOWN,True,3,0,244,290,logic block,1,
169,RULE,3,503005,305,merge-sorted-array,Merge Sorted Array,easy,array index management,1,syntax,missing_statement_ending,CODE_HIGHLIGHT,First syntax error should be localized before giving a concept explanation.,200,CODE_HIGHLIGHT,true,SYNTAX_ERROR,False,0,0,57,94,statement ending,1,
170,RULE,3,503005,305,merge-sorted-array,Merge Sorted Array,easy,array index management,2,planning,unfinished_implementation,GUIDING_QUESTION,Unfinished code should prompt the student to state the next step.,200,GUIDING_QUESTION,true,STUCK_NO_PROGRESS,True,0,3,257,289,unfinished implementation,2,
171,RULE,3,503005,305,merge-sorted-array,Merge Sorted Array,easy,array index management,3,first_conceptual_error,off_by_one_first,CODE_HIGHLIGHT,First substantial mistake should receive the least sufficient intervention.,200,CODE_HIGHLIGHT,true,OFF_BY_ONE,True,1,2,255,295,for loop condition,1,
172,RULE,3,503005,305,merge-sorted-array,Merge Sorted Array,easy,array index management,4,repeated_conceptual_error,off_by_one_repeat,CONCEPTUAL_HINT,Repeated mistake should move from location cue to conceptual support.,200,CONCEPTUAL_HINT,true,OFF_BY_ONE,True,1,2,241,285,for loop condition,1,
173,RULE,3,503005,305,merge-sorted-array,Merge Sorted Array,easy,array index management,5,partial_logic,partial_but_compiling,CONCEPTUAL_HINT,Compiling but incomplete logic should receive a compact conceptual nudge.,200,CONCEPTUAL_HINT,true,UNKNOWN,True,1,2,247,540,logic block,1,
174,RULE,3,503005,305,merge-sorted-array,Merge Sorted Array,easy,array index management,6,local_completion,locally_complete,NO_FEEDBACK,Locally complete state should not be interrupted.,200,NO_FEEDBACK,true,UNKNOWN,True,3,0,243,290,logic block,1,
175,RULE,3,503006,306,trapping-rain-water,Trapping Rain Water,hard,two pointers and running maxima,1,syntax,missing_statement_ending,CODE_HIGHLIGHT,First syntax error should be localized before giving a concept explanation.,200,CODE_HIGHLIGHT,true,SYNTAX_ERROR,False,0,0,47,79,statement ending,1,
176,RULE,3,503006,306,trapping-rain-water,Trapping Rain Water,hard,two pointers and running maxima,2,planning,unfinished_implementation,GUIDING_QUESTION,Unfinished code should prompt the student to state the next step.,200,GUIDING_QUESTION,true,STUCK_NO_PROGRESS,True,0,3,245,299,unfinished implementation,2,
177,RULE,3,503006,306,trapping-rain-water,Trapping Rain Water,hard,two pointers and running maxima,3,first_conceptual_error,wrong_condition_first,CONCEPTUAL_HINT,First substantial mistake should receive the least sufficient intervention.,200,CONCEPTUAL_HINT,true,WRONG_CONDITION,True,1,2,251,302,while condition,1,
178,RULE,3,503006,306,trapping-rain-water,Trapping Rain Water,hard,two pointers and running maxima,4,repeated_conceptual_error,wrong_condition_repeat,CONCEPTUAL_HINT,Repeated mistake should move from location cue to conceptual support.,200,CONCEPTUAL_HINT,true,WRONG_CONDITION,True,1,2,244,281,while condition,1,
179,RULE,3,503006,306,trapping-rain-water,Trapping Rain Water,hard,two pointers and running maxima,5,partial_logic,partial_but_compiling,CONCEPTUAL_HINT,Compiling but incomplete logic should receive a compact conceptual nudge.,200,CONCEPTUAL_HINT,true,UNKNOWN,True,1,2,243,289,logic block,1,
180,RULE,3,503006,306,trapping-rain-water,Trapping Rain Water,hard,two pointers and running maxima,6,local_completion,locally_complete,NO_FEEDBACK,Locally complete state should not be interrupted.,200,CONCEPTUAL_HINT,false,UNKNOWN,True,1,2,247,278,logic block,1,
181,RULE,3,503007,307,lru-cache,LRU Cache,medium,state update and eviction policy,1,syntax,missing_statement_ending,CODE_HIGHLIGHT,First syntax error should be localized before giving a concept explanation.,200,CODE_HIGHLIGHT,true,SYNTAX_ERROR,False,0,0,48,81,statement ending,1,
182,RULE,3,503007,307,lru-cache,LRU Cache,medium,state update and eviction policy,2,planning,unfinished_implementation,GUIDING_QUESTION,Unfinished code should prompt the student to state the next step.,200,GUIDING_QUESTION,true,STUCK_NO_PROGRESS,True,0,3,245,291,unfinished implementation,2,
183,RULE,3,503007,307,lru-cache,LRU Cache,medium,state update and eviction policy,3,first_conceptual_error,unknown_logic_first,CONCEPTUAL_HINT,First substantial mistake should receive the least sufficient intervention.,200,NO_FEEDBACK,false,UNKNOWN,True,3,0,243,285,logic block,1,
184,RULE,3,503007,307,lru-cache,LRU Cache,medium,state update and eviction policy,4,repeated_conceptual_error,unknown_logic_repeat,CONCEPTUAL_HINT,Repeated mistake should move from location cue to conceptual support.,200,NO_FEEDBACK,false,UNKNOWN,True,3,0,246,282,logic block,1,
185,RULE,3,503007,307,lru-cache,LRU Cache,medium,state update and eviction policy,5,partial_logic,partial_but_compiling,CONCEPTUAL_HINT,Compiling but incomplete logic should receive a compact conceptual nudge.,200,CONCEPTUAL_HINT,true,UNKNOWN,True,1,2,254,299,logic block,1,
186,RULE,3,503007,307,lru-cache,LRU Cache,medium,state update and eviction policy,6,local_completion,locally_complete,NO_FEEDBACK,Locally complete state should not be interrupted.,200,CONCEPTUAL_HINT,false,UNKNOWN,True,3,0,249,290,logic block,1,
187,RULE,3,503008,308,longest-substring,Longest Substring Without Repeating Characters,medium,sliding window invariant,1,syntax,missing_statement_ending,CODE_HIGHLIGHT,First syntax error should be localized before giving a concept explanation.,200,CODE_HIGHLIGHT,true,SYNTAX_ERROR,False,0,0,47,93,statement ending,1,
188,RULE,3,503008,308,longest-substring,Longest Substring Without Repeating Characters,medium,sliding window invariant,2,planning,unfinished_implementation,GUIDING_QUESTION,Unfinished code should prompt the student to state the next step.,200,GUIDING_QUESTION,true,STUCK_NO_PROGRESS,True,0,3,241,285,unfinished implementation,2,
189,RULE,3,503008,308,longest-substring,Longest Substring Without Repeating Characters,medium,sliding window invariant,3,first_conceptual_error,off_by_one_first,CODE_HIGHLIGHT,First substantial mistake should receive the least sufficient intervention.,200,CODE_HIGHLIGHT,true,OFF_BY_ONE,True,1,2,257,294,for loop condition,1,
190,RULE,3,503008,308,longest-substring,Longest Substring Without Repeating Characters,medium,sliding window invariant,4,repeated_conceptual_error,off_by_one_repeat,CONCEPTUAL_HINT,Repeated mistake should move from location cue to conceptual support.,200,CONCEPTUAL_HINT,true,OFF_BY_ONE,True,1,2,247,283,for loop condition,1,
191,RULE,3,503008,308,longest-substring,Longest Substring Without Repeating Characters,medium,sliding window invariant,5,partial_logic,partial_but_compiling,CONCEPTUAL_HINT,Compiling but incomplete logic should receive a compact conceptual nudge.,200,CONCEPTUAL_HINT,true,UNKNOWN,True,1,2,240,277,logic block,1,
192,RULE,3,503008,308,longest-substring,Longest Substring Without Repeating Characters,medium,sliding window invariant,6,local_completion,locally_complete,NO_FEEDBACK,Locally complete state should not be interrupted.,200,NO_FEEDBACK,true,UNKNOWN,True,3,0,244,288,logic block,1,
193,RULE,3,503009,309,reverse-linked-list,Reverse Linked List,easy,pointer update order,1,syntax,missing_statement_ending,CODE_HIGHLIGHT,First syntax error should be localized before giving a concept explanation.,200,CODE_HIGHLIGHT,true,SYNTAX_ERROR,False,0,0,47,95,statement ending,1,
194,RULE,3,503009,309,reverse-linked-list,Reverse Linked List,easy,pointer update order,2,planning,unfinished_implementation,GUIDING_QUESTION,Unfinished code should prompt the student to state the next step.,200,GUIDING_QUESTION,true,STUCK_NO_PROGRESS,True,0,3,259,300,unfinished implementation,2,
195,RULE,3,503009,309,reverse-linked-list,Reverse Linked List,easy,pointer update order,3,first_conceptual_error,wrong_condition_first,CONCEPTUAL_HINT,First substantial mistake should receive the least sufficient intervention.,200,CONCEPTUAL_HINT,true,WRONG_CONDITION,True,1,2,242,275,while condition,1,
196,RULE,3,503009,309,reverse-linked-list,Reverse Linked List,easy,pointer update order,4,repeated_conceptual_error,wrong_condition_repeat,CONCEPTUAL_HINT,Repeated mistake should move from location cue to conceptual support.,200,CONCEPTUAL_HINT,true,WRONG_CONDITION,True,1,2,252,284,while condition,1,
197,RULE,3,503009,309,reverse-linked-list,Reverse Linked List,easy,pointer update order,5,partial_logic,partial_but_compiling,CONCEPTUAL_HINT,Compiling but incomplete logic should receive a compact conceptual nudge.,200,CONCEPTUAL_HINT,true,UNKNOWN,True,1,2,274,315,logic block,1,
198,RULE,3,503009,309,reverse-linked-list,Reverse Linked List,easy,pointer update order,6,local_completion,locally_complete,NO_FEEDBACK,Locally complete state should not be interrupted.,200,NO_FEEDBACK,true,UNKNOWN,True,3,0,270,308,logic block,1,
199,RULE,3,503010,310,matrix-diagonal-sum,Matrix Diagonal Sum,easy,nested indexing and double counting,1,syntax,missing_statement_ending,CODE_HIGHLIGHT,First syntax error should be localized before giving a concept explanation.,200,CODE_HIGHLIGHT,true,SYNTAX_ERROR,False,0,0,49,80,statement ending,1,
200,RULE,3,503010,310,matrix-diagonal-sum,Matrix Diagonal Sum,easy,nested indexing and double counting,2,planning,unfinished_implementation,GUIDING_QUESTION,Unfinished code should prompt the student to state the next step.,200,GUIDING_QUESTION,true,STUCK_NO_PROGRESS,True,0,3,244,287,unfinished implementation,2,
201,RULE,3,503010,310,matrix-diagonal-sum,Matrix Diagonal Sum,easy,nested indexing and double counting,3,first_conceptual_error,off_by_one_first,CODE_HIGHLIGHT,First substantial mistake should receive the least sufficient intervention.,200,CODE_HIGHLIGHT,true,OFF_BY_ONE,True,1,2,244,275,for loop condition,1,
202,RULE,3,503010,310,matrix-diagonal-sum,Matrix Diagonal Sum,easy,nested indexing and double counting,4,repeated_conceptual_error,off_by_one_repeat,CONCEPTUAL_HINT,Repeated mistake should move from location cue to conceptual support.,200,CONCEPTUAL_HINT,true,OFF_BY_ONE,True,1,2,249,282,for loop condition,1,
203,RULE,3,503010,310,matrix-diagonal-sum,Matrix Diagonal Sum,easy,nested indexing and double counting,5,partial_logic,partial_but_compiling,CONCEPTUAL_HINT,Compiling but incomplete logic should receive a compact conceptual nudge.,200,CONCEPTUAL_HINT,true,UNKNOWN,True,1,2,252,289,logic block,1,
204,RULE,3,503010,310,matrix-diagonal-sum,Matrix Diagonal Sum,easy,nested indexing and double counting,6,local_completion,locally_complete,NO_FEEDBACK,Locally complete state should not be interrupted.,200,NO_FEEDBACK,true,UNKNOWN,True,3,0,255,300,logic block,1,
205,RULE,3,503011,311,roman-to-integer,Roman to Integer,easy,lookahead condition,1,syntax,missing_statement_ending,CODE_HIGHLIGHT,First syntax error should be localized before giving a concept explanation.,200,CODE_HIGHLIGHT,true,SYNTAX_ERROR,False,0,0,48,85,statement ending,1,
206,RULE,3,503011,311,roman-to-integer,Roman to Integer,easy,lookahead condition,2,planning,unfinished_implementation,GUIDING_QUESTION,Unfinished code should prompt the student to state the next step.,200,GUIDING_QUESTION,true,STUCK_NO_PROGRESS,True,0,3,250,271,unfinished implementation,2,
207,RULE,3,503011,311,roman-to-integer,Roman to Integer,easy,lookahead condition,3,first_conceptual_error,off_by_one_first,CODE_HIGHLIGHT,First substantial mistake should receive the least sufficient intervention.,200,CODE_HIGHLIGHT,true,OFF_BY_ONE,True,1,2,248,280,for loop condition,1,
208,RULE,3,503011,311,roman-to-integer,Roman to Integer,easy,lookahead condition,4,repeated_conceptual_error,off_by_one_repeat,CONCEPTUAL_HINT,Repeated mistake should move from location cue to conceptual support.,200,CONCEPTUAL_HINT,true,OFF_BY_ONE,True,1,2,252,297,for loop condition,1,
209,RULE,3,503011,311,roman-to-integer,Roman to Integer,easy,lookahead condition,5,partial_logic,partial_but_compiling,CONCEPTUAL_HINT,Compiling but incomplete logic should receive a compact conceptual nudge.,200,CONCEPTUAL_HINT,true,UNKNOWN,True,1,2,247,266,logic block,1,
210,RULE,3,503011,311,roman-to-integer,Roman to Integer,easy,lookahead condition,6,local_completion,locally_complete,NO_FEEDBACK,Locally complete state should not be interrupted.,200,NO_FEEDBACK,true,UNKNOWN,True,3,0,248,290,logic block,1,
211,RULE,3,503012,312,climbing-stairs,Climbing Stairs,easy,base cases and recurrence,1,syntax,missing_statement_ending,CODE_HIGHLIGHT,First syntax error should be localized before giving a concept explanation.,200,CODE_HIGHLIGHT,true,SYNTAX_ERROR,False,0,0,46,69,statement ending,1,
212,RULE,3,503012,312,climbing-stairs,Climbing Stairs,easy,base cases and recurrence,2,planning,unfinished_implementation,GUIDING_QUESTION,Unfinished code should prompt the student to state the next step.,200,GUIDING_QUESTION,true,STUCK_NO_PROGRESS,True,0,3,242,280,unfinished implementation,2,
213,RULE,3,503012,312,climbing-stairs,Climbing Stairs,easy,base cases and recurrence,3,first_conceptual_error,wrong_condition_first,CONCEPTUAL_HINT,First substantial mistake should receive the least sufficient intervention.,200,CONCEPTUAL_HINT,true,WRONG_CONDITION,True,1,2,247,286,while condition,1,
214,RULE,3,503012,312,climbing-stairs,Climbing Stairs,easy,base cases and recurrence,4,repeated_conceptual_error,wrong_condition_repeat,CONCEPTUAL_HINT,Repeated mistake should move from location cue to conceptual support.,200,CONCEPTUAL_HINT,true,WRONG_CONDITION,True,1,2,249,284,while condition,1,
215,RULE,3,503012,312,climbing-stairs,Climbing Stairs,easy,base cases and recurrence,5,partial_logic,partial_but_compiling,CONCEPTUAL_HINT,Compiling but incomplete logic should receive a compact conceptual nudge.,200,CONCEPTUAL_HINT,true,UNKNOWN,True,1,2,237,285,logic block,1,
216,RULE,3,503012,312,climbing-stairs,Climbing Stairs,easy,base cases and recurrence,6,local_completion,locally_complete,NO_FEEDBACK,Locally complete state should not be interrupted.,200,CODE_HIGHLIGHT,false,OFF_BY_ONE,True,1,2,250,291,for loop condition,1,
217,RULE,4,504001,301,palindrome,Valid Palindrome,easy,two pointers and string normalization,1,syntax,missing_statement_ending,CODE_HIGHLIGHT,First syntax error should be localized before giving a concept explanation.,200,CODE_HIGHLIGHT,true,SYNTAX_ERROR,False,0,0,48,88,statement ending,1,
218,RULE,4,504001,301,palindrome,Valid Palindrome,easy,two pointers and string normalization,2,planning,unfinished_implementation,GUIDING_QUESTION,Unfinished code should prompt the student to state the next step.,200,GUIDING_QUESTION,true,STUCK_NO_PROGRESS,True,0,3,243,282,unfinished implementation,2,
219,RULE,4,504001,301,palindrome,Valid Palindrome,easy,two pointers and string normalization,3,first_conceptual_error,possible_null_access_first,CODE_HIGHLIGHT,First substantial mistake should receive the least sufficient intervention.,200,CODE_HIGHLIGHT,true,POSSIBLE_NULL_ACCESS,True,3,0,250,289,missing null or empty guard,1,
220,RULE,4,504001,301,palindrome,Valid Palindrome,easy,two pointers and string normalization,4,repeated_conceptual_error,possible_null_access_repeat,CONCEPTUAL_HINT,Repeated mistake should move from location cue to conceptual support.,200,CONCEPTUAL_HINT,true,POSSIBLE_NULL_ACCESS,True,3,0,257,294,missing null or empty guard,1,
221,RULE,4,504001,301,palindrome,Valid Palindrome,easy,two pointers and string normalization,5,partial_logic,partial_but_compiling,CONCEPTUAL_HINT,Compiling but incomplete logic should receive a compact conceptual nudge.,200,CONCEPTUAL_HINT,true,UNKNOWN,True,1,2,244,264,logic block,1,
222,RULE,4,504001,301,palindrome,Valid Palindrome,easy,two pointers and string normalization,6,local_completion,locally_complete,NO_FEEDBACK,Locally complete state should not be interrupted.,200,CONCEPTUAL_HINT,false,WRONG_CONDITION,True,1,2,245,281,while condition,1,
223,RULE,4,504002,302,two-sum,Two Sum,easy,hash map lookup and pair search,1,syntax,missing_statement_ending,CODE_HIGHLIGHT,First syntax error should be localized before giving a concept explanation.,200,CODE_HIGHLIGHT,true,SYNTAX_ERROR,False,0,0,52,83,statement ending,1,
224,RULE,4,504002,302,two-sum,Two Sum,easy,hash map lookup and pair search,2,planning,unfinished_implementation,GUIDING_QUESTION,Unfinished code should prompt the student to state the next step.,200,GUIDING_QUESTION,true,STUCK_NO_PROGRESS,True,0,3,245,284,unfinished implementation,2,
225,RULE,4,504002,302,two-sum,Two Sum,easy,hash map lookup and pair search,3,first_conceptual_error,off_by_one_first,CODE_HIGHLIGHT,First substantial mistake should receive the least sufficient intervention.,200,CODE_HIGHLIGHT,true,OFF_BY_ONE,True,1,2,249,280,for loop condition,1,
226,RULE,4,504002,302,two-sum,Two Sum,easy,hash map lookup and pair search,4,repeated_conceptual_error,off_by_one_repeat,CONCEPTUAL_HINT,Repeated mistake should move from location cue to conceptual support.,200,CONCEPTUAL_HINT,true,OFF_BY_ONE,True,1,2,247,280,for loop condition,1,
227,RULE,4,504002,302,two-sum,Two Sum,easy,hash map lookup and pair search,5,partial_logic,partial_but_compiling,CONCEPTUAL_HINT,Compiling but incomplete logic should receive a compact conceptual nudge.,200,CONCEPTUAL_HINT,true,UNKNOWN,True,1,2,249,296,logic block,1,
228,RULE,4,504002,302,two-sum,Two Sum,easy,hash map lookup and pair search,6,local_completion,locally_complete,NO_FEEDBACK,Locally complete state should not be interrupted.,200,NO_FEEDBACK,true,UNKNOWN,True,3,0,247,290,logic block,1,
229,RULE,4,504003,303,valid-parentheses,Valid Parentheses,easy,stack state and matching brackets,1,syntax,missing_statement_ending,CODE_HIGHLIGHT,First syntax error should be localized before giving a concept explanation.,200,CODE_HIGHLIGHT,true,SYNTAX_ERROR,False,0,0,47,90,statement ending,1,
230,RULE,4,504003,303,valid-parentheses,Valid Parentheses,easy,stack state and matching brackets,2,planning,unfinished_implementation,GUIDING_QUESTION,Unfinished code should prompt the student to state the next step.,200,GUIDING_QUESTION,true,STUCK_NO_PROGRESS,True,0,3,244,265,unfinished implementation,2,
231,RULE,4,504003,303,valid-parentheses,Valid Parentheses,easy,stack state and matching brackets,3,first_conceptual_error,possible_null_access_first,CODE_HIGHLIGHT,First substantial mistake should receive the least sufficient intervention.,200,NO_FEEDBACK,false,UNKNOWN,True,3,0,250,290,logic block,1,
232,RULE,4,504003,303,valid-parentheses,Valid Parentheses,easy,stack state and matching brackets,4,repeated_conceptual_error,possible_null_access_repeat,CONCEPTUAL_HINT,Repeated mistake should move from location cue to conceptual support.,200,NO_FEEDBACK,false,UNKNOWN,True,3,0,249,290,logic block,1,
233,RULE,4,504003,303,valid-parentheses,Valid Parentheses,easy,stack state and matching brackets,5,partial_logic,partial_but_compiling,CONCEPTUAL_HINT,Compiling but incomplete logic should receive a compact conceptual nudge.,200,CONCEPTUAL_HINT,true,UNKNOWN,True,1,2,250,295,logic block,1,
234,RULE,4,504003,303,valid-parentheses,Valid Parentheses,easy,stack state and matching brackets,6,local_completion,locally_complete,NO_FEEDBACK,Locally complete state should not be interrupted.,200,CONCEPTUAL_HINT,false,UNKNOWN,True,3,0,245,283,logic block,1,
235,RULE,4,504004,304,binary-search,Binary Search,easy,search interval invariant,1,syntax,missing_statement_ending,CODE_HIGHLIGHT,First syntax error should be localized before giving a concept explanation.,200,CODE_HIGHLIGHT,true,SYNTAX_ERROR,False,0,0,48,83,statement ending,1,
236,RULE,4,504004,304,binary-search,Binary Search,easy,search interval invariant,2,planning,unfinished_implementation,GUIDING_QUESTION,Unfinished code should prompt the student to state the next step.,200,GUIDING_QUESTION,true,STUCK_NO_PROGRESS,True,0,3,253,298,unfinished implementation,2,
237,RULE,4,504004,304,binary-search,Binary Search,easy,search interval invariant,3,first_conceptual_error,wrong_loop_boundary_first,CODE_HIGHLIGHT,First substantial mistake should receive the least sufficient intervention.,200,CODE_HIGHLIGHT,true,WRONG_LOOP_BOUNDARY,True,1,2,263,299,binary search loop boundary,1,
238,RULE,4,504004,304,binary-search,Binary Search,easy,search interval invariant,4,repeated_conceptual_error,wrong_loop_boundary_repeat,CONCEPTUAL_HINT,Repeated mistake should move from location cue to conceptual support.,200,CONCEPTUAL_HINT,true,WRONG_LOOP_BOUNDARY,True,1,2,272,313,binary search loop boundary,1,
239,RULE,4,504004,304,binary-search,Binary Search,easy,search interval invariant,5,partial_logic,partial_but_compiling,CONCEPTUAL_HINT,Compiling but incomplete logic should receive a compact conceptual nudge.,200,CONCEPTUAL_HINT,true,UNKNOWN,True,1,2,246,270,logic block,1,
240,RULE,4,504004,304,binary-search,Binary Search,easy,search interval invariant,6,local_completion,locally_complete,NO_FEEDBACK,Locally complete state should not be interrupted.,200,NO_FEEDBACK,true,UNKNOWN,True,3,0,250,291,logic block,1,
241,RULE,4,504005,305,merge-sorted-array,Merge Sorted Array,easy,array index management,1,syntax,missing_statement_ending,CODE_HIGHLIGHT,First syntax error should be localized before giving a concept explanation.,200,CODE_HIGHLIGHT,true,SYNTAX_ERROR,False,0,0,48,90,statement ending,1,
242,RULE,4,504005,305,merge-sorted-array,Merge Sorted Array,easy,array index management,2,planning,unfinished_implementation,GUIDING_QUESTION,Unfinished code should prompt the student to state the next step.,200,GUIDING_QUESTION,true,STUCK_NO_PROGRESS,True,0,3,244,265,unfinished implementation,2,
243,RULE,4,504005,305,merge-sorted-array,Merge Sorted Array,easy,array index management,3,first_conceptual_error,off_by_one_first,CODE_HIGHLIGHT,First substantial mistake should receive the least sufficient intervention.,200,CODE_HIGHLIGHT,true,OFF_BY_ONE,True,1,2,243,287,for loop condition,1,
244,RULE,4,504005,305,merge-sorted-array,Merge Sorted Array,easy,array index management,4,repeated_conceptual_error,off_by_one_repeat,CONCEPTUAL_HINT,Repeated mistake should move from location cue to conceptual support.,200,CONCEPTUAL_HINT,true,OFF_BY_ONE,True,1,2,263,298,for loop condition,1,
245,RULE,4,504005,305,merge-sorted-array,Merge Sorted Array,easy,array index management,5,partial_logic,partial_but_compiling,CONCEPTUAL_HINT,Compiling but incomplete logic should receive a compact conceptual nudge.,200,CONCEPTUAL_HINT,true,UNKNOWN,True,1,2,253,292,logic block,1,
246,RULE,4,504005,305,merge-sorted-array,Merge Sorted Array,easy,array index management,6,local_completion,locally_complete,NO_FEEDBACK,Locally complete state should not be interrupted.,200,NO_FEEDBACK,true,UNKNOWN,True,3,0,246,268,logic block,1,
247,RULE,4,504006,306,trapping-rain-water,Trapping Rain Water,hard,two pointers and running maxima,1,syntax,missing_statement_ending,CODE_HIGHLIGHT,First syntax error should be localized before giving a concept explanation.,200,CODE_HIGHLIGHT,true,SYNTAX_ERROR,False,0,0,49,83,statement ending,1,
248,RULE,4,504006,306,trapping-rain-water,Trapping Rain Water,hard,two pointers and running maxima,2,planning,unfinished_implementation,GUIDING_QUESTION,Unfinished code should prompt the student to state the next step.,200,GUIDING_QUESTION,true,STUCK_NO_PROGRESS,True,0,3,249,279,unfinished implementation,2,
249,RULE,4,504006,306,trapping-rain-water,Trapping Rain Water,hard,two pointers and running maxima,3,first_conceptual_error,wrong_condition_first,CONCEPTUAL_HINT,First substantial mistake should receive the least sufficient intervention.,200,CONCEPTUAL_HINT,true,WRONG_CONDITION,True,1,2,250,291,while condition,1,
250,RULE,4,504006,306,trapping-rain-water,Trapping Rain Water,hard,two pointers and running maxima,4,repeated_conceptual_error,wrong_condition_repeat,CONCEPTUAL_HINT,Repeated mistake should move from location cue to conceptual support.,200,CONCEPTUAL_HINT,true,WRONG_CONDITION,True,1,2,243,290,while condition,1,
251,RULE,4,504006,306,trapping-rain-water,Trapping Rain Water,hard,two pointers and running maxima,5,partial_logic,partial_but_compiling,CONCEPTUAL_HINT,Compiling but incomplete logic should receive a compact conceptual nudge.,200,CONCEPTUAL_HINT,true,UNKNOWN,True,1,2,246,290,logic block,1,
252,RULE,4,504006,306,trapping-rain-water,Trapping Rain Water,hard,two pointers and running maxima,6,local_completion,locally_complete,NO_FEEDBACK,Locally complete state should not be interrupted.,200,CONCEPTUAL_HINT,false,UNKNOWN,True,1,2,242,263,logic block,1,
253,RULE,4,504007,307,lru-cache,LRU Cache,medium,state update and eviction policy,1,syntax,missing_statement_ending,CODE_HIGHLIGHT,First syntax error should be localized before giving a concept explanation.,200,CODE_HIGHLIGHT,true,SYNTAX_ERROR,False,0,0,49,96,statement ending,1,
254,RULE,4,504007,307,lru-cache,LRU Cache,medium,state update and eviction policy,2,planning,unfinished_implementation,GUIDING_QUESTION,Unfinished code should prompt the student to state the next step.,200,GUIDING_QUESTION,true,STUCK_NO_PROGRESS,True,0,3,249,297,unfinished implementation,2,
255,RULE,4,504007,307,lru-cache,LRU Cache,medium,state update and eviction policy,3,first_conceptual_error,unknown_logic_first,CONCEPTUAL_HINT,First substantial mistake should receive the least sufficient intervention.,200,NO_FEEDBACK,false,UNKNOWN,True,3,0,247,288,logic block,1,
256,RULE,4,504007,307,lru-cache,LRU Cache,medium,state update and eviction policy,4,repeated_conceptual_error,unknown_logic_repeat,CONCEPTUAL_HINT,Repeated mistake should move from location cue to conceptual support.,200,NO_FEEDBACK,false,UNKNOWN,True,3,0,253,303,logic block,1,
257,RULE,4,504007,307,lru-cache,LRU Cache,medium,state update and eviction policy,5,partial_logic,partial_but_compiling,CONCEPTUAL_HINT,Compiling but incomplete logic should receive a compact conceptual nudge.,200,CONCEPTUAL_HINT,true,UNKNOWN,True,1,2,246,281,logic block,1,
258,RULE,4,504007,307,lru-cache,LRU Cache,medium,state update and eviction policy,6,local_completion,locally_complete,NO_FEEDBACK,Locally complete state should not be interrupted.,200,CONCEPTUAL_HINT,false,UNKNOWN,True,3,0,245,289,logic block,1,
259,RULE,4,504008,308,longest-substring,Longest Substring Without Repeating Characters,medium,sliding window invariant,1,syntax,missing_statement_ending,CODE_HIGHLIGHT,First syntax error should be localized before giving a concept explanation.,200,CODE_HIGHLIGHT,true,SYNTAX_ERROR,False,0,0,49,91,statement ending,1,
260,RULE,4,504008,308,longest-substring,Longest Substring Without Repeating Characters,medium,sliding window invariant,2,planning,unfinished_implementation,GUIDING_QUESTION,Unfinished code should prompt the student to state the next step.,200,GUIDING_QUESTION,true,STUCK_NO_PROGRESS,True,0,3,246,288,unfinished implementation,2,
261,RULE,4,504008,308,longest-substring,Longest Substring Without Repeating Characters,medium,sliding window invariant,3,first_conceptual_error,off_by_one_first,CODE_HIGHLIGHT,First substantial mistake should receive the least sufficient intervention.,200,CODE_HIGHLIGHT,true,OFF_BY_ONE,True,1,2,248,292,for loop condition,1,
262,RULE,4,504008,308,longest-substring,Longest Substring Without Repeating Characters,medium,sliding window invariant,4,repeated_conceptual_error,off_by_one_repeat,CONCEPTUAL_HINT,Repeated mistake should move from location cue to conceptual support.,200,CONCEPTUAL_HINT,true,OFF_BY_ONE,True,1,2,246,286,for loop condition,1,
263,RULE,4,504008,308,longest-substring,Longest Substring Without Repeating Characters,medium,sliding window invariant,5,partial_logic,partial_but_compiling,CONCEPTUAL_HINT,Compiling but incomplete logic should receive a compact conceptual nudge.,200,CONCEPTUAL_HINT,true,UNKNOWN,True,1,2,242,289,logic block,1,
264,RULE,4,504008,308,longest-substring,Longest Substring Without Repeating Characters,medium,sliding window invariant,6,local_completion,locally_complete,NO_FEEDBACK,Locally complete state should not be interrupted.,200,NO_FEEDBACK,true,UNKNOWN,True,3,0,249,295,logic block,1,
265,RULE,4,504009,309,reverse-linked-list,Reverse Linked List,easy,pointer update order,1,syntax,missing_statement_ending,CODE_HIGHLIGHT,First syntax error should be localized before giving a concept explanation.,200,CODE_HIGHLIGHT,true,SYNTAX_ERROR,False,0,0,51,88,statement ending,1,
266,RULE,4,504009,309,reverse-linked-list,Reverse Linked List,easy,pointer update order,2,planning,unfinished_implementation,GUIDING_QUESTION,Unfinished code should prompt the student to state the next step.,200,GUIDING_QUESTION,true,STUCK_NO_PROGRESS,True,0,3,251,292,unfinished implementation,2,
267,RULE,4,504009,309,reverse-linked-list,Reverse Linked List,easy,pointer update order,3,first_conceptual_error,wrong_condition_first,CONCEPTUAL_HINT,First substantial mistake should receive the least sufficient intervention.,200,CONCEPTUAL_HINT,true,WRONG_CONDITION,True,1,2,245,267,while condition,1,
268,RULE,4,504009,309,reverse-linked-list,Reverse Linked List,easy,pointer update order,4,repeated_conceptual_error,wrong_condition_repeat,CONCEPTUAL_HINT,Repeated mistake should move from location cue to conceptual support.,200,CONCEPTUAL_HINT,true,WRONG_CONDITION,True,1,2,245,275,while condition,1,
269,RULE,4,504009,309,reverse-linked-list,Reverse Linked List,easy,pointer update order,5,partial_logic,partial_but_compiling,CONCEPTUAL_HINT,Compiling but incomplete logic should receive a compact conceptual nudge.,200,CONCEPTUAL_HINT,true,UNKNOWN,True,1,2,245,267,logic block,1,
270,RULE,4,504009,309,reverse-linked-list,Reverse Linked List,easy,pointer update order,6,local_completion,locally_complete,NO_FEEDBACK,Locally complete state should not be interrupted.,200,NO_FEEDBACK,true,UNKNOWN,True,3,0,249,293,logic block,1,
271,RULE,4,504010,310,matrix-diagonal-sum,Matrix Diagonal Sum,easy,nested indexing and double counting,1,syntax,missing_statement_ending,CODE_HIGHLIGHT,First syntax error should be localized before giving a concept explanation.,200,CODE_HIGHLIGHT,true,SYNTAX_ERROR,False,0,0,47,85,statement ending,1,
272,RULE,4,504010,310,matrix-diagonal-sum,Matrix Diagonal Sum,easy,nested indexing and double counting,2,planning,unfinished_implementation,GUIDING_QUESTION,Unfinished code should prompt the student to state the next step.,200,GUIDING_QUESTION,true,STUCK_NO_PROGRESS,True,0,3,243,286,unfinished implementation,2,
273,RULE,4,504010,310,matrix-diagonal-sum,Matrix Diagonal Sum,easy,nested indexing and double counting,3,first_conceptual_error,off_by_one_first,CODE_HIGHLIGHT,First substantial mistake should receive the least sufficient intervention.,200,CODE_HIGHLIGHT,true,OFF_BY_ONE,True,1,2,246,280,for loop condition,1,
274,RULE,4,504010,310,matrix-diagonal-sum,Matrix Diagonal Sum,easy,nested indexing and double counting,4,repeated_conceptual_error,off_by_one_repeat,CONCEPTUAL_HINT,Repeated mistake should move from location cue to conceptual support.,200,CONCEPTUAL_HINT,true,OFF_BY_ONE,True,1,2,254,294,for loop condition,1,
275,RULE,4,504010,310,matrix-diagonal-sum,Matrix Diagonal Sum,easy,nested indexing and double counting,5,partial_logic,partial_but_compiling,CONCEPTUAL_HINT,Compiling but incomplete logic should receive a compact conceptual nudge.,200,CONCEPTUAL_HINT,true,UNKNOWN,True,1,2,255,292,logic block,1,
276,RULE,4,504010,310,matrix-diagonal-sum,Matrix Diagonal Sum,easy,nested indexing and double counting,6,local_completion,locally_complete,NO_FEEDBACK,Locally complete state should not be interrupted.,200,NO_FEEDBACK,true,UNKNOWN,True,3,0,312,350,logic block,1,
277,RULE,4,504011,311,roman-to-integer,Roman to Integer,easy,lookahead condition,1,syntax,missing_statement_ending,CODE_HIGHLIGHT,First syntax error should be localized before giving a concept explanation.,200,CODE_HIGHLIGHT,true,SYNTAX_ERROR,False,0,0,75,120,statement ending,1,
278,RULE,4,504011,311,roman-to-integer,Roman to Integer,easy,lookahead condition,2,planning,unfinished_implementation,GUIDING_QUESTION,Unfinished code should prompt the student to state the next step.,200,GUIDING_QUESTION,true,STUCK_NO_PROGRESS,True,0,3,280,310,unfinished implementation,2,
279,RULE,4,504011,311,roman-to-integer,Roman to Integer,easy,lookahead condition,3,first_conceptual_error,off_by_one_first,CODE_HIGHLIGHT,First substantial mistake should receive the least sufficient intervention.,200,CODE_HIGHLIGHT,true,OFF_BY_ONE,True,1,2,290,332,for loop condition,1,
280,RULE,4,504011,311,roman-to-integer,Roman to Integer,easy,lookahead condition,4,repeated_conceptual_error,off_by_one_repeat,CONCEPTUAL_HINT,Repeated mistake should move from location cue to conceptual support.,200,CONCEPTUAL_HINT,true,OFF_BY_ONE,True,1,2,282,317,for loop condition,1,
281,RULE,4,504011,311,roman-to-integer,Roman to Integer,easy,lookahead condition,5,partial_logic,partial_but_compiling,CONCEPTUAL_HINT,Compiling but incomplete logic should receive a compact conceptual nudge.,200,CONCEPTUAL_HINT,true,UNKNOWN,True,1,2,252,291,logic block,1,
282,RULE,4,504011,311,roman-to-integer,Roman to Integer,easy,lookahead condition,6,local_completion,locally_complete,NO_FEEDBACK,Locally complete state should not be interrupted.,200,NO_FEEDBACK,true,UNKNOWN,True,3,0,260,296,logic block,1,
283,RULE,4,504012,312,climbing-stairs,Climbing Stairs,easy,base cases and recurrence,1,syntax,missing_statement_ending,CODE_HIGHLIGHT,First syntax error should be localized before giving a concept explanation.,200,CODE_HIGHLIGHT,true,SYNTAX_ERROR,False,0,0,51,87,statement ending,1,
284,RULE,4,504012,312,climbing-stairs,Climbing Stairs,easy,base cases and recurrence,2,planning,unfinished_implementation,GUIDING_QUESTION,Unfinished code should prompt the student to state the next step.,200,GUIDING_QUESTION,true,STUCK_NO_PROGRESS,True,0,3,259,306,unfinished implementation,2,
285,RULE,4,504012,312,climbing-stairs,Climbing Stairs,easy,base cases and recurrence,3,first_conceptual_error,wrong_condition_first,CONCEPTUAL_HINT,First substantial mistake should receive the least sufficient intervention.,200,CONCEPTUAL_HINT,true,WRONG_CONDITION,True,1,2,255,303,while condition,1,
286,RULE,4,504012,312,climbing-stairs,Climbing Stairs,easy,base cases and recurrence,4,repeated_conceptual_error,wrong_condition_repeat,CONCEPTUAL_HINT,Repeated mistake should move from location cue to conceptual support.,200,CONCEPTUAL_HINT,true,WRONG_CONDITION,True,1,2,252,281,while condition,1,
287,RULE,4,504012,312,climbing-stairs,Climbing Stairs,easy,base cases and recurrence,5,partial_logic,partial_but_compiling,CONCEPTUAL_HINT,Compiling but incomplete logic should receive a compact conceptual nudge.,200,CONCEPTUAL_HINT,true,UNKNOWN,True,1,2,261,281,logic block,1,
288,RULE,4,504012,312,climbing-stairs,Climbing Stairs,easy,base cases and recurrence,6,local_completion,locally_complete,NO_FEEDBACK,Locally complete state should not be interrupted.,200,CODE_HIGHLIGHT,false,OFF_BY_ONE,True,1,2,248,288,for loop condition,1,
289,RULE,5,505001,301,palindrome,Valid Palindrome,easy,two pointers and string normalization,1,syntax,missing_statement_ending,CODE_HIGHLIGHT,First syntax error should be localized before giving a concept explanation.,200,CODE_HIGHLIGHT,true,SYNTAX_ERROR,False,0,0,50,93,statement ending,1,
290,RULE,5,505001,301,palindrome,Valid Palindrome,easy,two pointers and string normalization,2,planning,unfinished_implementation,GUIDING_QUESTION,Unfinished code should prompt the student to state the next step.,200,GUIDING_QUESTION,true,STUCK_NO_PROGRESS,True,0,3,249,289,unfinished implementation,2,
291,RULE,5,505001,301,palindrome,Valid Palindrome,easy,two pointers and string normalization,3,first_conceptual_error,possible_null_access_first,CODE_HIGHLIGHT,First substantial mistake should receive the least sufficient intervention.,200,CODE_HIGHLIGHT,true,POSSIBLE_NULL_ACCESS,True,3,0,247,268,missing null or empty guard,1,
292,RULE,5,505001,301,palindrome,Valid Palindrome,easy,two pointers and string normalization,4,repeated_conceptual_error,possible_null_access_repeat,CONCEPTUAL_HINT,Repeated mistake should move from location cue to conceptual support.,200,CONCEPTUAL_HINT,true,POSSIBLE_NULL_ACCESS,True,3,0,251,291,missing null or empty guard,1,
293,RULE,5,505001,301,palindrome,Valid Palindrome,easy,two pointers and string normalization,5,partial_logic,partial_but_compiling,CONCEPTUAL_HINT,Compiling but incomplete logic should receive a compact conceptual nudge.,200,CONCEPTUAL_HINT,true,UNKNOWN,True,1,2,243,288,logic block,1,
294,RULE,5,505001,301,palindrome,Valid Palindrome,easy,two pointers and string normalization,6,local_completion,locally_complete,NO_FEEDBACK,Locally complete state should not be interrupted.,200,CONCEPTUAL_HINT,false,WRONG_CONDITION,True,1,2,248,282,while condition,1,
295,RULE,5,505002,302,two-sum,Two Sum,easy,hash map lookup and pair search,1,syntax,missing_statement_ending,CODE_HIGHLIGHT,First syntax error should be localized before giving a concept explanation.,200,CODE_HIGHLIGHT,true,SYNTAX_ERROR,False,0,0,47,90,statement ending,1,
296,RULE,5,505002,302,two-sum,Two Sum,easy,hash map lookup and pair search,2,planning,unfinished_implementation,GUIDING_QUESTION,Unfinished code should prompt the student to state the next step.,200,GUIDING_QUESTION,true,STUCK_NO_PROGRESS,True,0,3,249,294,unfinished implementation,2,
297,RULE,5,505002,302,two-sum,Two Sum,easy,hash map lookup and pair search,3,first_conceptual_error,off_by_one_first,CODE_HIGHLIGHT,First substantial mistake should receive the least sufficient intervention.,200,CODE_HIGHLIGHT,true,OFF_BY_ONE,True,1,2,251,294,for loop condition,1,
298,RULE,5,505002,302,two-sum,Two Sum,easy,hash map lookup and pair search,4,repeated_conceptual_error,off_by_one_repeat,CONCEPTUAL_HINT,Repeated mistake should move from location cue to conceptual support.,200,CONCEPTUAL_HINT,true,OFF_BY_ONE,True,1,2,249,287,for loop condition,1,
299,RULE,5,505002,302,two-sum,Two Sum,easy,hash map lookup and pair search,5,partial_logic,partial_but_compiling,CONCEPTUAL_HINT,Compiling but incomplete logic should receive a compact conceptual nudge.,200,CONCEPTUAL_HINT,true,UNKNOWN,True,1,2,250,290,logic block,1,
300,RULE,5,505002,302,two-sum,Two Sum,easy,hash map lookup and pair search,6,local_completion,locally_complete,NO_FEEDBACK,Locally complete state should not be interrupted.,200,NO_FEEDBACK,true,UNKNOWN,True,3,0,245,286,logic block,1,
301,RULE,5,505003,303,valid-parentheses,Valid Parentheses,easy,stack state and matching brackets,1,syntax,missing_statement_ending,CODE_HIGHLIGHT,First syntax error should be localized before giving a concept explanation.,200,CODE_HIGHLIGHT,true,SYNTAX_ERROR,False,0,0,49,96,statement ending,1,
302,RULE,5,505003,303,valid-parentheses,Valid Parentheses,easy,stack state and matching brackets,2,planning,unfinished_implementation,GUIDING_QUESTION,Unfinished code should prompt the student to state the next step.,200,GUIDING_QUESTION,true,STUCK_NO_PROGRESS,True,0,3,241,283,unfinished implementation,2,
303,RULE,5,505003,303,valid-parentheses,Valid Parentheses,easy,stack state and matching brackets,3,first_conceptual_error,possible_null_access_first,CODE_HIGHLIGHT,First substantial mistake should receive the least sufficient intervention.,200,NO_FEEDBACK,false,UNKNOWN,True,3,0,241,286,logic block,1,
304,RULE,5,505003,303,valid-parentheses,Valid Parentheses,easy,stack state and matching brackets,4,repeated_conceptual_error,possible_null_access_repeat,CONCEPTUAL_HINT,Repeated mistake should move from location cue to conceptual support.,200,NO_FEEDBACK,false,UNKNOWN,True,3,0,253,287,logic block,1,
305,RULE,5,505003,303,valid-parentheses,Valid Parentheses,easy,stack state and matching brackets,5,partial_logic,partial_but_compiling,CONCEPTUAL_HINT,Compiling but incomplete logic should receive a compact conceptual nudge.,200,CONCEPTUAL_HINT,true,UNKNOWN,True,1,2,241,279,logic block,1,
306,RULE,5,505003,303,valid-parentheses,Valid Parentheses,easy,stack state and matching brackets,6,local_completion,locally_complete,NO_FEEDBACK,Locally complete state should not be interrupted.,200,CONCEPTUAL_HINT,false,UNKNOWN,True,3,0,249,287,logic block,1,
307,RULE,5,505004,304,binary-search,Binary Search,easy,search interval invariant,1,syntax,missing_statement_ending,CODE_HIGHLIGHT,First syntax error should be localized before giving a concept explanation.,200,CODE_HIGHLIGHT,true,SYNTAX_ERROR,False,0,0,51,91,statement ending,1,
308,RULE,5,505004,304,binary-search,Binary Search,easy,search interval invariant,2,planning,unfinished_implementation,GUIDING_QUESTION,Unfinished code should prompt the student to state the next step.,200,GUIDING_QUESTION,true,STUCK_NO_PROGRESS,True,0,3,333,376,unfinished implementation,2,
309,RULE,5,505004,304,binary-search,Binary Search,easy,search interval invariant,3,first_conceptual_error,wrong_loop_boundary_first,CODE_HIGHLIGHT,First substantial mistake should receive the least sufficient intervention.,200,CODE_HIGHLIGHT,true,WRONG_LOOP_BOUNDARY,True,1,2,455,482,binary search loop boundary,1,
310,RULE,5,505004,304,binary-search,Binary Search,easy,search interval invariant,4,repeated_conceptual_error,wrong_loop_boundary_repeat,CONCEPTUAL_HINT,Repeated mistake should move from location cue to conceptual support.,200,CONCEPTUAL_HINT,true,WRONG_LOOP_BOUNDARY,True,1,2,306,332,binary search loop boundary,1,
311,RULE,5,505004,304,binary-search,Binary Search,easy,search interval invariant,5,partial_logic,partial_but_compiling,CONCEPTUAL_HINT,Compiling but incomplete logic should receive a compact conceptual nudge.,200,CONCEPTUAL_HINT,true,UNKNOWN,True,1,2,262,306,logic block,1,
312,RULE,5,505004,304,binary-search,Binary Search,easy,search interval invariant,6,local_completion,locally_complete,NO_FEEDBACK,Locally complete state should not be interrupted.,200,NO_FEEDBACK,true,UNKNOWN,True,3,0,274,318,logic block,1,
313,RULE,5,505005,305,merge-sorted-array,Merge Sorted Array,easy,array index management,1,syntax,missing_statement_ending,CODE_HIGHLIGHT,First syntax error should be localized before giving a concept explanation.,200,CODE_HIGHLIGHT,true,SYNTAX_ERROR,False,0,0,48,83,statement ending,1,
314,RULE,5,505005,305,merge-sorted-array,Merge Sorted Array,easy,array index management,2,planning,unfinished_implementation,GUIDING_QUESTION,Unfinished code should prompt the student to state the next step.,200,GUIDING_QUESTION,true,STUCK_NO_PROGRESS,True,0,3,289,334,unfinished implementation,2,
315,RULE,5,505005,305,merge-sorted-array,Merge Sorted Array,easy,array index management,3,first_conceptual_error,off_by_one_first,CODE_HIGHLIGHT,First substantial mistake should receive the least sufficient intervention.,200,CODE_HIGHLIGHT,true,OFF_BY_ONE,True,1,2,252,283,for loop condition,1,
316,RULE,5,505005,305,merge-sorted-array,Merge Sorted Array,easy,array index management,4,repeated_conceptual_error,off_by_one_repeat,CONCEPTUAL_HINT,Repeated mistake should move from location cue to conceptual support.,200,CONCEPTUAL_HINT,true,OFF_BY_ONE,True,1,2,248,268,for loop condition,1,
317,RULE,5,505005,305,merge-sorted-array,Merge Sorted Array,easy,array index management,5,partial_logic,partial_but_compiling,CONCEPTUAL_HINT,Compiling but incomplete logic should receive a compact conceptual nudge.,200,CONCEPTUAL_HINT,true,UNKNOWN,True,1,2,365,398,logic block,1,
318,RULE,5,505005,305,merge-sorted-array,Merge Sorted Array,easy,array index management,6,local_completion,locally_complete,NO_FEEDBACK,Locally complete state should not be interrupted.,200,NO_FEEDBACK,true,UNKNOWN,True,3,0,312,348,logic block,1,
319,RULE,5,505006,306,trapping-rain-water,Trapping Rain Water,hard,two pointers and running maxima,1,syntax,missing_statement_ending,CODE_HIGHLIGHT,First syntax error should be localized before giving a concept explanation.,200,CODE_HIGHLIGHT,true,SYNTAX_ERROR,False,0,0,56,76,statement ending,1,
320,RULE,5,505006,306,trapping-rain-water,Trapping Rain Water,hard,two pointers and running maxima,2,planning,unfinished_implementation,GUIDING_QUESTION,Unfinished code should prompt the student to state the next step.,200,GUIDING_QUESTION,true,STUCK_NO_PROGRESS,True,0,3,284,319,unfinished implementation,2,
321,RULE,5,505006,306,trapping-rain-water,Trapping Rain Water,hard,two pointers and running maxima,3,first_conceptual_error,wrong_condition_first,CONCEPTUAL_HINT,First substantial mistake should receive the least sufficient intervention.,200,CONCEPTUAL_HINT,true,WRONG_CONDITION,True,1,2,252,273,while condition,1,
322,RULE,5,505006,306,trapping-rain-water,Trapping Rain Water,hard,two pointers and running maxima,4,repeated_conceptual_error,wrong_condition_repeat,CONCEPTUAL_HINT,Repeated mistake should move from location cue to conceptual support.,200,CONCEPTUAL_HINT,true,WRONG_CONDITION,True,1,2,248,282,while condition,1,
323,RULE,5,505006,306,trapping-rain-water,Trapping Rain Water,hard,two pointers and running maxima,5,partial_logic,partial_but_compiling,CONCEPTUAL_HINT,Compiling but incomplete logic should receive a compact conceptual nudge.,200,CONCEPTUAL_HINT,true,UNKNOWN,True,1,2,246,293,logic block,1,
324,RULE,5,505006,306,trapping-rain-water,Trapping Rain Water,hard,two pointers and running maxima,6,local_completion,locally_complete,NO_FEEDBACK,Locally complete state should not be interrupted.,200,CONCEPTUAL_HINT,false,UNKNOWN,True,1,2,249,291,logic block,1,
325,RULE,5,505007,307,lru-cache,LRU Cache,medium,state update and eviction policy,1,syntax,missing_statement_ending,CODE_HIGHLIGHT,First syntax error should be localized before giving a concept explanation.,200,CODE_HIGHLIGHT,true,SYNTAX_ERROR,False,0,0,49,93,statement ending,1,
326,RULE,5,505007,307,lru-cache,LRU Cache,medium,state update and eviction policy,2,planning,unfinished_implementation,GUIDING_QUESTION,Unfinished code should prompt the student to state the next step.,200,GUIDING_QUESTION,true,STUCK_NO_PROGRESS,True,0,3,246,293,unfinished implementation,2,
327,RULE,5,505007,307,lru-cache,LRU Cache,medium,state update and eviction policy,3,first_conceptual_error,unknown_logic_first,CONCEPTUAL_HINT,First substantial mistake should receive the least sufficient intervention.,200,NO_FEEDBACK,false,UNKNOWN,True,3,0,244,265,logic block,1,
328,RULE,5,505007,307,lru-cache,LRU Cache,medium,state update and eviction policy,4,repeated_conceptual_error,unknown_logic_repeat,CONCEPTUAL_HINT,Repeated mistake should move from location cue to conceptual support.,200,NO_FEEDBACK,false,UNKNOWN,True,3,0,249,291,logic block,1,
329,RULE,5,505007,307,lru-cache,LRU Cache,medium,state update and eviction policy,5,partial_logic,partial_but_compiling,CONCEPTUAL_HINT,Compiling but incomplete logic should receive a compact conceptual nudge.,200,CONCEPTUAL_HINT,true,UNKNOWN,True,1,2,251,296,logic block,1,
330,RULE,5,505007,307,lru-cache,LRU Cache,medium,state update and eviction policy,6,local_completion,locally_complete,NO_FEEDBACK,Locally complete state should not be interrupted.,200,CONCEPTUAL_HINT,false,UNKNOWN,True,3,0,257,294,logic block,1,
331,RULE,5,505008,308,longest-substring,Longest Substring Without Repeating Characters,medium,sliding window invariant,1,syntax,missing_statement_ending,CODE_HIGHLIGHT,First syntax error should be localized before giving a concept explanation.,200,CODE_HIGHLIGHT,true,SYNTAX_ERROR,False,0,0,48,71,statement ending,1,
332,RULE,5,505008,308,longest-substring,Longest Substring Without Repeating Characters,medium,sliding window invariant,2,planning,unfinished_implementation,GUIDING_QUESTION,Unfinished code should prompt the student to state the next step.,200,GUIDING_QUESTION,true,STUCK_NO_PROGRESS,True,0,3,249,285,unfinished implementation,2,
333,RULE,5,505008,308,longest-substring,Longest Substring Without Repeating Characters,medium,sliding window invariant,3,first_conceptual_error,off_by_one_first,CODE_HIGHLIGHT,First substantial mistake should receive the least sufficient intervention.,200,CODE_HIGHLIGHT,true,OFF_BY_ONE,True,1,2,240,284,for loop condition,1,
334,RULE,5,505008,308,longest-substring,Longest Substring Without Repeating Characters,medium,sliding window invariant,4,repeated_conceptual_error,off_by_one_repeat,CONCEPTUAL_HINT,Repeated mistake should move from location cue to conceptual support.,200,CONCEPTUAL_HINT,true,OFF_BY_ONE,True,1,2,249,294,for loop condition,1,
335,RULE,5,505008,308,longest-substring,Longest Substring Without Repeating Characters,medium,sliding window invariant,5,partial_logic,partial_but_compiling,CONCEPTUAL_HINT,Compiling but incomplete logic should receive a compact conceptual nudge.,200,CONCEPTUAL_HINT,true,UNKNOWN,True,1,2,248,292,logic block,1,
336,RULE,5,505008,308,longest-substring,Longest Substring Without Repeating Characters,medium,sliding window invariant,6,local_completion,locally_complete,NO_FEEDBACK,Locally complete state should not be interrupted.,200,NO_FEEDBACK,true,UNKNOWN,True,3,0,243,276,logic block,1,
337,RULE,5,505009,309,reverse-linked-list,Reverse Linked List,easy,pointer update order,1,syntax,missing_statement_ending,CODE_HIGHLIGHT,First syntax error should be localized before giving a concept explanation.,200,CODE_HIGHLIGHT,true,SYNTAX_ERROR,False,0,0,49,85,statement ending,1,
338,RULE,5,505009,309,reverse-linked-list,Reverse Linked List,easy,pointer update order,2,planning,unfinished_implementation,GUIDING_QUESTION,Unfinished code should prompt the student to state the next step.,200,GUIDING_QUESTION,true,STUCK_NO_PROGRESS,True,0,3,245,291,unfinished implementation,2,
339,RULE,5,505009,309,reverse-linked-list,Reverse Linked List,easy,pointer update order,3,first_conceptual_error,wrong_condition_first,CONCEPTUAL_HINT,First substantial mistake should receive the least sufficient intervention.,200,CONCEPTUAL_HINT,true,WRONG_CONDITION,True,1,2,253,292,while condition,1,
340,RULE,5,505009,309,reverse-linked-list,Reverse Linked List,easy,pointer update order,4,repeated_conceptual_error,wrong_condition_repeat,CONCEPTUAL_HINT,Repeated mistake should move from location cue to conceptual support.,200,CONCEPTUAL_HINT,true,WRONG_CONDITION,True,1,2,244,290,while condition,1,
341,RULE,5,505009,309,reverse-linked-list,Reverse Linked List,easy,pointer update order,5,partial_logic,partial_but_compiling,CONCEPTUAL_HINT,Compiling but incomplete logic should receive a compact conceptual nudge.,200,CONCEPTUAL_HINT,true,UNKNOWN,True,1,2,242,279,logic block,1,
342,RULE,5,505009,309,reverse-linked-list,Reverse Linked List,easy,pointer update order,6,local_completion,locally_complete,NO_FEEDBACK,Locally complete state should not be interrupted.,200,NO_FEEDBACK,true,UNKNOWN,True,3,0,246,280,logic block,1,
343,RULE,5,505010,310,matrix-diagonal-sum,Matrix Diagonal Sum,easy,nested indexing and double counting,1,syntax,missing_statement_ending,CODE_HIGHLIGHT,First syntax error should be localized before giving a concept explanation.,200,CODE_HIGHLIGHT,true,SYNTAX_ERROR,False,0,0,50,83,statement ending,1,
344,RULE,5,505010,310,matrix-diagonal-sum,Matrix Diagonal Sum,easy,nested indexing and double counting,2,planning,unfinished_implementation,GUIDING_QUESTION,Unfinished code should prompt the student to state the next step.,200,GUIDING_QUESTION,true,STUCK_NO_PROGRESS,True,0,3,245,297,unfinished implementation,2,
345,RULE,5,505010,310,matrix-diagonal-sum,Matrix Diagonal Sum,easy,nested indexing and double counting,3,first_conceptual_error,off_by_one_first,CODE_HIGHLIGHT,First substantial mistake should receive the least sufficient intervention.,200,CODE_HIGHLIGHT,true,OFF_BY_ONE,True,1,2,252,294,for loop condition,1,
346,RULE,5,505010,310,matrix-diagonal-sum,Matrix Diagonal Sum,easy,nested indexing and double counting,4,repeated_conceptual_error,off_by_one_repeat,CONCEPTUAL_HINT,Repeated mistake should move from location cue to conceptual support.,200,CONCEPTUAL_HINT,true,OFF_BY_ONE,True,1,2,245,287,for loop condition,1,
347,RULE,5,505010,310,matrix-diagonal-sum,Matrix Diagonal Sum,easy,nested indexing and double counting,5,partial_logic,partial_but_compiling,CONCEPTUAL_HINT,Compiling but incomplete logic should receive a compact conceptual nudge.,200,CONCEPTUAL_HINT,true,UNKNOWN,True,1,2,250,294,logic block,1,
348,RULE,5,505010,310,matrix-diagonal-sum,Matrix Diagonal Sum,easy,nested indexing and double counting,6,local_completion,locally_complete,NO_FEEDBACK,Locally complete state should not be interrupted.,200,NO_FEEDBACK,true,UNKNOWN,True,3,0,243,279,logic block,1,
349,RULE,5,505011,311,roman-to-integer,Roman to Integer,easy,lookahead condition,1,syntax,missing_statement_ending,CODE_HIGHLIGHT,First syntax error should be localized before giving a concept explanation.,200,CODE_HIGHLIGHT,true,SYNTAX_ERROR,False,0,0,50,90,statement ending,1,
350,RULE,5,505011,311,roman-to-integer,Roman to Integer,easy,lookahead condition,2,planning,unfinished_implementation,GUIDING_QUESTION,Unfinished code should prompt the student to state the next step.,200,GUIDING_QUESTION,true,STUCK_NO_PROGRESS,True,0,3,249,292,unfinished implementation,2,
351,RULE,5,505011,311,roman-to-integer,Roman to Integer,easy,lookahead condition,3,first_conceptual_error,off_by_one_first,CODE_HIGHLIGHT,First substantial mistake should receive the least sufficient intervention.,200,CODE_HIGHLIGHT,true,OFF_BY_ONE,True,1,2,265,299,for loop condition,1,
352,RULE,5,505011,311,roman-to-integer,Roman to Integer,easy,lookahead condition,4,repeated_conceptual_error,off_by_one_repeat,CONCEPTUAL_HINT,Repeated mistake should move from location cue to conceptual support.,200,CONCEPTUAL_HINT,true,OFF_BY_ONE,True,1,2,268,302,for loop condition,1,
353,RULE,5,505011,311,roman-to-integer,Roman to Integer,easy,lookahead condition,5,partial_logic,partial_but_compiling,CONCEPTUAL_HINT,Compiling but incomplete logic should receive a compact conceptual nudge.,200,CONCEPTUAL_HINT,true,UNKNOWN,True,1,2,271,311,logic block,1,
354,RULE,5,505011,311,roman-to-integer,Roman to Integer,easy,lookahead condition,6,local_completion,locally_complete,NO_FEEDBACK,Locally complete state should not be interrupted.,200,NO_FEEDBACK,true,UNKNOWN,True,3,0,244,261,logic block,1,
355,RULE,5,505012,312,climbing-stairs,Climbing Stairs,easy,base cases and recurrence,1,syntax,missing_statement_ending,CODE_HIGHLIGHT,First syntax error should be localized before giving a concept explanation.,200,CODE_HIGHLIGHT,true,SYNTAX_ERROR,False,0,0,46,87,statement ending,1,
356,RULE,5,505012,312,climbing-stairs,Climbing Stairs,easy,base cases and recurrence,2,planning,unfinished_implementation,GUIDING_QUESTION,Unfinished code should prompt the student to state the next step.,200,GUIDING_QUESTION,true,STUCK_NO_PROGRESS,True,0,3,251,292,unfinished implementation,2,
357,RULE,5,505012,312,climbing-stairs,Climbing Stairs,easy,base cases and recurrence,3,first_conceptual_error,wrong_condition_first,CONCEPTUAL_HINT,First substantial mistake should receive the least sufficient intervention.,200,CONCEPTUAL_HINT,true,WRONG_CONDITION,True,1,2,245,266,while condition,1,
358,RULE,5,505012,312,climbing-stairs,Climbing Stairs,easy,base cases and recurrence,4,repeated_conceptual_error,wrong_condition_repeat,CONCEPTUAL_HINT,Repeated mistake should move from location cue to conceptual support.,200,CONCEPTUAL_HINT,true,WRONG_CONDITION,True,1,2,242,279,while condition,1,
359,RULE,5,505012,312,climbing-stairs,Climbing Stairs,easy,base cases and recurrence,5,partial_logic,partial_but_compiling,CONCEPTUAL_HINT,Compiling but incomplete logic should receive a compact conceptual nudge.,200,CONCEPTUAL_HINT,true,UNKNOWN,True,1,2,257,299,logic block,1,
360,RULE,5,505012,312,climbing-stairs,Climbing Stairs,easy,base cases and recurrence,6,local_completion,locally_complete,NO_FEEDBACK,Locally complete state should not be interrupted.,200,CODE_HIGHLIGHT,false,OFF_BY_ONE,True,1,2,247,280,for loop condition,1,
361,RULE,6,506001,301,palindrome,Valid Palindrome,easy,two pointers and string normalization,1,syntax,missing_statement_ending,CODE_HIGHLIGHT,First syntax error should be localized before giving a concept explanation.,200,CODE_HIGHLIGHT,true,SYNTAX_ERROR,False,0,0,49,90,statement ending,1,
362,RULE,6,506001,301,palindrome,Valid Palindrome,easy,two pointers and string normalization,2,planning,unfinished_implementation,GUIDING_QUESTION,Unfinished code should prompt the student to state the next step.,200,GUIDING_QUESTION,true,STUCK_NO_PROGRESS,True,0,3,246,291,unfinished implementation,2,
363,RULE,6,506001,301,palindrome,Valid Palindrome,easy,two pointers and string normalization,3,first_conceptual_error,possible_null_access_first,CODE_HIGHLIGHT,First substantial mistake should receive the least sufficient intervention.,200,CODE_HIGHLIGHT,true,POSSIBLE_NULL_ACCESS,True,3,0,260,292,missing null or empty guard,1,
364,RULE,6,506001,301,palindrome,Valid Palindrome,easy,two pointers and string normalization,4,repeated_conceptual_error,possible_null_access_repeat,CONCEPTUAL_HINT,Repeated mistake should move from location cue to conceptual support.,200,CONCEPTUAL_HINT,true,POSSIBLE_NULL_ACCESS,True,3,0,260,302,missing null or empty guard,1,
365,RULE,6,506001,301,palindrome,Valid Palindrome,easy,two pointers and string normalization,5,partial_logic,partial_but_compiling,CONCEPTUAL_HINT,Compiling but incomplete logic should receive a compact conceptual nudge.,200,CONCEPTUAL_HINT,true,UNKNOWN,True,1,2,256,295,logic block,1,
366,RULE,6,506001,301,palindrome,Valid Palindrome,easy,two pointers and string normalization,6,local_completion,locally_complete,NO_FEEDBACK,Locally complete state should not be interrupted.,200,CONCEPTUAL_HINT,false,WRONG_CONDITION,True,1,2,244,292,while condition,1,
367,RULE,6,506002,302,two-sum,Two Sum,easy,hash map lookup and pair search,1,syntax,missing_statement_ending,CODE_HIGHLIGHT,First syntax error should be localized before giving a concept explanation.,200,CODE_HIGHLIGHT,true,SYNTAX_ERROR,False,0,0,48,98,statement ending,1,
368,RULE,6,506002,302,two-sum,Two Sum,easy,hash map lookup and pair search,2,planning,unfinished_implementation,GUIDING_QUESTION,Unfinished code should prompt the student to state the next step.,200,GUIDING_QUESTION,true,STUCK_NO_PROGRESS,True,0,3,244,282,unfinished implementation,2,
369,RULE,6,506002,302,two-sum,Two Sum,easy,hash map lookup and pair search,3,first_conceptual_error,off_by_one_first,CODE_HIGHLIGHT,First substantial mistake should receive the least sufficient intervention.,200,CODE_HIGHLIGHT,true,OFF_BY_ONE,True,1,2,249,280,for loop condition,1,
370,RULE,6,506002,302,two-sum,Two Sum,easy,hash map lookup and pair search,4,repeated_conceptual_error,off_by_one_repeat,CONCEPTUAL_HINT,Repeated mistake should move from location cue to conceptual support.,200,CONCEPTUAL_HINT,true,OFF_BY_ONE,True,1,2,246,283,for loop condition,1,
371,RULE,6,506002,302,two-sum,Two Sum,easy,hash map lookup and pair search,5,partial_logic,partial_but_compiling,CONCEPTUAL_HINT,Compiling but incomplete logic should receive a compact conceptual nudge.,200,CONCEPTUAL_HINT,true,UNKNOWN,True,1,2,242,281,logic block,1,
372,RULE,6,506002,302,two-sum,Two Sum,easy,hash map lookup and pair search,6,local_completion,locally_complete,NO_FEEDBACK,Locally complete state should not be interrupted.,200,NO_FEEDBACK,true,UNKNOWN,True,3,0,244,289,logic block,1,
373,RULE,6,506003,303,valid-parentheses,Valid Parentheses,easy,stack state and matching brackets,1,syntax,missing_statement_ending,CODE_HIGHLIGHT,First syntax error should be localized before giving a concept explanation.,200,CODE_HIGHLIGHT,true,SYNTAX_ERROR,False,0,0,48,82,statement ending,1,
374,RULE,6,506003,303,valid-parentheses,Valid Parentheses,easy,stack state and matching brackets,2,planning,unfinished_implementation,GUIDING_QUESTION,Unfinished code should prompt the student to state the next step.,200,GUIDING_QUESTION,true,STUCK_NO_PROGRESS,True,0,3,243,279,unfinished implementation,2,
375,RULE,6,506003,303,valid-parentheses,Valid Parentheses,easy,stack state and matching brackets,3,first_conceptual_error,possible_null_access_first,CODE_HIGHLIGHT,First substantial mistake should receive the least sufficient intervention.,200,NO_FEEDBACK,false,UNKNOWN,True,3,0,241,285,logic block,1,
376,RULE,6,506003,303,valid-parentheses,Valid Parentheses,easy,stack state and matching brackets,4,repeated_conceptual_error,possible_null_access_repeat,CONCEPTUAL_HINT,Repeated mistake should move from location cue to conceptual support.,200,NO_FEEDBACK,false,UNKNOWN,True,3,0,243,287,logic block,1,
377,RULE,6,506003,303,valid-parentheses,Valid Parentheses,easy,stack state and matching brackets,5,partial_logic,partial_but_compiling,CONCEPTUAL_HINT,Compiling but incomplete logic should receive a compact conceptual nudge.,200,CONCEPTUAL_HINT,true,UNKNOWN,True,1,2,249,292,logic block,1,
378,RULE,6,506003,303,valid-parentheses,Valid Parentheses,easy,stack state and matching brackets,6,local_completion,locally_complete,NO_FEEDBACK,Locally complete state should not be interrupted.,200,CONCEPTUAL_HINT,false,UNKNOWN,True,3,0,240,279,logic block,1,
379,RULE,6,506004,304,binary-search,Binary Search,easy,search interval invariant,1,syntax,missing_statement_ending,CODE_HIGHLIGHT,First syntax error should be localized before giving a concept explanation.,200,CODE_HIGHLIGHT,true,SYNTAX_ERROR,False,0,0,47,89,statement ending,1,
380,RULE,6,506004,304,binary-search,Binary Search,easy,search interval invariant,2,planning,unfinished_implementation,GUIDING_QUESTION,Unfinished code should prompt the student to state the next step.,200,GUIDING_QUESTION,true,STUCK_NO_PROGRESS,True,0,3,240,274,unfinished implementation,2,
381,RULE,6,506004,304,binary-search,Binary Search,easy,search interval invariant,3,first_conceptual_error,wrong_loop_boundary_first,CODE_HIGHLIGHT,First substantial mistake should receive the least sufficient intervention.,200,CODE_HIGHLIGHT,true,WRONG_LOOP_BOUNDARY,True,1,2,253,296,binary search loop boundary,1,
382,RULE,6,506004,304,binary-search,Binary Search,easy,search interval invariant,4,repeated_conceptual_error,wrong_loop_boundary_repeat,CONCEPTUAL_HINT,Repeated mistake should move from location cue to conceptual support.,200,CONCEPTUAL_HINT,true,WRONG_LOOP_BOUNDARY,True,1,2,254,313,binary search loop boundary,1,
383,RULE,6,506004,304,binary-search,Binary Search,easy,search interval invariant,5,partial_logic,partial_but_compiling,CONCEPTUAL_HINT,Compiling but incomplete logic should receive a compact conceptual nudge.,200,CONCEPTUAL_HINT,true,UNKNOWN,True,1,2,249,287,logic block,1,
384,RULE,6,506004,304,binary-search,Binary Search,easy,search interval invariant,6,local_completion,locally_complete,NO_FEEDBACK,Locally complete state should not be interrupted.,200,NO_FEEDBACK,true,UNKNOWN,True,3,0,255,277,logic block,1,
385,RULE,6,506005,305,merge-sorted-array,Merge Sorted Array,easy,array index management,1,syntax,missing_statement_ending,CODE_HIGHLIGHT,First syntax error should be localized before giving a concept explanation.,200,CODE_HIGHLIGHT,true,SYNTAX_ERROR,False,0,0,50,83,statement ending,1,
386,RULE,6,506005,305,merge-sorted-array,Merge Sorted Array,easy,array index management,2,planning,unfinished_implementation,GUIDING_QUESTION,Unfinished code should prompt the student to state the next step.,200,GUIDING_QUESTION,true,STUCK_NO_PROGRESS,True,0,3,255,276,unfinished implementation,2,
387,RULE,6,506005,305,merge-sorted-array,Merge Sorted Array,easy,array index management,3,first_conceptual_error,off_by_one_first,CODE_HIGHLIGHT,First substantial mistake should receive the least sufficient intervention.,200,CODE_HIGHLIGHT,true,OFF_BY_ONE,True,1,2,243,263,for loop condition,1,
388,RULE,6,506005,305,merge-sorted-array,Merge Sorted Array,easy,array index management,4,repeated_conceptual_error,off_by_one_repeat,CONCEPTUAL_HINT,Repeated mistake should move from location cue to conceptual support.,200,CONCEPTUAL_HINT,true,OFF_BY_ONE,True,1,2,247,283,for loop condition,1,
389,RULE,6,506005,305,merge-sorted-array,Merge Sorted Array,easy,array index management,5,partial_logic,partial_but_compiling,CONCEPTUAL_HINT,Compiling but incomplete logic should receive a compact conceptual nudge.,200,CONCEPTUAL_HINT,true,UNKNOWN,True,1,2,244,281,logic block,1,
390,RULE,6,506005,305,merge-sorted-array,Merge Sorted Array,easy,array index management,6,local_completion,locally_complete,NO_FEEDBACK,Locally complete state should not be interrupted.,200,NO_FEEDBACK,true,UNKNOWN,True,3,0,252,284,logic block,1,
391,RULE,6,506006,306,trapping-rain-water,Trapping Rain Water,hard,two pointers and running maxima,1,syntax,missing_statement_ending,CODE_HIGHLIGHT,First syntax error should be localized before giving a concept explanation.,200,CODE_HIGHLIGHT,true,SYNTAX_ERROR,False,0,0,50,95,statement ending,1,
392,RULE,6,506006,306,trapping-rain-water,Trapping Rain Water,hard,two pointers and running maxima,2,planning,unfinished_implementation,GUIDING_QUESTION,Unfinished code should prompt the student to state the next step.,200,GUIDING_QUESTION,true,STUCK_NO_PROGRESS,True,0,3,276,319,unfinished implementation,2,
393,RULE,6,506006,306,trapping-rain-water,Trapping Rain Water,hard,two pointers and running maxima,3,first_conceptual_error,wrong_condition_first,CONCEPTUAL_HINT,First substantial mistake should receive the least sufficient intervention.,200,CONCEPTUAL_HINT,true,WRONG_CONDITION,True,1,2,263,299,while condition,1,
394,RULE,6,506006,306,trapping-rain-water,Trapping Rain Water,hard,two pointers and running maxima,4,repeated_conceptual_error,wrong_condition_repeat,CONCEPTUAL_HINT,Repeated mistake should move from location cue to conceptual support.,200,CONCEPTUAL_HINT,true,WRONG_CONDITION,True,1,2,251,298,while condition,1,
395,RULE,6,506006,306,trapping-rain-water,Trapping Rain Water,hard,two pointers and running maxima,5,partial_logic,partial_but_compiling,CONCEPTUAL_HINT,Compiling but incomplete logic should receive a compact conceptual nudge.,200,CONCEPTUAL_HINT,true,UNKNOWN,True,1,2,236,269,logic block,1,
396,RULE,6,506006,306,trapping-rain-water,Trapping Rain Water,hard,two pointers and running maxima,6,local_completion,locally_complete,NO_FEEDBACK,Locally complete state should not be interrupted.,200,CONCEPTUAL_HINT,false,UNKNOWN,True,1,2,240,274,logic block,1,
397,RULE,6,506007,307,lru-cache,LRU Cache,medium,state update and eviction policy,1,syntax,missing_statement_ending,CODE_HIGHLIGHT,First syntax error should be localized before giving a concept explanation.,200,CODE_HIGHLIGHT,true,SYNTAX_ERROR,False,0,0,52,71,statement ending,1,
398,RULE,6,506007,307,lru-cache,LRU Cache,medium,state update and eviction policy,2,planning,unfinished_implementation,GUIDING_QUESTION,Unfinished code should prompt the student to state the next step.,200,GUIDING_QUESTION,true,STUCK_NO_PROGRESS,True,0,3,253,287,unfinished implementation,2,
399,RULE,6,506007,307,lru-cache,LRU Cache,medium,state update and eviction policy,3,first_conceptual_error,unknown_logic_first,CONCEPTUAL_HINT,First substantial mistake should receive the least sufficient intervention.,200,NO_FEEDBACK,false,UNKNOWN,True,3,0,251,288,logic block,1,
400,RULE,6,506007,307,lru-cache,LRU Cache,medium,state update and eviction policy,4,repeated_conceptual_error,unknown_logic_repeat,CONCEPTUAL_HINT,Repeated mistake should move from location cue to conceptual support.,200,NO_FEEDBACK,false,UNKNOWN,True,3,0,255,297,logic block,1,
401,RULE,6,506007,307,lru-cache,LRU Cache,medium,state update and eviction policy,5,partial_logic,partial_but_compiling,CONCEPTUAL_HINT,Compiling but incomplete logic should receive a compact conceptual nudge.,200,CONCEPTUAL_HINT,true,UNKNOWN,True,1,2,248,283,logic block,1,
402,RULE,6,506007,307,lru-cache,LRU Cache,medium,state update and eviction policy,6,local_completion,locally_complete,NO_FEEDBACK,Locally complete state should not be interrupted.,200,CONCEPTUAL_HINT,false,UNKNOWN,True,3,0,257,284,logic block,1,
403,RULE,6,506008,308,longest-substring,Longest Substring Without Repeating Characters,medium,sliding window invariant,1,syntax,missing_statement_ending,CODE_HIGHLIGHT,First syntax error should be localized before giving a concept explanation.,200,CODE_HIGHLIGHT,true,SYNTAX_ERROR,False,0,0,50,96,statement ending,1,
404,RULE,6,506008,308,longest-substring,Longest Substring Without Repeating Characters,medium,sliding window invariant,2,planning,unfinished_implementation,GUIDING_QUESTION,Unfinished code should prompt the student to state the next step.,200,GUIDING_QUESTION,true,STUCK_NO_PROGRESS,True,0,3,251,293,unfinished implementation,2,
405,RULE,6,506008,308,longest-substring,Longest Substring Without Repeating Characters,medium,sliding window invariant,3,first_conceptual_error,off_by_one_first,CODE_HIGHLIGHT,First substantial mistake should receive the least sufficient intervention.,200,CODE_HIGHLIGHT,true,OFF_BY_ONE,True,1,2,246,279,for loop condition,1,
406,RULE,6,506008,308,longest-substring,Longest Substring Without Repeating Characters,medium,sliding window invariant,4,repeated_conceptual_error,off_by_one_repeat,CONCEPTUAL_HINT,Repeated mistake should move from location cue to conceptual support.,200,CONCEPTUAL_HINT,true,OFF_BY_ONE,True,1,2,250,282,for loop condition,1,
407,RULE,6,506008,308,longest-substring,Longest Substring Without Repeating Characters,medium,sliding window invariant,5,partial_logic,partial_but_compiling,CONCEPTUAL_HINT,Compiling but incomplete logic should receive a compact conceptual nudge.,200,CONCEPTUAL_HINT,true,UNKNOWN,True,1,2,250,289,logic block,1,
408,RULE,6,506008,308,longest-substring,Longest Substring Without Repeating Characters,medium,sliding window invariant,6,local_completion,locally_complete,NO_FEEDBACK,Locally complete state should not be interrupted.,200,NO_FEEDBACK,true,UNKNOWN,True,3,0,247,285,logic block,1,
409,RULE,6,506009,309,reverse-linked-list,Reverse Linked List,easy,pointer update order,1,syntax,missing_statement_ending,CODE_HIGHLIGHT,First syntax error should be localized before giving a concept explanation.,200,CODE_HIGHLIGHT,true,SYNTAX_ERROR,False,0,0,48,93,statement ending,1,
410,RULE,6,506009,309,reverse-linked-list,Reverse Linked List,easy,pointer update order,2,planning,unfinished_implementation,GUIDING_QUESTION,Unfinished code should prompt the student to state the next step.,200,GUIDING_QUESTION,true,STUCK_NO_PROGRESS,True,0,3,245,288,unfinished implementation,2,
411,RULE,6,506009,309,reverse-linked-list,Reverse Linked List,easy,pointer update order,3,first_conceptual_error,wrong_condition_first,CONCEPTUAL_HINT,First substantial mistake should receive the least sufficient intervention.,200,CONCEPTUAL_HINT,true,WRONG_CONDITION,True,1,2,250,289,while condition,1,
412,RULE,6,506009,309,reverse-linked-list,Reverse Linked List,easy,pointer update order,4,repeated_conceptual_error,wrong_condition_repeat,CONCEPTUAL_HINT,Repeated mistake should move from location cue to conceptual support.,200,CONCEPTUAL_HINT,true,WRONG_CONDITION,True,1,2,246,289,while condition,1,
413,RULE,6,506009,309,reverse-linked-list,Reverse Linked List,easy,pointer update order,5,partial_logic,partial_but_compiling,CONCEPTUAL_HINT,Compiling but incomplete logic should receive a compact conceptual nudge.,200,CONCEPTUAL_HINT,true,UNKNOWN,True,1,2,244,283,logic block,1,
414,RULE,6,506009,309,reverse-linked-list,Reverse Linked List,easy,pointer update order,6,local_completion,locally_complete,NO_FEEDBACK,Locally complete state should not be interrupted.,200,NO_FEEDBACK,true,UNKNOWN,True,3,0,244,285,logic block,1,
415,RULE,6,506010,310,matrix-diagonal-sum,Matrix Diagonal Sum,easy,nested indexing and double counting,1,syntax,missing_statement_ending,CODE_HIGHLIGHT,First syntax error should be localized before giving a concept explanation.,200,CODE_HIGHLIGHT,true,SYNTAX_ERROR,False,0,0,54,98,statement ending,1,
416,RULE,6,506010,310,matrix-diagonal-sum,Matrix Diagonal Sum,easy,nested indexing and double counting,2,planning,unfinished_implementation,GUIDING_QUESTION,Unfinished code should prompt the student to state the next step.,200,GUIDING_QUESTION,true,STUCK_NO_PROGRESS,True,0,3,242,281,unfinished implementation,2,
417,RULE,6,506010,310,matrix-diagonal-sum,Matrix Diagonal Sum,easy,nested indexing and double counting,3,first_conceptual_error,off_by_one_first,CODE_HIGHLIGHT,First substantial mistake should receive the least sufficient intervention.,200,CODE_HIGHLIGHT,true,OFF_BY_ONE,True,1,2,247,282,for loop condition,1,
418,RULE,6,506010,310,matrix-diagonal-sum,Matrix Diagonal Sum,easy,nested indexing and double counting,4,repeated_conceptual_error,off_by_one_repeat,CONCEPTUAL_HINT,Repeated mistake should move from location cue to conceptual support.,200,CONCEPTUAL_HINT,true,OFF_BY_ONE,True,1,2,238,284,for loop condition,1,
419,RULE,6,506010,310,matrix-diagonal-sum,Matrix Diagonal Sum,easy,nested indexing and double counting,5,partial_logic,partial_but_compiling,CONCEPTUAL_HINT,Compiling but incomplete logic should receive a compact conceptual nudge.,200,CONCEPTUAL_HINT,true,UNKNOWN,True,1,2,250,282,logic block,1,
420,RULE,6,506010,310,matrix-diagonal-sum,Matrix Diagonal Sum,easy,nested indexing and double counting,6,local_completion,locally_complete,NO_FEEDBACK,Locally complete state should not be interrupted.,200,NO_FEEDBACK,true,UNKNOWN,True,3,0,254,298,logic block,1,
421,RULE,6,506011,311,roman-to-integer,Roman to Integer,easy,lookahead condition,1,syntax,missing_statement_ending,CODE_HIGHLIGHT,First syntax error should be localized before giving a concept explanation.,200,CODE_HIGHLIGHT,true,SYNTAX_ERROR,False,0,0,50,87,statement ending,1,
422,RULE,6,506011,311,roman-to-integer,Roman to Integer,easy,lookahead condition,2,planning,unfinished_implementation,GUIDING_QUESTION,Unfinished code should prompt the student to state the next step.,200,GUIDING_QUESTION,true,STUCK_NO_PROGRESS,True,0,3,251,294,unfinished implementation,2,
423,RULE,6,506011,311,roman-to-integer,Roman to Integer,easy,lookahead condition,3,first_conceptual_error,off_by_one_first,CODE_HIGHLIGHT,First substantial mistake should receive the least sufficient intervention.,200,CODE_HIGHLIGHT,true,OFF_BY_ONE,True,1,2,253,287,for loop condition,1,
424,RULE,6,506011,311,roman-to-integer,Roman to Integer,easy,lookahead condition,4,repeated_conceptual_error,off_by_one_repeat,CONCEPTUAL_HINT,Repeated mistake should move from location cue to conceptual support.,200,CONCEPTUAL_HINT,true,OFF_BY_ONE,True,1,2,258,295,for loop condition,1,
425,RULE,6,506011,311,roman-to-integer,Roman to Integer,easy,lookahead condition,5,partial_logic,partial_but_compiling,CONCEPTUAL_HINT,Compiling but incomplete logic should receive a compact conceptual nudge.,200,CONCEPTUAL_HINT,true,UNKNOWN,True,1,2,247,271,logic block,1,
426,RULE,6,506011,311,roman-to-integer,Roman to Integer,easy,lookahead condition,6,local_completion,locally_complete,NO_FEEDBACK,Locally complete state should not be interrupted.,200,NO_FEEDBACK,true,UNKNOWN,True,3,0,249,283,logic block,1,
427,RULE,6,506012,312,climbing-stairs,Climbing Stairs,easy,base cases and recurrence,1,syntax,missing_statement_ending,CODE_HIGHLIGHT,First syntax error should be localized before giving a concept explanation.,200,CODE_HIGHLIGHT,true,SYNTAX_ERROR,False,0,0,52,91,statement ending,1,
428,RULE,6,506012,312,climbing-stairs,Climbing Stairs,easy,base cases and recurrence,2,planning,unfinished_implementation,GUIDING_QUESTION,Unfinished code should prompt the student to state the next step.,200,GUIDING_QUESTION,true,STUCK_NO_PROGRESS,True,0,3,254,293,unfinished implementation,2,
429,RULE,6,506012,312,climbing-stairs,Climbing Stairs,easy,base cases and recurrence,3,first_conceptual_error,wrong_condition_first,CONCEPTUAL_HINT,First substantial mistake should receive the least sufficient intervention.,200,CONCEPTUAL_HINT,true,WRONG_CONDITION,True,1,2,245,285,while condition,1,
430,RULE,6,506012,312,climbing-stairs,Climbing Stairs,easy,base cases and recurrence,4,repeated_conceptual_error,wrong_condition_repeat,CONCEPTUAL_HINT,Repeated mistake should move from location cue to conceptual support.,200,CONCEPTUAL_HINT,true,WRONG_CONDITION,True,1,2,246,279,while condition,1,
431,RULE,6,506012,312,climbing-stairs,Climbing Stairs,easy,base cases and recurrence,5,partial_logic,partial_but_compiling,CONCEPTUAL_HINT,Compiling but incomplete logic should receive a compact conceptual nudge.,200,CONCEPTUAL_HINT,true,UNKNOWN,True,1,2,278,323,logic block,1,
432,RULE,6,506012,312,climbing-stairs,Climbing Stairs,easy,base cases and recurrence,6,local_completion,locally_complete,NO_FEEDBACK,Locally complete state should not be interrupted.,200,CODE_HIGHLIGHT,false,OFF_BY_ONE,True,1,2,265,306,for loop condition,1,
433,RULE,7,507001,301,palindrome,Valid Palindrome,easy,two pointers and string normalization,1,syntax,missing_statement_ending,CODE_HIGHLIGHT,First syntax error should be localized before giving a concept explanation.,200,CODE_HIGHLIGHT,true,SYNTAX_ERROR,False,0,0,49,79,statement ending,1,
434,RULE,7,507001,301,palindrome,Valid Palindrome,easy,two pointers and string normalization,2,planning,unfinished_implementation,GUIDING_QUESTION,Unfinished code should prompt the student to state the next step.,200,GUIDING_QUESTION,true,STUCK_NO_PROGRESS,True,0,3,243,289,unfinished implementation,2,
435,RULE,7,507001,301,palindrome,Valid Palindrome,easy,two pointers and string normalization,3,first_conceptual_error,possible_null_access_first,CODE_HIGHLIGHT,First substantial mistake should receive the least sufficient intervention.,200,CODE_HIGHLIGHT,true,POSSIBLE_NULL_ACCESS,True,3,0,236,267,missing null or empty guard,1,
436,RULE,7,507001,301,palindrome,Valid Palindrome,easy,two pointers and string normalization,4,repeated_conceptual_error,possible_null_access_repeat,CONCEPTUAL_HINT,Repeated mistake should move from location cue to conceptual support.,200,CONCEPTUAL_HINT,true,POSSIBLE_NULL_ACCESS,True,3,0,251,297,missing null or empty guard,1,
437,RULE,7,507001,301,palindrome,Valid Palindrome,easy,two pointers and string normalization,5,partial_logic,partial_but_compiling,CONCEPTUAL_HINT,Compiling but incomplete logic should receive a compact conceptual nudge.,200,CONCEPTUAL_HINT,true,UNKNOWN,True,1,2,245,286,logic block,1,
438,RULE,7,507001,301,palindrome,Valid Palindrome,easy,two pointers and string normalization,6,local_completion,locally_complete,NO_FEEDBACK,Locally complete state should not be interrupted.,200,CONCEPTUAL_HINT,false,WRONG_CONDITION,True,1,2,244,279,while condition,1,
439,RULE,7,507002,302,two-sum,Two Sum,easy,hash map lookup and pair search,1,syntax,missing_statement_ending,CODE_HIGHLIGHT,First syntax error should be localized before giving a concept explanation.,200,CODE_HIGHLIGHT,true,SYNTAX_ERROR,False,0,0,46,79,statement ending,1,
440,RULE,7,507002,302,two-sum,Two Sum,easy,hash map lookup and pair search,2,planning,unfinished_implementation,GUIDING_QUESTION,Unfinished code should prompt the student to state the next step.,200,GUIDING_QUESTION,true,STUCK_NO_PROGRESS,True,0,3,251,297,unfinished implementation,2,
441,RULE,7,507002,302,two-sum,Two Sum,easy,hash map lookup and pair search,3,first_conceptual_error,off_by_one_first,CODE_HIGHLIGHT,First substantial mistake should receive the least sufficient intervention.,200,CODE_HIGHLIGHT,true,OFF_BY_ONE,True,1,2,241,278,for loop condition,1,
442,RULE,7,507002,302,two-sum,Two Sum,easy,hash map lookup and pair search,4,repeated_conceptual_error,off_by_one_repeat,CONCEPTUAL_HINT,Repeated mistake should move from location cue to conceptual support.,200,CONCEPTUAL_HINT,true,OFF_BY_ONE,True,1,2,247,288,for loop condition,1,
443,RULE,7,507002,302,two-sum,Two Sum,easy,hash map lookup and pair search,5,partial_logic,partial_but_compiling,CONCEPTUAL_HINT,Compiling but incomplete logic should receive a compact conceptual nudge.,200,CONCEPTUAL_HINT,true,UNKNOWN,True,1,2,240,283,logic block,1,
444,RULE,7,507002,302,two-sum,Two Sum,easy,hash map lookup and pair search,6,local_completion,locally_complete,NO_FEEDBACK,Locally complete state should not be interrupted.,200,NO_FEEDBACK,true,UNKNOWN,True,3,0,248,268,logic block,1,
445,RULE,7,507003,303,valid-parentheses,Valid Parentheses,easy,stack state and matching brackets,1,syntax,missing_statement_ending,CODE_HIGHLIGHT,First syntax error should be localized before giving a concept explanation.,200,CODE_HIGHLIGHT,true,SYNTAX_ERROR,False,0,0,47,89,statement ending,1,
446,RULE,7,507003,303,valid-parentheses,Valid Parentheses,easy,stack state and matching brackets,2,planning,unfinished_implementation,GUIDING_QUESTION,Unfinished code should prompt the student to state the next step.,200,GUIDING_QUESTION,true,STUCK_NO_PROGRESS,True,0,3,241,258,unfinished implementation,2,
447,RULE,7,507003,303,valid-parentheses,Valid Parentheses,easy,stack state and matching brackets,3,first_conceptual_error,possible_null_access_first,CODE_HIGHLIGHT,First substantial mistake should receive the least sufficient intervention.,200,NO_FEEDBACK,false,UNKNOWN,True,3,0,241,274,logic block,1,
448,RULE,7,507003,303,valid-parentheses,Valid Parentheses,easy,stack state and matching brackets,4,repeated_conceptual_error,possible_null_access_repeat,CONCEPTUAL_HINT,Repeated mistake should move from location cue to conceptual support.,200,NO_FEEDBACK,false,UNKNOWN,True,3,0,242,284,logic block,1,
449,RULE,7,507003,303,valid-parentheses,Valid Parentheses,easy,stack state and matching brackets,5,partial_logic,partial_but_compiling,CONCEPTUAL_HINT,Compiling but incomplete logic should receive a compact conceptual nudge.,200,CONCEPTUAL_HINT,true,UNKNOWN,True,1,2,254,288,logic block,1,
450,RULE,7,507003,303,valid-parentheses,Valid Parentheses,easy,stack state and matching brackets,6,local_completion,locally_complete,NO_FEEDBACK,Locally complete state should not be interrupted.,200,CONCEPTUAL_HINT,false,UNKNOWN,True,3,0,242,282,logic block,1,
451,RULE,7,507004,304,binary-search,Binary Search,easy,search interval invariant,1,syntax,missing_statement_ending,CODE_HIGHLIGHT,First syntax error should be localized before giving a concept explanation.,200,CODE_HIGHLIGHT,true,SYNTAX_ERROR,False,0,0,46,83,statement ending,1,
452,RULE,7,507004,304,binary-search,Binary Search,easy,search interval invariant,2,planning,unfinished_implementation,GUIDING_QUESTION,Unfinished code should prompt the student to state the next step.,200,GUIDING_QUESTION,true,STUCK_NO_PROGRESS,True,0,3,242,274,unfinished implementation,2,
453,RULE,7,507004,304,binary-search,Binary Search,easy,search interval invariant,3,first_conceptual_error,wrong_loop_boundary_first,CODE_HIGHLIGHT,First substantial mistake should receive the least sufficient intervention.,200,CODE_HIGHLIGHT,true,WRONG_LOOP_BOUNDARY,True,1,2,252,286,binary search loop boundary,1,
454,RULE,7,507004,304,binary-search,Binary Search,easy,search interval invariant,4,repeated_conceptual_error,wrong_loop_boundary_repeat,CONCEPTUAL_HINT,Repeated mistake should move from location cue to conceptual support.,200,CONCEPTUAL_HINT,true,WRONG_LOOP_BOUNDARY,True,1,2,246,288,binary search loop boundary,1,
455,RULE,7,507004,304,binary-search,Binary Search,easy,search interval invariant,5,partial_logic,partial_but_compiling,CONCEPTUAL_HINT,Compiling but incomplete logic should receive a compact conceptual nudge.,200,CONCEPTUAL_HINT,true,UNKNOWN,True,1,2,238,283,logic block,1,
456,RULE,7,507004,304,binary-search,Binary Search,easy,search interval invariant,6,local_completion,locally_complete,NO_FEEDBACK,Locally complete state should not be interrupted.,200,NO_FEEDBACK,true,UNKNOWN,True,3,0,243,284,logic block,1,
457,RULE,7,507005,305,merge-sorted-array,Merge Sorted Array,easy,array index management,1,syntax,missing_statement_ending,CODE_HIGHLIGHT,First syntax error should be localized before giving a concept explanation.,200,CODE_HIGHLIGHT,true,SYNTAX_ERROR,False,0,0,46,81,statement ending,1,
458,RULE,7,507005,305,merge-sorted-array,Merge Sorted Array,easy,array index management,2,planning,unfinished_implementation,GUIDING_QUESTION,Unfinished code should prompt the student to state the next step.,200,GUIDING_QUESTION,true,STUCK_NO_PROGRESS,True,0,3,249,295,unfinished implementation,2,
459,RULE,7,507005,305,merge-sorted-array,Merge Sorted Array,easy,array index management,3,first_conceptual_error,off_by_one_first,CODE_HIGHLIGHT,First substantial mistake should receive the least sufficient intervention.,200,CODE_HIGHLIGHT,true,OFF_BY_ONE,True,1,2,250,288,for loop condition,1,
460,RULE,7,507005,305,merge-sorted-array,Merge Sorted Array,easy,array index management,4,repeated_conceptual_error,off_by_one_repeat,CONCEPTUAL_HINT,Repeated mistake should move from location cue to conceptual support.,200,CONCEPTUAL_HINT,true,OFF_BY_ONE,True,1,2,244,279,for loop condition,1,
461,RULE,7,507005,305,merge-sorted-array,Merge Sorted Array,easy,array index management,5,partial_logic,partial_but_compiling,CONCEPTUAL_HINT,Compiling but incomplete logic should receive a compact conceptual nudge.,200,CONCEPTUAL_HINT,true,UNKNOWN,True,1,2,245,274,logic block,1,
462,RULE,7,507005,305,merge-sorted-array,Merge Sorted Array,easy,array index management,6,local_completion,locally_complete,NO_FEEDBACK,Locally complete state should not be interrupted.,200,NO_FEEDBACK,true,UNKNOWN,True,3,0,254,283,logic block,1,
463,RULE,7,507006,306,trapping-rain-water,Trapping Rain Water,hard,two pointers and running maxima,1,syntax,missing_statement_ending,CODE_HIGHLIGHT,First syntax error should be localized before giving a concept explanation.,200,CODE_HIGHLIGHT,true,SYNTAX_ERROR,False,0,0,51,95,statement ending,1,
464,RULE,7,507006,306,trapping-rain-water,Trapping Rain Water,hard,two pointers and running maxima,2,planning,unfinished_implementation,GUIDING_QUESTION,Unfinished code should prompt the student to state the next step.,200,GUIDING_QUESTION,true,STUCK_NO_PROGRESS,True,0,3,252,296,unfinished implementation,2,
465,RULE,7,507006,306,trapping-rain-water,Trapping Rain Water,hard,two pointers and running maxima,3,first_conceptual_error,wrong_condition_first,CONCEPTUAL_HINT,First substantial mistake should receive the least sufficient intervention.,200,CONCEPTUAL_HINT,true,WRONG_CONDITION,True,1,2,239,283,while condition,1,
466,RULE,7,507006,306,trapping-rain-water,Trapping Rain Water,hard,two pointers and running maxima,4,repeated_conceptual_error,wrong_condition_repeat,CONCEPTUAL_HINT,Repeated mistake should move from location cue to conceptual support.,200,CONCEPTUAL_HINT,true,WRONG_CONDITION,True,1,2,249,286,while condition,1,
467,RULE,7,507006,306,trapping-rain-water,Trapping Rain Water,hard,two pointers and running maxima,5,partial_logic,partial_but_compiling,CONCEPTUAL_HINT,Compiling but incomplete logic should receive a compact conceptual nudge.,200,CONCEPTUAL_HINT,true,UNKNOWN,True,1,2,246,289,logic block,1,
468,RULE,7,507006,306,trapping-rain-water,Trapping Rain Water,hard,two pointers and running maxima,6,local_completion,locally_complete,NO_FEEDBACK,Locally complete state should not be interrupted.,200,CONCEPTUAL_HINT,false,UNKNOWN,True,1,2,238,286,logic block,1,
469,RULE,7,507007,307,lru-cache,LRU Cache,medium,state update and eviction policy,1,syntax,missing_statement_ending,CODE_HIGHLIGHT,First syntax error should be localized before giving a concept explanation.,200,CODE_HIGHLIGHT,true,SYNTAX_ERROR,False,0,0,48,68,statement ending,1,
470,RULE,7,507007,307,lru-cache,LRU Cache,medium,state update and eviction policy,2,planning,unfinished_implementation,GUIDING_QUESTION,Unfinished code should prompt the student to state the next step.,200,GUIDING_QUESTION,true,STUCK_NO_PROGRESS,True,0,3,241,262,unfinished implementation,2,
471,RULE,7,507007,307,lru-cache,LRU Cache,medium,state update and eviction policy,3,first_conceptual_error,unknown_logic_first,CONCEPTUAL_HINT,First substantial mistake should receive the least sufficient intervention.,200,NO_FEEDBACK,false,UNKNOWN,True,3,0,278,560,logic block,1,
472,RULE,7,507007,307,lru-cache,LRU Cache,medium,state update and eviction policy,4,repeated_conceptual_error,unknown_logic_repeat,CONCEPTUAL_HINT,Repeated mistake should move from location cue to conceptual support.,200,NO_FEEDBACK,false,UNKNOWN,True,3,0,242,278,logic block,1,
473,RULE,7,507007,307,lru-cache,LRU Cache,medium,state update and eviction policy,5,partial_logic,partial_but_compiling,CONCEPTUAL_HINT,Compiling but incomplete logic should receive a compact conceptual nudge.,200,CONCEPTUAL_HINT,true,UNKNOWN,True,1,2,248,286,logic block,1,
474,RULE,7,507007,307,lru-cache,LRU Cache,medium,state update and eviction policy,6,local_completion,locally_complete,NO_FEEDBACK,Locally complete state should not be interrupted.,200,CONCEPTUAL_HINT,false,UNKNOWN,True,3,0,244,264,logic block,1,
475,RULE,7,507008,308,longest-substring,Longest Substring Without Repeating Characters,medium,sliding window invariant,1,syntax,missing_statement_ending,CODE_HIGHLIGHT,First syntax error should be localized before giving a concept explanation.,200,CODE_HIGHLIGHT,true,SYNTAX_ERROR,False,0,0,46,83,statement ending,1,
476,RULE,7,507008,308,longest-substring,Longest Substring Without Repeating Characters,medium,sliding window invariant,2,planning,unfinished_implementation,GUIDING_QUESTION,Unfinished code should prompt the student to state the next step.,200,GUIDING_QUESTION,true,STUCK_NO_PROGRESS,True,0,3,241,277,unfinished implementation,2,
477,RULE,7,507008,308,longest-substring,Longest Substring Without Repeating Characters,medium,sliding window invariant,3,first_conceptual_error,off_by_one_first,CODE_HIGHLIGHT,First substantial mistake should receive the least sufficient intervention.,200,CODE_HIGHLIGHT,true,OFF_BY_ONE,True,1,2,248,284,for loop condition,1,
478,RULE,7,507008,308,longest-substring,Longest Substring Without Repeating Characters,medium,sliding window invariant,4,repeated_conceptual_error,off_by_one_repeat,CONCEPTUAL_HINT,Repeated mistake should move from location cue to conceptual support.,200,CONCEPTUAL_HINT,true,OFF_BY_ONE,True,1,2,249,292,for loop condition,1,
479,RULE,7,507008,308,longest-substring,Longest Substring Without Repeating Characters,medium,sliding window invariant,5,partial_logic,partial_but_compiling,CONCEPTUAL_HINT,Compiling but incomplete logic should receive a compact conceptual nudge.,200,CONCEPTUAL_HINT,true,UNKNOWN,True,1,2,259,280,logic block,1,
480,RULE,7,507008,308,longest-substring,Longest Substring Without Repeating Characters,medium,sliding window invariant,6,local_completion,locally_complete,NO_FEEDBACK,Locally complete state should not be interrupted.,200,NO_FEEDBACK,true,UNKNOWN,True,3,0,240,281,logic block,1,
481,RULE,7,507009,309,reverse-linked-list,Reverse Linked List,easy,pointer update order,1,syntax,missing_statement_ending,CODE_HIGHLIGHT,First syntax error should be localized before giving a concept explanation.,200,CODE_HIGHLIGHT,true,SYNTAX_ERROR,False,0,0,48,85,statement ending,1,
482,RULE,7,507009,309,reverse-linked-list,Reverse Linked List,easy,pointer update order,2,planning,unfinished_implementation,GUIDING_QUESTION,Unfinished code should prompt the student to state the next step.,200,GUIDING_QUESTION,true,STUCK_NO_PROGRESS,True,0,3,246,289,unfinished implementation,2,
483,RULE,7,507009,309,reverse-linked-list,Reverse Linked List,easy,pointer update order,3,first_conceptual_error,wrong_condition_first,CONCEPTUAL_HINT,First substantial mistake should receive the least sufficient intervention.,200,CONCEPTUAL_HINT,true,WRONG_CONDITION,True,1,2,245,280,while condition,1,
484,RULE,7,507009,309,reverse-linked-list,Reverse Linked List,easy,pointer update order,4,repeated_conceptual_error,wrong_condition_repeat,CONCEPTUAL_HINT,Repeated mistake should move from location cue to conceptual support.,200,CONCEPTUAL_HINT,true,WRONG_CONDITION,True,1,2,245,291,while condition,1,
485,RULE,7,507009,309,reverse-linked-list,Reverse Linked List,easy,pointer update order,5,partial_logic,partial_but_compiling,CONCEPTUAL_HINT,Compiling but incomplete logic should receive a compact conceptual nudge.,200,CONCEPTUAL_HINT,true,UNKNOWN,True,1,2,243,290,logic block,1,
486,RULE,7,507009,309,reverse-linked-list,Reverse Linked List,easy,pointer update order,6,local_completion,locally_complete,NO_FEEDBACK,Locally complete state should not be interrupted.,200,NO_FEEDBACK,true,UNKNOWN,True,3,0,243,265,logic block,1,
487,RULE,7,507010,310,matrix-diagonal-sum,Matrix Diagonal Sum,easy,nested indexing and double counting,1,syntax,missing_statement_ending,CODE_HIGHLIGHT,First syntax error should be localized before giving a concept explanation.,200,CODE_HIGHLIGHT,true,SYNTAX_ERROR,False,0,0,48,91,statement ending,1,
488,RULE,7,507010,310,matrix-diagonal-sum,Matrix Diagonal Sum,easy,nested indexing and double counting,2,planning,unfinished_implementation,GUIDING_QUESTION,Unfinished code should prompt the student to state the next step.,200,GUIDING_QUESTION,true,STUCK_NO_PROGRESS,True,0,3,249,291,unfinished implementation,2,
489,RULE,7,507010,310,matrix-diagonal-sum,Matrix Diagonal Sum,easy,nested indexing and double counting,3,first_conceptual_error,off_by_one_first,CODE_HIGHLIGHT,First substantial mistake should receive the least sufficient intervention.,200,CODE_HIGHLIGHT,true,OFF_BY_ONE,True,1,2,249,279,for loop condition,1,
490,RULE,7,507010,310,matrix-diagonal-sum,Matrix Diagonal Sum,easy,nested indexing and double counting,4,repeated_conceptual_error,off_by_one_repeat,CONCEPTUAL_HINT,Repeated mistake should move from location cue to conceptual support.,200,CONCEPTUAL_HINT,true,OFF_BY_ONE,True,1,2,245,287,for loop condition,1,
491,RULE,7,507010,310,matrix-diagonal-sum,Matrix Diagonal Sum,easy,nested indexing and double counting,5,partial_logic,partial_but_compiling,CONCEPTUAL_HINT,Compiling but incomplete logic should receive a compact conceptual nudge.,200,CONCEPTUAL_HINT,true,UNKNOWN,True,1,2,258,293,logic block,1,
492,RULE,7,507010,310,matrix-diagonal-sum,Matrix Diagonal Sum,easy,nested indexing and double counting,6,local_completion,locally_complete,NO_FEEDBACK,Locally complete state should not be interrupted.,200,NO_FEEDBACK,true,UNKNOWN,True,3,0,245,278,logic block,1,
493,RULE,7,507011,311,roman-to-integer,Roman to Integer,easy,lookahead condition,1,syntax,missing_statement_ending,CODE_HIGHLIGHT,First syntax error should be localized before giving a concept explanation.,200,CODE_HIGHLIGHT,true,SYNTAX_ERROR,False,0,0,47,79,statement ending,1,
494,RULE,7,507011,311,roman-to-integer,Roman to Integer,easy,lookahead condition,2,planning,unfinished_implementation,GUIDING_QUESTION,Unfinished code should prompt the student to state the next step.,200,GUIDING_QUESTION,true,STUCK_NO_PROGRESS,True,0,3,247,288,unfinished implementation,2,
495,RULE,7,507011,311,roman-to-integer,Roman to Integer,easy,lookahead condition,3,first_conceptual_error,off_by_one_first,CODE_HIGHLIGHT,First substantial mistake should receive the least sufficient intervention.,200,CODE_HIGHLIGHT,true,OFF_BY_ONE,True,1,2,247,282,for loop condition,1,
496,RULE,7,507011,311,roman-to-integer,Roman to Integer,easy,lookahead condition,4,repeated_conceptual_error,off_by_one_repeat,CONCEPTUAL_HINT,Repeated mistake should move from location cue to conceptual support.,200,CONCEPTUAL_HINT,true,OFF_BY_ONE,True,1,2,244,290,for loop condition,1,
497,RULE,7,507011,311,roman-to-integer,Roman to Integer,easy,lookahead condition,5,partial_logic,partial_but_compiling,CONCEPTUAL_HINT,Compiling but incomplete logic should receive a compact conceptual nudge.,200,CONCEPTUAL_HINT,true,UNKNOWN,True,1,2,248,296,logic block,1,
498,RULE,7,507011,311,roman-to-integer,Roman to Integer,easy,lookahead condition,6,local_completion,locally_complete,NO_FEEDBACK,Locally complete state should not be interrupted.,200,NO_FEEDBACK,true,UNKNOWN,True,3,0,243,281,logic block,1,
499,RULE,7,507012,312,climbing-stairs,Climbing Stairs,easy,base cases and recurrence,1,syntax,missing_statement_ending,CODE_HIGHLIGHT,First syntax error should be localized before giving a concept explanation.,200,CODE_HIGHLIGHT,true,SYNTAX_ERROR,False,0,0,48,86,statement ending,1,
500,RULE,7,507012,312,climbing-stairs,Climbing Stairs,easy,base cases and recurrence,2,planning,unfinished_implementation,GUIDING_QUESTION,Unfinished code should prompt the student to state the next step.,200,GUIDING_QUESTION,true,STUCK_NO_PROGRESS,True,0,3,247,293,unfinished implementation,2,
501,RULE,7,507012,312,climbing-stairs,Climbing Stairs,easy,base cases and recurrence,3,first_conceptual_error,wrong_condition_first,CONCEPTUAL_HINT,First substantial mistake should receive the least sufficient intervention.,200,CONCEPTUAL_HINT,true,WRONG_CONDITION,True,1,2,254,296,while condition,1,
502,RULE,7,507012,312,climbing-stairs,Climbing Stairs,easy,base cases and recurrence,4,repeated_conceptual_error,wrong_condition_repeat,CONCEPTUAL_HINT,Repeated mistake should move from location cue to conceptual support.,200,CONCEPTUAL_HINT,true,WRONG_CONDITION,True,1,2,249,289,while condition,1,
503,RULE,7,507012,312,climbing-stairs,Climbing Stairs,easy,base cases and recurrence,5,partial_logic,partial_but_compiling,CONCEPTUAL_HINT,Compiling but incomplete logic should receive a compact conceptual nudge.,200,CONCEPTUAL_HINT,true,UNKNOWN,True,1,2,260,295,logic block,1,
504,RULE,7,507012,312,climbing-stairs,Climbing Stairs,easy,base cases and recurrence,6,local_completion,locally_complete,NO_FEEDBACK,Locally complete state should not be interrupted.,200,CODE_HIGHLIGHT,false,OFF_BY_ONE,True,1,2,249,283,for loop condition,1,
505,RULE,8,508001,301,palindrome,Valid Palindrome,easy,two pointers and string normalization,1,syntax,missing_statement_ending,CODE_HIGHLIGHT,First syntax error should be localized before giving a concept explanation.,200,CODE_HIGHLIGHT,true,SYNTAX_ERROR,False,0,0,48,87,statement ending,1,
506,RULE,8,508001,301,palindrome,Valid Palindrome,easy,two pointers and string normalization,2,planning,unfinished_implementation,GUIDING_QUESTION,Unfinished code should prompt the student to state the next step.,200,GUIDING_QUESTION,true,STUCK_NO_PROGRESS,True,0,3,237,283,unfinished implementation,2,
507,RULE,8,508001,301,palindrome,Valid Palindrome,easy,two pointers and string normalization,3,first_conceptual_error,possible_null_access_first,CODE_HIGHLIGHT,First substantial mistake should receive the least sufficient intervention.,200,CODE_HIGHLIGHT,true,POSSIBLE_NULL_ACCESS,True,3,0,252,289,missing null or empty guard,1,
508,RULE,8,508001,301,palindrome,Valid Palindrome,easy,two pointers and string normalization,4,repeated_conceptual_error,possible_null_access_repeat,CONCEPTUAL_HINT,Repeated mistake should move from location cue to conceptual support.,200,CONCEPTUAL_HINT,true,POSSIBLE_NULL_ACCESS,True,3,0,257,297,missing null or empty guard,1,
509,RULE,8,508001,301,palindrome,Valid Palindrome,easy,two pointers and string normalization,5,partial_logic,partial_but_compiling,CONCEPTUAL_HINT,Compiling but incomplete logic should receive a compact conceptual nudge.,200,CONCEPTUAL_HINT,true,UNKNOWN,True,1,2,260,294,logic block,1,
510,RULE,8,508001,301,palindrome,Valid Palindrome,easy,two pointers and string normalization,6,local_completion,locally_complete,NO_FEEDBACK,Locally complete state should not be interrupted.,200,CONCEPTUAL_HINT,false,WRONG_CONDITION,True,1,2,283,312,while condition,1,
511,RULE,8,508002,302,two-sum,Two Sum,easy,hash map lookup and pair search,1,syntax,missing_statement_ending,CODE_HIGHLIGHT,First syntax error should be localized before giving a concept explanation.,200,CODE_HIGHLIGHT,true,SYNTAX_ERROR,False,0,0,47,93,statement ending,1,
512,RULE,8,508002,302,two-sum,Two Sum,easy,hash map lookup and pair search,2,planning,unfinished_implementation,GUIDING_QUESTION,Unfinished code should prompt the student to state the next step.,200,GUIDING_QUESTION,true,STUCK_NO_PROGRESS,True,0,3,267,314,unfinished implementation,2,
513,RULE,8,508002,302,two-sum,Two Sum,easy,hash map lookup and pair search,3,first_conceptual_error,off_by_one_first,CODE_HIGHLIGHT,First substantial mistake should receive the least sufficient intervention.,200,CODE_HIGHLIGHT,true,OFF_BY_ONE,True,1,2,243,284,for loop condition,1,
514,RULE,8,508002,302,two-sum,Two Sum,easy,hash map lookup and pair search,4,repeated_conceptual_error,off_by_one_repeat,CONCEPTUAL_HINT,Repeated mistake should move from location cue to conceptual support.,200,CONCEPTUAL_HINT,true,OFF_BY_ONE,True,1,2,244,291,for loop condition,1,
515,RULE,8,508002,302,two-sum,Two Sum,easy,hash map lookup and pair search,5,partial_logic,partial_but_compiling,CONCEPTUAL_HINT,Compiling but incomplete logic should receive a compact conceptual nudge.,200,CONCEPTUAL_HINT,true,UNKNOWN,True,1,2,248,281,logic block,1,
516,RULE,8,508002,302,two-sum,Two Sum,easy,hash map lookup and pair search,6,local_completion,locally_complete,NO_FEEDBACK,Locally complete state should not be interrupted.,200,NO_FEEDBACK,true,UNKNOWN,True,3,0,255,287,logic block,1,
517,RULE,8,508003,303,valid-parentheses,Valid Parentheses,easy,stack state and matching brackets,1,syntax,missing_statement_ending,CODE_HIGHLIGHT,First syntax error should be localized before giving a concept explanation.,200,CODE_HIGHLIGHT,true,SYNTAX_ERROR,False,0,0,47,82,statement ending,1,
518,RULE,8,508003,303,valid-parentheses,Valid Parentheses,easy,stack state and matching brackets,2,planning,unfinished_implementation,GUIDING_QUESTION,Unfinished code should prompt the student to state the next step.,200,GUIDING_QUESTION,true,STUCK_NO_PROGRESS,True,0,3,243,290,unfinished implementation,2,
519,RULE,8,508003,303,valid-parentheses,Valid Parentheses,easy,stack state and matching brackets,3,first_conceptual_error,possible_null_access_first,CODE_HIGHLIGHT,First substantial mistake should receive the least sufficient intervention.,200,NO_FEEDBACK,false,UNKNOWN,True,3,0,247,278,logic block,1,
520,RULE,8,508003,303,valid-parentheses,Valid Parentheses,easy,stack state and matching brackets,4,repeated_conceptual_error,possible_null_access_repeat,CONCEPTUAL_HINT,Repeated mistake should move from location cue to conceptual support.,200,NO_FEEDBACK,false,UNKNOWN,True,3,0,256,303,logic block,1,
521,RULE,8,508003,303,valid-parentheses,Valid Parentheses,easy,stack state and matching brackets,5,partial_logic,partial_but_compiling,CONCEPTUAL_HINT,Compiling but incomplete logic should receive a compact conceptual nudge.,200,CONCEPTUAL_HINT,true,UNKNOWN,True,1,2,246,278,logic block,1,
522,RULE,8,508003,303,valid-parentheses,Valid Parentheses,easy,stack state and matching brackets,6,local_completion,locally_complete,NO_FEEDBACK,Locally complete state should not be interrupted.,200,CONCEPTUAL_HINT,false,UNKNOWN,True,3,0,248,283,logic block,1,
523,RULE,8,508004,304,binary-search,Binary Search,easy,search interval invariant,1,syntax,missing_statement_ending,CODE_HIGHLIGHT,First syntax error should be localized before giving a concept explanation.,200,CODE_HIGHLIGHT,true,SYNTAX_ERROR,False,0,0,49,91,statement ending,1,
524,RULE,8,508004,304,binary-search,Binary Search,easy,search interval invariant,2,planning,unfinished_implementation,GUIDING_QUESTION,Unfinished code should prompt the student to state the next step.,200,GUIDING_QUESTION,true,STUCK_NO_PROGRESS,True,0,3,248,268,unfinished implementation,2,
525,RULE,8,508004,304,binary-search,Binary Search,easy,search interval invariant,3,first_conceptual_error,wrong_loop_boundary_first,CODE_HIGHLIGHT,First substantial mistake should receive the least sufficient intervention.,200,CODE_HIGHLIGHT,true,WRONG_LOOP_BOUNDARY,True,1,2,253,285,binary search loop boundary,1,
526,RULE,8,508004,304,binary-search,Binary Search,easy,search interval invariant,4,repeated_conceptual_error,wrong_loop_boundary_repeat,CONCEPTUAL_HINT,Repeated mistake should move from location cue to conceptual support.,200,CONCEPTUAL_HINT,true,WRONG_LOOP_BOUNDARY,True,1,2,244,285,binary search loop boundary,1,
527,RULE,8,508004,304,binary-search,Binary Search,easy,search interval invariant,5,partial_logic,partial_but_compiling,CONCEPTUAL_HINT,Compiling but incomplete logic should receive a compact conceptual nudge.,200,CONCEPTUAL_HINT,true,UNKNOWN,True,1,2,250,284,logic block,1,
528,RULE,8,508004,304,binary-search,Binary Search,easy,search interval invariant,6,local_completion,locally_complete,NO_FEEDBACK,Locally complete state should not be interrupted.,200,NO_FEEDBACK,true,UNKNOWN,True,3,0,251,294,logic block,1,
529,RULE,8,508005,305,merge-sorted-array,Merge Sorted Array,easy,array index management,1,syntax,missing_statement_ending,CODE_HIGHLIGHT,First syntax error should be localized before giving a concept explanation.,200,CODE_HIGHLIGHT,true,SYNTAX_ERROR,False,0,0,45,85,statement ending,1,
530,RULE,8,508005,305,merge-sorted-array,Merge Sorted Array,easy,array index management,2,planning,unfinished_implementation,GUIDING_QUESTION,Unfinished code should prompt the student to state the next step.,200,GUIDING_QUESTION,true,STUCK_NO_PROGRESS,True,0,3,248,282,unfinished implementation,2,
531,RULE,8,508005,305,merge-sorted-array,Merge Sorted Array,easy,array index management,3,first_conceptual_error,off_by_one_first,CODE_HIGHLIGHT,First substantial mistake should receive the least sufficient intervention.,200,CODE_HIGHLIGHT,true,OFF_BY_ONE,True,1,2,242,288,for loop condition,1,
532,RULE,8,508005,305,merge-sorted-array,Merge Sorted Array,easy,array index management,4,repeated_conceptual_error,off_by_one_repeat,CONCEPTUAL_HINT,Repeated mistake should move from location cue to conceptual support.,200,CONCEPTUAL_HINT,true,OFF_BY_ONE,True,1,2,260,297,for loop condition,1,
533,RULE,8,508005,305,merge-sorted-array,Merge Sorted Array,easy,array index management,5,partial_logic,partial_but_compiling,CONCEPTUAL_HINT,Compiling but incomplete logic should receive a compact conceptual nudge.,200,CONCEPTUAL_HINT,true,UNKNOWN,True,1,2,260,304,logic block,1,
534,RULE,8,508005,305,merge-sorted-array,Merge Sorted Array,easy,array index management,6,local_completion,locally_complete,NO_FEEDBACK,Locally complete state should not be interrupted.,200,NO_FEEDBACK,true,UNKNOWN,True,3,0,248,278,logic block,1,
535,RULE,8,508006,306,trapping-rain-water,Trapping Rain Water,hard,two pointers and running maxima,1,syntax,missing_statement_ending,CODE_HIGHLIGHT,First syntax error should be localized before giving a concept explanation.,200,CODE_HIGHLIGHT,true,SYNTAX_ERROR,False,0,0,48,91,statement ending,1,
536,RULE,8,508006,306,trapping-rain-water,Trapping Rain Water,hard,two pointers and running maxima,2,planning,unfinished_implementation,GUIDING_QUESTION,Unfinished code should prompt the student to state the next step.,200,GUIDING_QUESTION,true,STUCK_NO_PROGRESS,True,0,3,242,287,unfinished implementation,2,
537,RULE,8,508006,306,trapping-rain-water,Trapping Rain Water,hard,two pointers and running maxima,3,first_conceptual_error,wrong_condition_first,CONCEPTUAL_HINT,First substantial mistake should receive the least sufficient intervention.,200,CONCEPTUAL_HINT,true,WRONG_CONDITION,True,1,2,248,280,while condition,1,
538,RULE,8,508006,306,trapping-rain-water,Trapping Rain Water,hard,two pointers and running maxima,4,repeated_conceptual_error,wrong_condition_repeat,CONCEPTUAL_HINT,Repeated mistake should move from location cue to conceptual support.,200,CONCEPTUAL_HINT,true,WRONG_CONDITION,True,1,2,246,278,while condition,1,
539,RULE,8,508006,306,trapping-rain-water,Trapping Rain Water,hard,two pointers and running maxima,5,partial_logic,partial_but_compiling,CONCEPTUAL_HINT,Compiling but incomplete logic should receive a compact conceptual nudge.,200,CONCEPTUAL_HINT,true,UNKNOWN,True,1,2,239,288,logic block,1,
540,RULE,8,508006,306,trapping-rain-water,Trapping Rain Water,hard,two pointers and running maxima,6,local_completion,locally_complete,NO_FEEDBACK,Locally complete state should not be interrupted.,200,CONCEPTUAL_HINT,false,UNKNOWN,True,1,2,241,262,logic block,1,
541,RULE,8,508007,307,lru-cache,LRU Cache,medium,state update and eviction policy,1,syntax,missing_statement_ending,CODE_HIGHLIGHT,First syntax error should be localized before giving a concept explanation.,200,CODE_HIGHLIGHT,true,SYNTAX_ERROR,False,0,0,47,84,statement ending,1,
542,RULE,8,508007,307,lru-cache,LRU Cache,medium,state update and eviction policy,2,planning,unfinished_implementation,GUIDING_QUESTION,Unfinished code should prompt the student to state the next step.,200,GUIDING_QUESTION,true,STUCK_NO_PROGRESS,True,0,3,293,337,unfinished implementation,2,
543,RULE,8,508007,307,lru-cache,LRU Cache,medium,state update and eviction policy,3,first_conceptual_error,unknown_logic_first,CONCEPTUAL_HINT,First substantial mistake should receive the least sufficient intervention.,200,NO_FEEDBACK,false,UNKNOWN,True,3,0,332,356,logic block,1,
544,RULE,8,508007,307,lru-cache,LRU Cache,medium,state update and eviction policy,4,repeated_conceptual_error,unknown_logic_repeat,CONCEPTUAL_HINT,Repeated mistake should move from location cue to conceptual support.,200,NO_FEEDBACK,false,UNKNOWN,True,3,0,321,359,logic block,1,
545,RULE,8,508007,307,lru-cache,LRU Cache,medium,state update and eviction policy,5,partial_logic,partial_but_compiling,CONCEPTUAL_HINT,Compiling but incomplete logic should receive a compact conceptual nudge.,200,CONCEPTUAL_HINT,true,UNKNOWN,True,1,2,259,280,logic block,1,
546,RULE,8,508007,307,lru-cache,LRU Cache,medium,state update and eviction policy,6,local_completion,locally_complete,NO_FEEDBACK,Locally complete state should not be interrupted.,200,CONCEPTUAL_HINT,false,UNKNOWN,True,3,0,268,288,logic block,1,
547,RULE,8,508008,308,longest-substring,Longest Substring Without Repeating Characters,medium,sliding window invariant,1,syntax,missing_statement_ending,CODE_HIGHLIGHT,First syntax error should be localized before giving a concept explanation.,200,CODE_HIGHLIGHT,true,SYNTAX_ERROR,False,0,0,48,90,statement ending,1,
548,RULE,8,508008,308,longest-substring,Longest Substring Without Repeating Characters,medium,sliding window invariant,2,planning,unfinished_implementation,GUIDING_QUESTION,Unfinished code should prompt the student to state the next step.,200,GUIDING_QUESTION,true,STUCK_NO_PROGRESS,True,0,3,249,295,unfinished implementation,2,
549,RULE,8,508008,308,longest-substring,Longest Substring Without Repeating Characters,medium,sliding window invariant,3,first_conceptual_error,off_by_one_first,CODE_HIGHLIGHT,First substantial mistake should receive the least sufficient intervention.,200,CODE_HIGHLIGHT,true,OFF_BY_ONE,True,1,2,289,330,for loop condition,1,
550,RULE,8,508008,308,longest-substring,Longest Substring Without Repeating Characters,medium,sliding window invariant,4,repeated_conceptual_error,off_by_one_repeat,CONCEPTUAL_HINT,Repeated mistake should move from location cue to conceptual support.,200,CONCEPTUAL_HINT,true,OFF_BY_ONE,True,1,2,243,261,for loop condition,1,
551,RULE,8,508008,308,longest-substring,Longest Substring Without Repeating Characters,medium,sliding window invariant,5,partial_logic,partial_but_compiling,CONCEPTUAL_HINT,Compiling but incomplete logic should receive a compact conceptual nudge.,200,CONCEPTUAL_HINT,true,UNKNOWN,True,1,2,273,309,logic block,1,
552,RULE,8,508008,308,longest-substring,Longest Substring Without Repeating Characters,medium,sliding window invariant,6,local_completion,locally_complete,NO_FEEDBACK,Locally complete state should not be interrupted.,200,NO_FEEDBACK,true,UNKNOWN,True,3,0,252,286,logic block,1,
553,RULE,8,508009,309,reverse-linked-list,Reverse Linked List,easy,pointer update order,1,syntax,missing_statement_ending,CODE_HIGHLIGHT,First syntax error should be localized before giving a concept explanation.,200,CODE_HIGHLIGHT,true,SYNTAX_ERROR,False,0,0,48,90,statement ending,1,
554,RULE,8,508009,309,reverse-linked-list,Reverse Linked List,easy,pointer update order,2,planning,unfinished_implementation,GUIDING_QUESTION,Unfinished code should prompt the student to state the next step.,200,GUIDING_QUESTION,true,STUCK_NO_PROGRESS,True,0,3,249,279,unfinished implementation,2,
555,RULE,8,508009,309,reverse-linked-list,Reverse Linked List,easy,pointer update order,3,first_conceptual_error,wrong_condition_first,CONCEPTUAL_HINT,First substantial mistake should receive the least sufficient intervention.,200,CONCEPTUAL_HINT,true,WRONG_CONDITION,True,1,2,250,270,while condition,1,
556,RULE,8,508009,309,reverse-linked-list,Reverse Linked List,easy,pointer update order,4,repeated_conceptual_error,wrong_condition_repeat,CONCEPTUAL_HINT,Repeated mistake should move from location cue to conceptual support.,200,CONCEPTUAL_HINT,true,WRONG_CONDITION,True,1,2,251,292,while condition,1,
557,RULE,8,508009,309,reverse-linked-list,Reverse Linked List,easy,pointer update order,5,partial_logic,partial_but_compiling,CONCEPTUAL_HINT,Compiling but incomplete logic should receive a compact conceptual nudge.,200,CONCEPTUAL_HINT,true,UNKNOWN,True,1,2,261,299,logic block,1,
558,RULE,8,508009,309,reverse-linked-list,Reverse Linked List,easy,pointer update order,6,local_completion,locally_complete,NO_FEEDBACK,Locally complete state should not be interrupted.,200,NO_FEEDBACK,true,UNKNOWN,True,3,0,243,284,logic block,1,
559,RULE,8,508010,310,matrix-diagonal-sum,Matrix Diagonal Sum,easy,nested indexing and double counting,1,syntax,missing_statement_ending,CODE_HIGHLIGHT,First syntax error should be localized before giving a concept explanation.,200,CODE_HIGHLIGHT,true,SYNTAX_ERROR,False,0,0,48,80,statement ending,1,
560,RULE,8,508010,310,matrix-diagonal-sum,Matrix Diagonal Sum,easy,nested indexing and double counting,2,planning,unfinished_implementation,GUIDING_QUESTION,Unfinished code should prompt the student to state the next step.,200,GUIDING_QUESTION,true,STUCK_NO_PROGRESS,True,0,3,249,292,unfinished implementation,2,
561,RULE,8,508010,310,matrix-diagonal-sum,Matrix Diagonal Sum,easy,nested indexing and double counting,3,first_conceptual_error,off_by_one_first,CODE_HIGHLIGHT,First substantial mistake should receive the least sufficient intervention.,200,CODE_HIGHLIGHT,true,OFF_BY_ONE,True,1,2,247,277,for loop condition,1,
562,RULE,8,508010,310,matrix-diagonal-sum,Matrix Diagonal Sum,easy,nested indexing and double counting,4,repeated_conceptual_error,off_by_one_repeat,CONCEPTUAL_HINT,Repeated mistake should move from location cue to conceptual support.,200,CONCEPTUAL_HINT,true,OFF_BY_ONE,True,1,2,251,297,for loop condition,1,
563,RULE,8,508010,310,matrix-diagonal-sum,Matrix Diagonal Sum,easy,nested indexing and double counting,5,partial_logic,partial_but_compiling,CONCEPTUAL_HINT,Compiling but incomplete logic should receive a compact conceptual nudge.,200,CONCEPTUAL_HINT,true,UNKNOWN,True,1,2,245,287,logic block,1,
564,RULE,8,508010,310,matrix-diagonal-sum,Matrix Diagonal Sum,easy,nested indexing and double counting,6,local_completion,locally_complete,NO_FEEDBACK,Locally complete state should not be interrupted.,200,NO_FEEDBACK,true,UNKNOWN,True,3,0,246,267,logic block,1,
565,RULE,8,508011,311,roman-to-integer,Roman to Integer,easy,lookahead condition,1,syntax,missing_statement_ending,CODE_HIGHLIGHT,First syntax error should be localized before giving a concept explanation.,200,CODE_HIGHLIGHT,true,SYNTAX_ERROR,False,0,0,48,70,statement ending,1,
566,RULE,8,508011,311,roman-to-integer,Roman to Integer,easy,lookahead condition,2,planning,unfinished_implementation,GUIDING_QUESTION,Unfinished code should prompt the student to state the next step.,200,GUIDING_QUESTION,true,STUCK_NO_PROGRESS,True,0,3,264,298,unfinished implementation,2,
567,RULE,8,508011,311,roman-to-integer,Roman to Integer,easy,lookahead condition,3,first_conceptual_error,off_by_one_first,CODE_HIGHLIGHT,First substantial mistake should receive the least sufficient intervention.,200,CODE_HIGHLIGHT,true,OFF_BY_ONE,True,1,2,249,295,for loop condition,1,
568,RULE,8,508011,311,roman-to-integer,Roman to Integer,easy,lookahead condition,4,repeated_conceptual_error,off_by_one_repeat,CONCEPTUAL_HINT,Repeated mistake should move from location cue to conceptual support.,200,CONCEPTUAL_HINT,true,OFF_BY_ONE,True,1,2,241,279,for loop condition,1,
569,RULE,8,508011,311,roman-to-integer,Roman to Integer,easy,lookahead condition,5,partial_logic,partial_but_compiling,CONCEPTUAL_HINT,Compiling but incomplete logic should receive a compact conceptual nudge.,200,CONCEPTUAL_HINT,true,UNKNOWN,True,1,2,244,279,logic block,1,
570,RULE,8,508011,311,roman-to-integer,Roman to Integer,easy,lookahead condition,6,local_completion,locally_complete,NO_FEEDBACK,Locally complete state should not be interrupted.,200,NO_FEEDBACK,true,UNKNOWN,True,3,0,249,288,logic block,1,
571,RULE,8,508012,312,climbing-stairs,Climbing Stairs,easy,base cases and recurrence,1,syntax,missing_statement_ending,CODE_HIGHLIGHT,First syntax error should be localized before giving a concept explanation.,200,CODE_HIGHLIGHT,true,SYNTAX_ERROR,False,0,0,50,70,statement ending,1,
572,RULE,8,508012,312,climbing-stairs,Climbing Stairs,easy,base cases and recurrence,2,planning,unfinished_implementation,GUIDING_QUESTION,Unfinished code should prompt the student to state the next step.,200,GUIDING_QUESTION,true,STUCK_NO_PROGRESS,True,0,3,242,278,unfinished implementation,2,
573,RULE,8,508012,312,climbing-stairs,Climbing Stairs,easy,base cases and recurrence,3,first_conceptual_error,wrong_condition_first,CONCEPTUAL_HINT,First substantial mistake should receive the least sufficient intervention.,200,CONCEPTUAL_HINT,true,WRONG_CONDITION,True,1,2,241,279,while condition,1,
574,RULE,8,508012,312,climbing-stairs,Climbing Stairs,easy,base cases and recurrence,4,repeated_conceptual_error,wrong_condition_repeat,CONCEPTUAL_HINT,Repeated mistake should move from location cue to conceptual support.,200,CONCEPTUAL_HINT,true,WRONG_CONDITION,True,1,2,241,269,while condition,1,
575,RULE,8,508012,312,climbing-stairs,Climbing Stairs,easy,base cases and recurrence,5,partial_logic,partial_but_compiling,CONCEPTUAL_HINT,Compiling but incomplete logic should receive a compact conceptual nudge.,200,CONCEPTUAL_HINT,true,UNKNOWN,True,1,2,251,290,logic block,1,
576,RULE,8,508012,312,climbing-stairs,Climbing Stairs,easy,base cases and recurrence,6,local_completion,locally_complete,NO_FEEDBACK,Locally complete state should not be interrupted.,200,CODE_HIGHLIGHT,false,OFF_BY_ONE,True,1,2,251,295,for loop condition,1,
577,RULE,9,509001,301,palindrome,Valid Palindrome,easy,two pointers and string normalization,1,syntax,missing_statement_ending,CODE_HIGHLIGHT,First syntax error should be localized before giving a concept explanation.,200,CODE_HIGHLIGHT,true,SYNTAX_ERROR,False,0,0,47,85,statement ending,1,
578,RULE,9,509001,301,palindrome,Valid Palindrome,easy,two pointers and string normalization,2,planning,unfinished_implementation,GUIDING_QUESTION,Unfinished code should prompt the student to state the next step.,200,GUIDING_QUESTION,true,STUCK_NO_PROGRESS,True,0,3,249,293,unfinished implementation,2,
579,RULE,9,509001,301,palindrome,Valid Palindrome,easy,two pointers and string normalization,3,first_conceptual_error,possible_null_access_first,CODE_HIGHLIGHT,First substantial mistake should receive the least sufficient intervention.,200,CODE_HIGHLIGHT,true,POSSIBLE_NULL_ACCESS,True,3,0,258,302,missing null or empty guard,1,
580,RULE,9,509001,301,palindrome,Valid Palindrome,easy,two pointers and string normalization,4,repeated_conceptual_error,possible_null_access_repeat,CONCEPTUAL_HINT,Repeated mistake should move from location cue to conceptual support.,200,CONCEPTUAL_HINT,true,POSSIBLE_NULL_ACCESS,True,3,0,252,293,missing null or empty guard,1,
581,RULE,9,509001,301,palindrome,Valid Palindrome,easy,two pointers and string normalization,5,partial_logic,partial_but_compiling,CONCEPTUAL_HINT,Compiling but incomplete logic should receive a compact conceptual nudge.,200,CONCEPTUAL_HINT,true,UNKNOWN,True,1,2,253,295,logic block,1,
582,RULE,9,509001,301,palindrome,Valid Palindrome,easy,two pointers and string normalization,6,local_completion,locally_complete,NO_FEEDBACK,Locally complete state should not be interrupted.,200,CONCEPTUAL_HINT,false,WRONG_CONDITION,True,1,2,267,307,while condition,1,
583,RULE,9,509002,302,two-sum,Two Sum,easy,hash map lookup and pair search,1,syntax,missing_statement_ending,CODE_HIGHLIGHT,First syntax error should be localized before giving a concept explanation.,200,CODE_HIGHLIGHT,true,SYNTAX_ERROR,False,0,0,57,79,statement ending,1,
584,RULE,9,509002,302,two-sum,Two Sum,easy,hash map lookup and pair search,2,planning,unfinished_implementation,GUIDING_QUESTION,Unfinished code should prompt the student to state the next step.,200,GUIDING_QUESTION,true,STUCK_NO_PROGRESS,True,0,3,246,285,unfinished implementation,2,
585,RULE,9,509002,302,two-sum,Two Sum,easy,hash map lookup and pair search,3,first_conceptual_error,off_by_one_first,CODE_HIGHLIGHT,First substantial mistake should receive the least sufficient intervention.,200,CODE_HIGHLIGHT,true,OFF_BY_ONE,True,1,2,240,276,for loop condition,1,
586,RULE,9,509002,302,two-sum,Two Sum,easy,hash map lookup and pair search,4,repeated_conceptual_error,off_by_one_repeat,CONCEPTUAL_HINT,Repeated mistake should move from location cue to conceptual support.,200,CONCEPTUAL_HINT,true,OFF_BY_ONE,True,1,2,243,280,for loop condition,1,
587,RULE,9,509002,302,two-sum,Two Sum,easy,hash map lookup and pair search,5,partial_logic,partial_but_compiling,CONCEPTUAL_HINT,Compiling but incomplete logic should receive a compact conceptual nudge.,200,CONCEPTUAL_HINT,true,UNKNOWN,True,1,2,249,280,logic block,1,
588,RULE,9,509002,302,two-sum,Two Sum,easy,hash map lookup and pair search,6,local_completion,locally_complete,NO_FEEDBACK,Locally complete state should not be interrupted.,200,NO_FEEDBACK,true,UNKNOWN,True,3,0,288,335,logic block,1,
589,RULE,9,509003,303,valid-parentheses,Valid Parentheses,easy,stack state and matching brackets,1,syntax,missing_statement_ending,CODE_HIGHLIGHT,First syntax error should be localized before giving a concept explanation.,200,CODE_HIGHLIGHT,true,SYNTAX_ERROR,False,0,0,47,66,statement ending,1,
590,RULE,9,509003,303,valid-parentheses,Valid Parentheses,easy,stack state and matching brackets,2,planning,unfinished_implementation,GUIDING_QUESTION,Unfinished code should prompt the student to state the next step.,200,GUIDING_QUESTION,true,STUCK_NO_PROGRESS,True,0,3,238,254,unfinished implementation,2,
591,RULE,9,509003,303,valid-parentheses,Valid Parentheses,easy,stack state and matching brackets,3,first_conceptual_error,possible_null_access_first,CODE_HIGHLIGHT,First substantial mistake should receive the least sufficient intervention.,200,NO_FEEDBACK,false,UNKNOWN,True,3,0,243,277,logic block,1,
592,RULE,9,509003,303,valid-parentheses,Valid Parentheses,easy,stack state and matching brackets,4,repeated_conceptual_error,possible_null_access_repeat,CONCEPTUAL_HINT,Repeated mistake should move from location cue to conceptual support.,200,NO_FEEDBACK,false,UNKNOWN,True,3,0,248,283,logic block,1,
593,RULE,9,509003,303,valid-parentheses,Valid Parentheses,easy,stack state and matching brackets,5,partial_logic,partial_but_compiling,CONCEPTUAL_HINT,Compiling but incomplete logic should receive a compact conceptual nudge.,200,CONCEPTUAL_HINT,true,UNKNOWN,True,1,2,244,288,logic block,1,
594,RULE,9,509003,303,valid-parentheses,Valid Parentheses,easy,stack state and matching brackets,6,local_completion,locally_complete,NO_FEEDBACK,Locally complete state should not be interrupted.,200,CONCEPTUAL_HINT,false,UNKNOWN,True,3,0,245,288,logic block,1,
595,RULE,9,509004,304,binary-search,Binary Search,easy,search interval invariant,1,syntax,missing_statement_ending,CODE_HIGHLIGHT,First syntax error should be localized before giving a concept explanation.,200,CODE_HIGHLIGHT,true,SYNTAX_ERROR,False,0,0,46,84,statement ending,1,
596,RULE,9,509004,304,binary-search,Binary Search,easy,search interval invariant,2,planning,unfinished_implementation,GUIDING_QUESTION,Unfinished code should prompt the student to state the next step.,200,GUIDING_QUESTION,true,STUCK_NO_PROGRESS,True,0,3,243,273,unfinished implementation,2,
597,RULE,9,509004,304,binary-search,Binary Search,easy,search interval invariant,3,first_conceptual_error,wrong_loop_boundary_first,CODE_HIGHLIGHT,First substantial mistake should receive the least sufficient intervention.,200,CODE_HIGHLIGHT,true,WRONG_LOOP_BOUNDARY,True,1,2,251,270,binary search loop boundary,1,
598,RULE,9,509004,304,binary-search,Binary Search,easy,search interval invariant,4,repeated_conceptual_error,wrong_loop_boundary_repeat,CONCEPTUAL_HINT,Repeated mistake should move from location cue to conceptual support.,200,CONCEPTUAL_HINT,true,WRONG_LOOP_BOUNDARY,True,1,2,241,281,binary search loop boundary,1,
599,RULE,9,509004,304,binary-search,Binary Search,easy,search interval invariant,5,partial_logic,partial_but_compiling,CONCEPTUAL_HINT,Compiling but incomplete logic should receive a compact conceptual nudge.,200,CONCEPTUAL_HINT,true,UNKNOWN,True,1,2,256,286,logic block,1,
600,RULE,9,509004,304,binary-search,Binary Search,easy,search interval invariant,6,local_completion,locally_complete,NO_FEEDBACK,Locally complete state should not be interrupted.,200,NO_FEEDBACK,true,UNKNOWN,True,3,0,253,292,logic block,1,
601,RULE,9,509005,305,merge-sorted-array,Merge Sorted Array,easy,array index management,1,syntax,missing_statement_ending,CODE_HIGHLIGHT,First syntax error should be localized before giving a concept explanation.,200,CODE_HIGHLIGHT,true,SYNTAX_ERROR,False,0,0,46,84,statement ending,1,
602,RULE,9,509005,305,merge-sorted-array,Merge Sorted Array,easy,array index management,2,planning,unfinished_implementation,GUIDING_QUESTION,Unfinished code should prompt the student to state the next step.,200,GUIDING_QUESTION,true,STUCK_NO_PROGRESS,True,0,3,247,287,unfinished implementation,2,
603,RULE,9,509005,305,merge-sorted-array,Merge Sorted Array,easy,array index management,3,first_conceptual_error,off_by_one_first,CODE_HIGHLIGHT,First substantial mistake should receive the least sufficient intervention.,200,CODE_HIGHLIGHT,true,OFF_BY_ONE,True,1,2,242,275,for loop condition,1,
604,RULE,9,509005,305,merge-sorted-array,Merge Sorted Array,easy,array index management,4,repeated_conceptual_error,off_by_one_repeat,CONCEPTUAL_HINT,Repeated mistake should move from location cue to conceptual support.,200,CONCEPTUAL_HINT,true,OFF_BY_ONE,True,1,2,247,290,for loop condition,1,
605,RULE,9,509005,305,merge-sorted-array,Merge Sorted Array,easy,array index management,5,partial_logic,partial_but_compiling,CONCEPTUAL_HINT,Compiling but incomplete logic should receive a compact conceptual nudge.,200,CONCEPTUAL_HINT,true,UNKNOWN,True,1,2,241,277,logic block,1,
606,RULE,9,509005,305,merge-sorted-array,Merge Sorted Array,easy,array index management,6,local_completion,locally_complete,NO_FEEDBACK,Locally complete state should not be interrupted.,200,NO_FEEDBACK,true,UNKNOWN,True,3,0,253,292,logic block,1,
607,RULE,9,509006,306,trapping-rain-water,Trapping Rain Water,hard,two pointers and running maxima,1,syntax,missing_statement_ending,CODE_HIGHLIGHT,First syntax error should be localized before giving a concept explanation.,200,CODE_HIGHLIGHT,true,SYNTAX_ERROR,False,0,0,46,84,statement ending,1,
608,RULE,9,509006,306,trapping-rain-water,Trapping Rain Water,hard,two pointers and running maxima,2,planning,unfinished_implementation,GUIDING_QUESTION,Unfinished code should prompt the student to state the next step.,200,GUIDING_QUESTION,true,STUCK_NO_PROGRESS,True,0,3,242,275,unfinished implementation,2,
609,RULE,9,509006,306,trapping-rain-water,Trapping Rain Water,hard,two pointers and running maxima,3,first_conceptual_error,wrong_condition_first,CONCEPTUAL_HINT,First substantial mistake should receive the least sufficient intervention.,200,CONCEPTUAL_HINT,true,WRONG_CONDITION,True,1,2,243,288,while condition,1,
610,RULE,9,509006,306,trapping-rain-water,Trapping Rain Water,hard,two pointers and running maxima,4,repeated_conceptual_error,wrong_condition_repeat,CONCEPTUAL_HINT,Repeated mistake should move from location cue to conceptual support.,200,CONCEPTUAL_HINT,true,WRONG_CONDITION,True,1,2,249,281,while condition,1,
611,RULE,9,509006,306,trapping-rain-water,Trapping Rain Water,hard,two pointers and running maxima,5,partial_logic,partial_but_compiling,CONCEPTUAL_HINT,Compiling but incomplete logic should receive a compact conceptual nudge.,200,CONCEPTUAL_HINT,true,UNKNOWN,True,1,2,249,284,logic block,1,
612,RULE,9,509006,306,trapping-rain-water,Trapping Rain Water,hard,two pointers and running maxima,6,local_completion,locally_complete,NO_FEEDBACK,Locally complete state should not be interrupted.,200,CONCEPTUAL_HINT,false,UNKNOWN,True,1,2,248,285,logic block,1,
613,RULE,9,509007,307,lru-cache,LRU Cache,medium,state update and eviction policy,1,syntax,missing_statement_ending,CODE_HIGHLIGHT,First syntax error should be localized before giving a concept explanation.,200,CODE_HIGHLIGHT,true,SYNTAX_ERROR,False,0,0,53,94,statement ending,1,
614,RULE,9,509007,307,lru-cache,LRU Cache,medium,state update and eviction policy,2,planning,unfinished_implementation,GUIDING_QUESTION,Unfinished code should prompt the student to state the next step.,200,GUIDING_QUESTION,true,STUCK_NO_PROGRESS,True,0,3,242,281,unfinished implementation,2,
615,RULE,9,509007,307,lru-cache,LRU Cache,medium,state update and eviction policy,3,first_conceptual_error,unknown_logic_first,CONCEPTUAL_HINT,First substantial mistake should receive the least sufficient intervention.,200,NO_FEEDBACK,false,UNKNOWN,True,3,0,248,284,logic block,1,
616,RULE,9,509007,307,lru-cache,LRU Cache,medium,state update and eviction policy,4,repeated_conceptual_error,unknown_logic_repeat,CONCEPTUAL_HINT,Repeated mistake should move from location cue to conceptual support.,200,NO_FEEDBACK,false,UNKNOWN,True,3,0,243,278,logic block,1,
617,RULE,9,509007,307,lru-cache,LRU Cache,medium,state update and eviction policy,5,partial_logic,partial_but_compiling,CONCEPTUAL_HINT,Compiling but incomplete logic should receive a compact conceptual nudge.,200,CONCEPTUAL_HINT,true,UNKNOWN,True,1,2,249,287,logic block,1,
618,RULE,9,509007,307,lru-cache,LRU Cache,medium,state update and eviction policy,6,local_completion,locally_complete,NO_FEEDBACK,Locally complete state should not be interrupted.,200,CONCEPTUAL_HINT,false,UNKNOWN,True,3,0,244,280,logic block,1,
619,RULE,9,509008,308,longest-substring,Longest Substring Without Repeating Characters,medium,sliding window invariant,1,syntax,missing_statement_ending,CODE_HIGHLIGHT,First syntax error should be localized before giving a concept explanation.,200,CODE_HIGHLIGHT,true,SYNTAX_ERROR,False,0,0,51,84,statement ending,1,
620,RULE,9,509008,308,longest-substring,Longest Substring Without Repeating Characters,medium,sliding window invariant,2,planning,unfinished_implementation,GUIDING_QUESTION,Unfinished code should prompt the student to state the next step.,200,GUIDING_QUESTION,true,STUCK_NO_PROGRESS,True,0,3,245,277,unfinished implementation,2,
621,RULE,9,509008,308,longest-substring,Longest Substring Without Repeating Characters,medium,sliding window invariant,3,first_conceptual_error,off_by_one_first,CODE_HIGHLIGHT,First substantial mistake should receive the least sufficient intervention.,200,CODE_HIGHLIGHT,true,OFF_BY_ONE,True,1,2,240,284,for loop condition,1,
622,RULE,9,509008,308,longest-substring,Longest Substring Without Repeating Characters,medium,sliding window invariant,4,repeated_conceptual_error,off_by_one_repeat,CONCEPTUAL_HINT,Repeated mistake should move from location cue to conceptual support.,200,CONCEPTUAL_HINT,true,OFF_BY_ONE,True,1,2,251,287,for loop condition,1,
623,RULE,9,509008,308,longest-substring,Longest Substring Without Repeating Characters,medium,sliding window invariant,5,partial_logic,partial_but_compiling,CONCEPTUAL_HINT,Compiling but incomplete logic should receive a compact conceptual nudge.,200,CONCEPTUAL_HINT,true,UNKNOWN,True,1,2,245,287,logic block,1,
624,RULE,9,509008,308,longest-substring,Longest Substring Without Repeating Characters,medium,sliding window invariant,6,local_completion,locally_complete,NO_FEEDBACK,Locally complete state should not be interrupted.,200,NO_FEEDBACK,true,UNKNOWN,True,3,0,246,283,logic block,1,
625,RULE,9,509009,309,reverse-linked-list,Reverse Linked List,easy,pointer update order,1,syntax,missing_statement_ending,CODE_HIGHLIGHT,First syntax error should be localized before giving a concept explanation.,200,CODE_HIGHLIGHT,true,SYNTAX_ERROR,False,0,0,45,77,statement ending,1,
626,RULE,9,509009,309,reverse-linked-list,Reverse Linked List,easy,pointer update order,2,planning,unfinished_implementation,GUIDING_QUESTION,Unfinished code should prompt the student to state the next step.,200,GUIDING_QUESTION,true,STUCK_NO_PROGRESS,True,0,3,249,280,unfinished implementation,2,
627,RULE,9,509009,309,reverse-linked-list,Reverse Linked List,easy,pointer update order,3,first_conceptual_error,wrong_condition_first,CONCEPTUAL_HINT,First substantial mistake should receive the least sufficient intervention.,200,CONCEPTUAL_HINT,true,WRONG_CONDITION,True,1,2,246,290,while condition,1,
628,RULE,9,509009,309,reverse-linked-list,Reverse Linked List,easy,pointer update order,4,repeated_conceptual_error,wrong_condition_repeat,CONCEPTUAL_HINT,Repeated mistake should move from location cue to conceptual support.,200,CONCEPTUAL_HINT,true,WRONG_CONDITION,True,1,2,284,329,while condition,1,
629,RULE,9,509009,309,reverse-linked-list,Reverse Linked List,easy,pointer update order,5,partial_logic,partial_but_compiling,CONCEPTUAL_HINT,Compiling but incomplete logic should receive a compact conceptual nudge.,200,CONCEPTUAL_HINT,true,UNKNOWN,True,1,2,256,273,logic block,1,
630,RULE,9,509009,309,reverse-linked-list,Reverse Linked List,easy,pointer update order,6,local_completion,locally_complete,NO_FEEDBACK,Locally complete state should not be interrupted.,200,NO_FEEDBACK,true,UNKNOWN,True,3,0,253,285,logic block,1,
631,RULE,9,509010,310,matrix-diagonal-sum,Matrix Diagonal Sum,easy,nested indexing and double counting,1,syntax,missing_statement_ending,CODE_HIGHLIGHT,First syntax error should be localized before giving a concept explanation.,200,CODE_HIGHLIGHT,true,SYNTAX_ERROR,False,0,0,52,83,statement ending,1,
632,RULE,9,509010,310,matrix-diagonal-sum,Matrix Diagonal Sum,easy,nested indexing and double counting,2,planning,unfinished_implementation,GUIDING_QUESTION,Unfinished code should prompt the student to state the next step.,200,GUIDING_QUESTION,true,STUCK_NO_PROGRESS,True,0,3,242,288,unfinished implementation,2,
633,RULE,9,509010,310,matrix-diagonal-sum,Matrix Diagonal Sum,easy,nested indexing and double counting,3,first_conceptual_error,off_by_one_first,CODE_HIGHLIGHT,First substantial mistake should receive the least sufficient intervention.,200,CODE_HIGHLIGHT,true,OFF_BY_ONE,True,1,2,237,269,for loop condition,1,
634,RULE,9,509010,310,matrix-diagonal-sum,Matrix Diagonal Sum,easy,nested indexing and double counting,4,repeated_conceptual_error,off_by_one_repeat,CONCEPTUAL_HINT,Repeated mistake should move from location cue to conceptual support.,200,CONCEPTUAL_HINT,true,OFF_BY_ONE,True,1,2,251,268,for loop condition,1,
635,RULE,9,509010,310,matrix-diagonal-sum,Matrix Diagonal Sum,easy,nested indexing and double counting,5,partial_logic,partial_but_compiling,CONCEPTUAL_HINT,Compiling but incomplete logic should receive a compact conceptual nudge.,200,CONCEPTUAL_HINT,true,UNKNOWN,True,1,2,260,299,logic block,1,
636,RULE,9,509010,310,matrix-diagonal-sum,Matrix Diagonal Sum,easy,nested indexing and double counting,6,local_completion,locally_complete,NO_FEEDBACK,Locally complete state should not be interrupted.,200,NO_FEEDBACK,true,UNKNOWN,True,3,0,240,274,logic block,1,
637,RULE,9,509011,311,roman-to-integer,Roman to Integer,easy,lookahead condition,1,syntax,missing_statement_ending,CODE_HIGHLIGHT,First syntax error should be localized before giving a concept explanation.,200,CODE_HIGHLIGHT,true,SYNTAX_ERROR,False,0,0,47,81,statement ending,1,
638,RULE,9,509011,311,roman-to-integer,Roman to Integer,easy,lookahead condition,2,planning,unfinished_implementation,GUIDING_QUESTION,Unfinished code should prompt the student to state the next step.,200,GUIDING_QUESTION,true,STUCK_NO_PROGRESS,True,0,3,238,258,unfinished implementation,2,
639,RULE,9,509011,311,roman-to-integer,Roman to Integer,easy,lookahead condition,3,first_conceptual_error,off_by_one_first,CODE_HIGHLIGHT,First substantial mistake should receive the least sufficient intervention.,200,CODE_HIGHLIGHT,true,OFF_BY_ONE,True,1,2,263,293,for loop condition,1,
640,RULE,9,509011,311,roman-to-integer,Roman to Integer,easy,lookahead condition,4,repeated_conceptual_error,off_by_one_repeat,CONCEPTUAL_HINT,Repeated mistake should move from location cue to conceptual support.,200,CONCEPTUAL_HINT,true,OFF_BY_ONE,True,1,2,251,291,for loop condition,1,
641,RULE,9,509011,311,roman-to-integer,Roman to Integer,easy,lookahead condition,5,partial_logic,partial_but_compiling,CONCEPTUAL_HINT,Compiling but incomplete logic should receive a compact conceptual nudge.,200,CONCEPTUAL_HINT,true,UNKNOWN,True,1,2,243,283,logic block,1,
642,RULE,9,509011,311,roman-to-integer,Roman to Integer,easy,lookahead condition,6,local_completion,locally_complete,NO_FEEDBACK,Locally complete state should not be interrupted.,200,NO_FEEDBACK,true,UNKNOWN,True,3,0,253,290,logic block,1,
643,RULE,9,509012,312,climbing-stairs,Climbing Stairs,easy,base cases and recurrence,1,syntax,missing_statement_ending,CODE_HIGHLIGHT,First syntax error should be localized before giving a concept explanation.,200,CODE_HIGHLIGHT,true,SYNTAX_ERROR,False,0,0,52,88,statement ending,1,
644,RULE,9,509012,312,climbing-stairs,Climbing Stairs,easy,base cases and recurrence,2,planning,unfinished_implementation,GUIDING_QUESTION,Unfinished code should prompt the student to state the next step.,200,GUIDING_QUESTION,true,STUCK_NO_PROGRESS,True,0,3,255,290,unfinished implementation,2,
645,RULE,9,509012,312,climbing-stairs,Climbing Stairs,easy,base cases and recurrence,3,first_conceptual_error,wrong_condition_first,CONCEPTUAL_HINT,First substantial mistake should receive the least sufficient intervention.,200,CONCEPTUAL_HINT,true,WRONG_CONDITION,True,1,2,246,278,while condition,1,
646,RULE,9,509012,312,climbing-stairs,Climbing Stairs,easy,base cases and recurrence,4,repeated_conceptual_error,wrong_condition_repeat,CONCEPTUAL_HINT,Repeated mistake should move from location cue to conceptual support.,200,CONCEPTUAL_HINT,true,WRONG_CONDITION,True,1,2,253,288,while condition,1,
647,RULE,9,509012,312,climbing-stairs,Climbing Stairs,easy,base cases and recurrence,5,partial_logic,partial_but_compiling,CONCEPTUAL_HINT,Compiling but incomplete logic should receive a compact conceptual nudge.,200,CONCEPTUAL_HINT,true,UNKNOWN,True,1,2,249,290,logic block,1,
648,RULE,9,509012,312,climbing-stairs,Climbing Stairs,easy,base cases and recurrence,6,local_completion,locally_complete,NO_FEEDBACK,Locally complete state should not be interrupted.,200,CODE_HIGHLIGHT,false,OFF_BY_ONE,True,1,2,238,274,for loop condition,1,
649,RULE,10,510001,301,palindrome,Valid Palindrome,easy,two pointers and string normalization,1,syntax,missing_statement_ending,CODE_HIGHLIGHT,First syntax error should be localized before giving a concept explanation.,200,CODE_HIGHLIGHT,true,SYNTAX_ERROR,False,0,0,47,80,statement ending,1,
650,RULE,10,510001,301,palindrome,Valid Palindrome,easy,two pointers and string normalization,2,planning,unfinished_implementation,GUIDING_QUESTION,Unfinished code should prompt the student to state the next step.,200,GUIDING_QUESTION,true,STUCK_NO_PROGRESS,True,0,3,251,281,unfinished implementation,2,
651,RULE,10,510001,301,palindrome,Valid Palindrome,easy,two pointers and string normalization,3,first_conceptual_error,possible_null_access_first,CODE_HIGHLIGHT,First substantial mistake should receive the least sufficient intervention.,200,CODE_HIGHLIGHT,true,POSSIBLE_NULL_ACCESS,True,3,0,246,277,missing null or empty guard,1,
652,RULE,10,510001,301,palindrome,Valid Palindrome,easy,two pointers and string normalization,4,repeated_conceptual_error,possible_null_access_repeat,CONCEPTUAL_HINT,Repeated mistake should move from location cue to conceptual support.,200,CONCEPTUAL_HINT,true,POSSIBLE_NULL_ACCESS,True,3,0,251,273,missing null or empty guard,1,
653,RULE,10,510001,301,palindrome,Valid Palindrome,easy,two pointers and string normalization,5,partial_logic,partial_but_compiling,CONCEPTUAL_HINT,Compiling but incomplete logic should receive a compact conceptual nudge.,200,CONCEPTUAL_HINT,true,UNKNOWN,True,1,2,243,275,logic block,1,
654,RULE,10,510001,301,palindrome,Valid Palindrome,easy,two pointers and string normalization,6,local_completion,locally_complete,NO_FEEDBACK,Locally complete state should not be interrupted.,200,CONCEPTUAL_HINT,false,WRONG_CONDITION,True,1,2,245,278,while condition,1,
655,RULE,10,510002,302,two-sum,Two Sum,easy,hash map lookup and pair search,1,syntax,missing_statement_ending,CODE_HIGHLIGHT,First syntax error should be localized before giving a concept explanation.,200,CODE_HIGHLIGHT,true,SYNTAX_ERROR,False,0,0,48,77,statement ending,1,
656,RULE,10,510002,302,two-sum,Two Sum,easy,hash map lookup and pair search,2,planning,unfinished_implementation,GUIDING_QUESTION,Unfinished code should prompt the student to state the next step.,200,GUIDING_QUESTION,true,STUCK_NO_PROGRESS,True,0,3,248,284,unfinished implementation,2,
657,RULE,10,510002,302,two-sum,Two Sum,easy,hash map lookup and pair search,3,first_conceptual_error,off_by_one_first,CODE_HIGHLIGHT,First substantial mistake should receive the least sufficient intervention.,200,CODE_HIGHLIGHT,true,OFF_BY_ONE,True,1,2,249,287,for loop condition,1,
658,RULE,10,510002,302,two-sum,Two Sum,easy,hash map lookup and pair search,4,repeated_conceptual_error,off_by_one_repeat,CONCEPTUAL_HINT,Repeated mistake should move from location cue to conceptual support.,200,CONCEPTUAL_HINT,true,OFF_BY_ONE,True,1,2,244,283,for loop condition,1,
659,RULE,10,510002,302,two-sum,Two Sum,easy,hash map lookup and pair search,5,partial_logic,partial_but_compiling,CONCEPTUAL_HINT,Compiling but incomplete logic should receive a compact conceptual nudge.,200,CONCEPTUAL_HINT,true,UNKNOWN,True,1,2,239,275,logic block,1,
660,RULE,10,510002,302,two-sum,Two Sum,easy,hash map lookup and pair search,6,local_completion,locally_complete,NO_FEEDBACK,Locally complete state should not be interrupted.,200,NO_FEEDBACK,true,UNKNOWN,True,3,0,261,305,logic block,1,
661,RULE,10,510003,303,valid-parentheses,Valid Parentheses,easy,stack state and matching brackets,1,syntax,missing_statement_ending,CODE_HIGHLIGHT,First syntax error should be localized before giving a concept explanation.,200,CODE_HIGHLIGHT,true,SYNTAX_ERROR,False,0,0,49,85,statement ending,1,
662,RULE,10,510003,303,valid-parentheses,Valid Parentheses,easy,stack state and matching brackets,2,planning,unfinished_implementation,GUIDING_QUESTION,Unfinished code should prompt the student to state the next step.,200,GUIDING_QUESTION,true,STUCK_NO_PROGRESS,True,0,3,251,299,unfinished implementation,2,
663,RULE,10,510003,303,valid-parentheses,Valid Parentheses,easy,stack state and matching brackets,3,first_conceptual_error,possible_null_access_first,CODE_HIGHLIGHT,First substantial mistake should receive the least sufficient intervention.,200,NO_FEEDBACK,false,UNKNOWN,True,3,0,252,290,logic block,1,
664,RULE,10,510003,303,valid-parentheses,Valid Parentheses,easy,stack state and matching brackets,4,repeated_conceptual_error,possible_null_access_repeat,CONCEPTUAL_HINT,Repeated mistake should move from location cue to conceptual support.,200,NO_FEEDBACK,false,UNKNOWN,True,3,0,249,269,logic block,1,
665,RULE,10,510003,303,valid-parentheses,Valid Parentheses,easy,stack state and matching brackets,5,partial_logic,partial_but_compiling,CONCEPTUAL_HINT,Compiling but incomplete logic should receive a compact conceptual nudge.,200,CONCEPTUAL_HINT,true,UNKNOWN,True,1,2,240,286,logic block,1,
666,RULE,10,510003,303,valid-parentheses,Valid Parentheses,easy,stack state and matching brackets,6,local_completion,locally_complete,NO_FEEDBACK,Locally complete state should not be interrupted.,200,CONCEPTUAL_HINT,false,UNKNOWN,True,3,0,257,298,logic block,1,
667,RULE,10,510004,304,binary-search,Binary Search,easy,search interval invariant,1,syntax,missing_statement_ending,CODE_HIGHLIGHT,First syntax error should be localized before giving a concept explanation.,200,CODE_HIGHLIGHT,true,SYNTAX_ERROR,False,0,0,45,79,statement ending,1,
668,RULE,10,510004,304,binary-search,Binary Search,easy,search interval invariant,2,planning,unfinished_implementation,GUIDING_QUESTION,Unfinished code should prompt the student to state the next step.,200,GUIDING_QUESTION,true,STUCK_NO_PROGRESS,True,0,3,266,298,unfinished implementation,2,
669,RULE,10,510004,304,binary-search,Binary Search,easy,search interval invariant,3,first_conceptual_error,wrong_loop_boundary_first,CODE_HIGHLIGHT,First substantial mistake should receive the least sufficient intervention.,200,CODE_HIGHLIGHT,true,WRONG_LOOP_BOUNDARY,True,1,2,278,318,binary search loop boundary,1,
670,RULE,10,510004,304,binary-search,Binary Search,easy,search interval invariant,4,repeated_conceptual_error,wrong_loop_boundary_repeat,CONCEPTUAL_HINT,Repeated mistake should move from location cue to conceptual support.,200,CONCEPTUAL_HINT,true,WRONG_LOOP_BOUNDARY,True,1,2,254,273,binary search loop boundary,1,
671,RULE,10,510004,304,binary-search,Binary Search,easy,search interval invariant,5,partial_logic,partial_but_compiling,CONCEPTUAL_HINT,Compiling but incomplete logic should receive a compact conceptual nudge.,200,CONCEPTUAL_HINT,true,UNKNOWN,True,1,2,240,285,logic block,1,
672,RULE,10,510004,304,binary-search,Binary Search,easy,search interval invariant,6,local_completion,locally_complete,NO_FEEDBACK,Locally complete state should not be interrupted.,200,NO_FEEDBACK,true,UNKNOWN,True,3,0,252,288,logic block,1,
673,RULE,10,510005,305,merge-sorted-array,Merge Sorted Array,easy,array index management,1,syntax,missing_statement_ending,CODE_HIGHLIGHT,First syntax error should be localized before giving a concept explanation.,200,CODE_HIGHLIGHT,true,SYNTAX_ERROR,False,0,0,45,90,statement ending,1,
674,RULE,10,510005,305,merge-sorted-array,Merge Sorted Array,easy,array index management,2,planning,unfinished_implementation,GUIDING_QUESTION,Unfinished code should prompt the student to state the next step.,200,GUIDING_QUESTION,true,STUCK_NO_PROGRESS,True,0,3,245,279,unfinished implementation,2,
675,RULE,10,510005,305,merge-sorted-array,Merge Sorted Array,easy,array index management,3,first_conceptual_error,off_by_one_first,CODE_HIGHLIGHT,First substantial mistake should receive the least sufficient intervention.,200,CODE_HIGHLIGHT,true,OFF_BY_ONE,True,1,2,251,287,for loop condition,1,
676,RULE,10,510005,305,merge-sorted-array,Merge Sorted Array,easy,array index management,4,repeated_conceptual_error,off_by_one_repeat,CONCEPTUAL_HINT,Repeated mistake should move from location cue to conceptual support.,200,CONCEPTUAL_HINT,true,OFF_BY_ONE,True,1,2,240,284,for loop condition,1,
677,RULE,10,510005,305,merge-sorted-array,Merge Sorted Array,easy,array index management,5,partial_logic,partial_but_compiling,CONCEPTUAL_HINT,Compiling but incomplete logic should receive a compact conceptual nudge.,200,CONCEPTUAL_HINT,true,UNKNOWN,True,1,2,246,283,logic block,1,
678,RULE,10,510005,305,merge-sorted-array,Merge Sorted Array,easy,array index management,6,local_completion,locally_complete,NO_FEEDBACK,Locally complete state should not be interrupted.,200,NO_FEEDBACK,true,UNKNOWN,True,3,0,243,277,logic block,1,
679,RULE,10,510006,306,trapping-rain-water,Trapping Rain Water,hard,two pointers and running maxima,1,syntax,missing_statement_ending,CODE_HIGHLIGHT,First syntax error should be localized before giving a concept explanation.,200,CODE_HIGHLIGHT,true,SYNTAX_ERROR,False,0,0,50,87,statement ending,1,
680,RULE,10,510006,306,trapping-rain-water,Trapping Rain Water,hard,two pointers and running maxima,2,planning,unfinished_implementation,GUIDING_QUESTION,Unfinished code should prompt the student to state the next step.,200,GUIDING_QUESTION,true,STUCK_NO_PROGRESS,True,0,3,241,285,unfinished implementation,2,
681,RULE,10,510006,306,trapping-rain-water,Trapping Rain Water,hard,two pointers and running maxima,3,first_conceptual_error,wrong_condition_first,CONCEPTUAL_HINT,First substantial mistake should receive the least sufficient intervention.,200,CONCEPTUAL_HINT,true,WRONG_CONDITION,True,1,2,249,285,while condition,1,
682,RULE,10,510006,306,trapping-rain-water,Trapping Rain Water,hard,two pointers and running maxima,4,repeated_conceptual_error,wrong_condition_repeat,CONCEPTUAL_HINT,Repeated mistake should move from location cue to conceptual support.,200,CONCEPTUAL_HINT,true,WRONG_CONDITION,True,1,2,244,263,while condition,1,
683,RULE,10,510006,306,trapping-rain-water,Trapping Rain Water,hard,two pointers and running maxima,5,partial_logic,partial_but_compiling,CONCEPTUAL_HINT,Compiling but incomplete logic should receive a compact conceptual nudge.,200,CONCEPTUAL_HINT,true,UNKNOWN,True,1,2,242,282,logic block,1,
684,RULE,10,510006,306,trapping-rain-water,Trapping Rain Water,hard,two pointers and running maxima,6,local_completion,locally_complete,NO_FEEDBACK,Locally complete state should not be interrupted.,200,CONCEPTUAL_HINT,false,UNKNOWN,True,1,2,250,289,logic block,1,
685,RULE,10,510007,307,lru-cache,LRU Cache,medium,state update and eviction policy,1,syntax,missing_statement_ending,CODE_HIGHLIGHT,First syntax error should be localized before giving a concept explanation.,200,CODE_HIGHLIGHT,true,SYNTAX_ERROR,False,0,0,47,88,statement ending,1,
686,RULE,10,510007,307,lru-cache,LRU Cache,medium,state update and eviction policy,2,planning,unfinished_implementation,GUIDING_QUESTION,Unfinished code should prompt the student to state the next step.,200,GUIDING_QUESTION,true,STUCK_NO_PROGRESS,True,0,3,256,279,unfinished implementation,2,
687,RULE,10,510007,307,lru-cache,LRU Cache,medium,state update and eviction policy,3,first_conceptual_error,unknown_logic_first,CONCEPTUAL_HINT,First substantial mistake should receive the least sufficient intervention.,200,NO_FEEDBACK,false,UNKNOWN,True,3,0,237,282,logic block,1,
688,RULE,10,510007,307,lru-cache,LRU Cache,medium,state update and eviction policy,4,repeated_conceptual_error,unknown_logic_repeat,CONCEPTUAL_HINT,Repeated mistake should move from location cue to conceptual support.,200,NO_FEEDBACK,false,UNKNOWN,True,3,0,248,282,logic block,1,
689,RULE,10,510007,307,lru-cache,LRU Cache,medium,state update and eviction policy,5,partial_logic,partial_but_compiling,CONCEPTUAL_HINT,Compiling but incomplete logic should receive a compact conceptual nudge.,200,CONCEPTUAL_HINT,true,UNKNOWN,True,1,2,237,257,logic block,1,
690,RULE,10,510007,307,lru-cache,LRU Cache,medium,state update and eviction policy,6,local_completion,locally_complete,NO_FEEDBACK,Locally complete state should not be interrupted.,200,CONCEPTUAL_HINT,false,UNKNOWN,True,3,0,256,292,logic block,1,
691,RULE,10,510008,308,longest-substring,Longest Substring Without Repeating Characters,medium,sliding window invariant,1,syntax,missing_statement_ending,CODE_HIGHLIGHT,First syntax error should be localized before giving a concept explanation.,200,CODE_HIGHLIGHT,true,SYNTAX_ERROR,False,0,0,47,84,statement ending,1,
692,RULE,10,510008,308,longest-substring,Longest Substring Without Repeating Characters,medium,sliding window invariant,2,planning,unfinished_implementation,GUIDING_QUESTION,Unfinished code should prompt the student to state the next step.,200,GUIDING_QUESTION,true,STUCK_NO_PROGRESS,True,0,3,243,277,unfinished implementation,2,
693,RULE,10,510008,308,longest-substring,Longest Substring Without Repeating Characters,medium,sliding window invariant,3,first_conceptual_error,off_by_one_first,CODE_HIGHLIGHT,First substantial mistake should receive the least sufficient intervention.,200,CODE_HIGHLIGHT,true,OFF_BY_ONE,True,1,2,245,288,for loop condition,1,
694,RULE,10,510008,308,longest-substring,Longest Substring Without Repeating Characters,medium,sliding window invariant,4,repeated_conceptual_error,off_by_one_repeat,CONCEPTUAL_HINT,Repeated mistake should move from location cue to conceptual support.,200,CONCEPTUAL_HINT,true,OFF_BY_ONE,True,1,2,250,282,for loop condition,1,
695,RULE,10,510008,308,longest-substring,Longest Substring Without Repeating Characters,medium,sliding window invariant,5,partial_logic,partial_but_compiling,CONCEPTUAL_HINT,Compiling but incomplete logic should receive a compact conceptual nudge.,200,CONCEPTUAL_HINT,true,UNKNOWN,True,1,2,245,284,logic block,1,
696,RULE,10,510008,308,longest-substring,Longest Substring Without Repeating Characters,medium,sliding window invariant,6,local_completion,locally_complete,NO_FEEDBACK,Locally complete state should not be interrupted.,200,NO_FEEDBACK,true,UNKNOWN,True,3,0,246,281,logic block,1,
697,RULE,10,510009,309,reverse-linked-list,Reverse Linked List,easy,pointer update order,1,syntax,missing_statement_ending,CODE_HIGHLIGHT,First syntax error should be localized before giving a concept explanation.,200,CODE_HIGHLIGHT,true,SYNTAX_ERROR,False,0,0,49,84,statement ending,1,
698,RULE,10,510009,309,reverse-linked-list,Reverse Linked List,easy,pointer update order,2,planning,unfinished_implementation,GUIDING_QUESTION,Unfinished code should prompt the student to state the next step.,200,GUIDING_QUESTION,true,STUCK_NO_PROGRESS,True,0,3,242,283,unfinished implementation,2,
699,RULE,10,510009,309,reverse-linked-list,Reverse Linked List,easy,pointer update order,3,first_conceptual_error,wrong_condition_first,CONCEPTUAL_HINT,First substantial mistake should receive the least sufficient intervention.,200,CONCEPTUAL_HINT,true,WRONG_CONDITION,True,1,2,248,287,while condition,1,
700,RULE,10,510009,309,reverse-linked-list,Reverse Linked List,easy,pointer update order,4,repeated_conceptual_error,wrong_condition_repeat,CONCEPTUAL_HINT,Repeated mistake should move from location cue to conceptual support.,200,CONCEPTUAL_HINT,true,WRONG_CONDITION,True,1,2,249,290,while condition,1,
701,RULE,10,510009,309,reverse-linked-list,Reverse Linked List,easy,pointer update order,5,partial_logic,partial_but_compiling,CONCEPTUAL_HINT,Compiling but incomplete logic should receive a compact conceptual nudge.,200,CONCEPTUAL_HINT,true,UNKNOWN,True,1,2,244,276,logic block,1,
702,RULE,10,510009,309,reverse-linked-list,Reverse Linked List,easy,pointer update order,6,local_completion,locally_complete,NO_FEEDBACK,Locally complete state should not be interrupted.,200,NO_FEEDBACK,true,UNKNOWN,True,3,0,243,261,logic block,1,
703,RULE,10,510010,310,matrix-diagonal-sum,Matrix Diagonal Sum,easy,nested indexing and double counting,1,syntax,missing_statement_ending,CODE_HIGHLIGHT,First syntax error should be localized before giving a concept explanation.,200,CODE_HIGHLIGHT,true,SYNTAX_ERROR,False,0,0,54,86,statement ending,1,
704,RULE,10,510010,310,matrix-diagonal-sum,Matrix Diagonal Sum,easy,nested indexing and double counting,2,planning,unfinished_implementation,GUIDING_QUESTION,Unfinished code should prompt the student to state the next step.,200,GUIDING_QUESTION,true,STUCK_NO_PROGRESS,True,0,3,244,286,unfinished implementation,2,
705,RULE,10,510010,310,matrix-diagonal-sum,Matrix Diagonal Sum,easy,nested indexing and double counting,3,first_conceptual_error,off_by_one_first,CODE_HIGHLIGHT,First substantial mistake should receive the least sufficient intervention.,200,CODE_HIGHLIGHT,true,OFF_BY_ONE,True,1,2,249,278,for loop condition,1,
706,RULE,10,510010,310,matrix-diagonal-sum,Matrix Diagonal Sum,easy,nested indexing and double counting,4,repeated_conceptual_error,off_by_one_repeat,CONCEPTUAL_HINT,Repeated mistake should move from location cue to conceptual support.,200,CONCEPTUAL_HINT,true,OFF_BY_ONE,True,1,2,249,280,for loop condition,1,
707,RULE,10,510010,310,matrix-diagonal-sum,Matrix Diagonal Sum,easy,nested indexing and double counting,5,partial_logic,partial_but_compiling,CONCEPTUAL_HINT,Compiling but incomplete logic should receive a compact conceptual nudge.,200,CONCEPTUAL_HINT,true,UNKNOWN,True,1,2,252,298,logic block,1,
708,RULE,10,510010,310,matrix-diagonal-sum,Matrix Diagonal Sum,easy,nested indexing and double counting,6,local_completion,locally_complete,NO_FEEDBACK,Locally complete state should not be interrupted.,200,NO_FEEDBACK,true,UNKNOWN,True,3,0,327,367,logic block,1,
709,RULE,10,510011,311,roman-to-integer,Roman to Integer,easy,lookahead condition,1,syntax,missing_statement_ending,CODE_HIGHLIGHT,First syntax error should be localized before giving a concept explanation.,200,CODE_HIGHLIGHT,true,SYNTAX_ERROR,False,0,0,52,91,statement ending,1,
710,RULE,10,510011,311,roman-to-integer,Roman to Integer,easy,lookahead condition,2,planning,unfinished_implementation,GUIDING_QUESTION,Unfinished code should prompt the student to state the next step.,200,GUIDING_QUESTION,true,STUCK_NO_PROGRESS,True,0,3,255,292,unfinished implementation,2,
711,RULE,10,510011,311,roman-to-integer,Roman to Integer,easy,lookahead condition,3,first_conceptual_error,off_by_one_first,CODE_HIGHLIGHT,First substantial mistake should receive the least sufficient intervention.,200,CODE_HIGHLIGHT,true,OFF_BY_ONE,True,1,2,267,310,for loop condition,1,
712,RULE,10,510011,311,roman-to-integer,Roman to Integer,easy,lookahead condition,4,repeated_conceptual_error,off_by_one_repeat,CONCEPTUAL_HINT,Repeated mistake should move from location cue to conceptual support.,200,CONCEPTUAL_HINT,true,OFF_BY_ONE,True,1,2,249,283,for loop condition,1,
713,RULE,10,510011,311,roman-to-integer,Roman to Integer,easy,lookahead condition,5,partial_logic,partial_but_compiling,CONCEPTUAL_HINT,Compiling but incomplete logic should receive a compact conceptual nudge.,200,CONCEPTUAL_HINT,true,UNKNOWN,True,1,2,247,288,logic block,1,
714,RULE,10,510011,311,roman-to-integer,Roman to Integer,easy,lookahead condition,6,local_completion,locally_complete,NO_FEEDBACK,Locally complete state should not be interrupted.,200,NO_FEEDBACK,true,UNKNOWN,True,3,0,246,283,logic block,1,
715,RULE,10,510012,312,climbing-stairs,Climbing Stairs,easy,base cases and recurrence,1,syntax,missing_statement_ending,CODE_HIGHLIGHT,First syntax error should be localized before giving a concept explanation.,200,CODE_HIGHLIGHT,true,SYNTAX_ERROR,False,0,0,49,70,statement ending,1,
716,RULE,10,510012,312,climbing-stairs,Climbing Stairs,easy,base cases and recurrence,2,planning,unfinished_implementation,GUIDING_QUESTION,Unfinished code should prompt the student to state the next step.,200,GUIDING_QUESTION,true,STUCK_NO_PROGRESS,True,0,3,253,289,unfinished implementation,2,
717,RULE,10,510012,312,climbing-stairs,Climbing Stairs,easy,base cases and recurrence,3,first_conceptual_error,wrong_condition_first,CONCEPTUAL_HINT,First substantial mistake should receive the least sufficient intervention.,200,CONCEPTUAL_HINT,true,WRONG_CONDITION,True,1,2,256,291,while condition,1,
718,RULE,10,510012,312,climbing-stairs,Climbing Stairs,easy,base cases and recurrence,4,repeated_conceptual_error,wrong_condition_repeat,CONCEPTUAL_HINT,Repeated mistake should move from location cue to conceptual support.,200,CONCEPTUAL_HINT,true,WRONG_CONDITION,True,1,2,244,283,while condition,1,
719,RULE,10,510012,312,climbing-stairs,Climbing Stairs,easy,base cases and recurrence,5,partial_logic,partial_but_compiling,CONCEPTUAL_HINT,Compiling but incomplete logic should receive a compact conceptual nudge.,200,CONCEPTUAL_HINT,true,UNKNOWN,True,1,2,253,286,logic block,1,
720,RULE,10,510012,312,climbing-stairs,Climbing Stairs,easy,base cases and recurrence,6,local_completion,locally_complete,NO_FEEDBACK,Locally complete state should not be interrupted.,200,CODE_HIGHLIGHT,false,OFF_BY_ONE,True,1,2,244,277,for loop condition,1,
721,RULE,11,511001,301,palindrome,Valid Palindrome,easy,two pointers and string normalization,1,syntax,missing_statement_ending,CODE_HIGHLIGHT,First syntax error should be localized before giving a concept explanation.,200,CODE_HIGHLIGHT,true,SYNTAX_ERROR,False,0,0,48,84,statement ending,1,
722,RULE,11,511001,301,palindrome,Valid Palindrome,easy,two pointers and string normalization,2,planning,unfinished_implementation,GUIDING_QUESTION,Unfinished code should prompt the student to state the next step.,200,GUIDING_QUESTION,true,STUCK_NO_PROGRESS,True,0,3,244,286,unfinished implementation,2,
723,RULE,11,511001,301,palindrome,Valid Palindrome,easy,two pointers and string normalization,3,first_conceptual_error,possible_null_access_first,CODE_HIGHLIGHT,First substantial mistake should receive the least sufficient intervention.,200,CODE_HIGHLIGHT,true,POSSIBLE_NULL_ACCESS,True,3,0,252,273,missing null or empty guard,1,
724,RULE,11,511001,301,palindrome,Valid Palindrome,easy,two pointers and string normalization,4,repeated_conceptual_error,possible_null_access_repeat,CONCEPTUAL_HINT,Repeated mistake should move from location cue to conceptual support.,200,CONCEPTUAL_HINT,true,POSSIBLE_NULL_ACCESS,True,3,0,254,297,missing null or empty guard,1,
725,RULE,11,511001,301,palindrome,Valid Palindrome,easy,two pointers and string normalization,5,partial_logic,partial_but_compiling,CONCEPTUAL_HINT,Compiling but incomplete logic should receive a compact conceptual nudge.,200,CONCEPTUAL_HINT,true,UNKNOWN,True,1,2,251,283,logic block,1,
726,RULE,11,511001,301,palindrome,Valid Palindrome,easy,two pointers and string normalization,6,local_completion,locally_complete,NO_FEEDBACK,Locally complete state should not be interrupted.,200,CONCEPTUAL_HINT,false,WRONG_CONDITION,True,1,2,245,283,while condition,1,
727,RULE,11,511002,302,two-sum,Two Sum,easy,hash map lookup and pair search,1,syntax,missing_statement_ending,CODE_HIGHLIGHT,First syntax error should be localized before giving a concept explanation.,200,CODE_HIGHLIGHT,true,SYNTAX_ERROR,False,0,0,49,93,statement ending,1,
728,RULE,11,511002,302,two-sum,Two Sum,easy,hash map lookup and pair search,2,planning,unfinished_implementation,GUIDING_QUESTION,Unfinished code should prompt the student to state the next step.,200,GUIDING_QUESTION,true,STUCK_NO_PROGRESS,True,0,3,249,295,unfinished implementation,2,
729,RULE,11,511002,302,two-sum,Two Sum,easy,hash map lookup and pair search,3,first_conceptual_error,off_by_one_first,CODE_HIGHLIGHT,First substantial mistake should receive the least sufficient intervention.,200,CODE_HIGHLIGHT,true,OFF_BY_ONE,True,1,2,241,282,for loop condition,1,
730,RULE,11,511002,302,two-sum,Two Sum,easy,hash map lookup and pair search,4,repeated_conceptual_error,off_by_one_repeat,CONCEPTUAL_HINT,Repeated mistake should move from location cue to conceptual support.,200,CONCEPTUAL_HINT,true,OFF_BY_ONE,True,1,2,250,286,for loop condition,1,
731,RULE,11,511002,302,two-sum,Two Sum,easy,hash map lookup and pair search,5,partial_logic,partial_but_compiling,CONCEPTUAL_HINT,Compiling but incomplete logic should receive a compact conceptual nudge.,200,CONCEPTUAL_HINT,true,UNKNOWN,True,1,2,251,291,logic block,1,
732,RULE,11,511002,302,two-sum,Two Sum,easy,hash map lookup and pair search,6,local_completion,locally_complete,NO_FEEDBACK,Locally complete state should not be interrupted.,200,NO_FEEDBACK,true,UNKNOWN,True,3,0,247,292,logic block,1,
733,RULE,11,511003,303,valid-parentheses,Valid Parentheses,easy,stack state and matching brackets,1,syntax,missing_statement_ending,CODE_HIGHLIGHT,First syntax error should be localized before giving a concept explanation.,200,CODE_HIGHLIGHT,true,SYNTAX_ERROR,False,0,0,48,92,statement ending,1,
734,RULE,11,511003,303,valid-parentheses,Valid Parentheses,easy,stack state and matching brackets,2,planning,unfinished_implementation,GUIDING_QUESTION,Unfinished code should prompt the student to state the next step.,200,GUIDING_QUESTION,true,STUCK_NO_PROGRESS,True,0,3,241,286,unfinished implementation,2,
735,RULE,11,511003,303,valid-parentheses,Valid Parentheses,easy,stack state and matching brackets,3,first_conceptual_error,possible_null_access_first,CODE_HIGHLIGHT,First substantial mistake should receive the least sufficient intervention.,200,NO_FEEDBACK,false,UNKNOWN,True,3,0,248,286,logic block,1,
736,RULE,11,511003,303,valid-parentheses,Valid Parentheses,easy,stack state and matching brackets,4,repeated_conceptual_error,possible_null_access_repeat,CONCEPTUAL_HINT,Repeated mistake should move from location cue to conceptual support.,200,NO_FEEDBACK,false,UNKNOWN,True,3,0,248,288,logic block,1,
737,RULE,11,511003,303,valid-parentheses,Valid Parentheses,easy,stack state and matching brackets,5,partial_logic,partial_but_compiling,CONCEPTUAL_HINT,Compiling but incomplete logic should receive a compact conceptual nudge.,200,CONCEPTUAL_HINT,true,UNKNOWN,True,1,2,247,286,logic block,1,
738,RULE,11,511003,303,valid-parentheses,Valid Parentheses,easy,stack state and matching brackets,6,local_completion,locally_complete,NO_FEEDBACK,Locally complete state should not be interrupted.,200,CONCEPTUAL_HINT,false,UNKNOWN,True,3,0,238,271,logic block,1,
739,RULE,11,511004,304,binary-search,Binary Search,easy,search interval invariant,1,syntax,missing_statement_ending,CODE_HIGHLIGHT,First syntax error should be localized before giving a concept explanation.,200,CODE_HIGHLIGHT,true,SYNTAX_ERROR,False,0,0,48,89,statement ending,1,
740,RULE,11,511004,304,binary-search,Binary Search,easy,search interval invariant,2,planning,unfinished_implementation,GUIDING_QUESTION,Unfinished code should prompt the student to state the next step.,200,GUIDING_QUESTION,true,STUCK_NO_PROGRESS,True,0,3,239,284,unfinished implementation,2,
741,RULE,11,511004,304,binary-search,Binary Search,easy,search interval invariant,3,first_conceptual_error,wrong_loop_boundary_first,CODE_HIGHLIGHT,First substantial mistake should receive the least sufficient intervention.,200,CODE_HIGHLIGHT,true,WRONG_LOOP_BOUNDARY,True,1,2,246,285,binary search loop boundary,1,
742,RULE,11,511004,304,binary-search,Binary Search,easy,search interval invariant,4,repeated_conceptual_error,wrong_loop_boundary_repeat,CONCEPTUAL_HINT,Repeated mistake should move from location cue to conceptual support.,200,CONCEPTUAL_HINT,true,WRONG_LOOP_BOUNDARY,True,1,2,239,267,binary search loop boundary,1,
743,RULE,11,511004,304,binary-search,Binary Search,easy,search interval invariant,5,partial_logic,partial_but_compiling,CONCEPTUAL_HINT,Compiling but incomplete logic should receive a compact conceptual nudge.,200,CONCEPTUAL_HINT,true,UNKNOWN,True,1,2,243,291,logic block,1,
744,RULE,11,511004,304,binary-search,Binary Search,easy,search interval invariant,6,local_completion,locally_complete,NO_FEEDBACK,Locally complete state should not be interrupted.,200,NO_FEEDBACK,true,UNKNOWN,True,3,0,238,284,logic block,1,
745,RULE,11,511005,305,merge-sorted-array,Merge Sorted Array,easy,array index management,1,syntax,missing_statement_ending,CODE_HIGHLIGHT,First syntax error should be localized before giving a concept explanation.,200,CODE_HIGHLIGHT,true,SYNTAX_ERROR,False,0,0,57,97,statement ending,1,
746,RULE,11,511005,305,merge-sorted-array,Merge Sorted Array,easy,array index management,2,planning,unfinished_implementation,GUIDING_QUESTION,Unfinished code should prompt the student to state the next step.,200,GUIDING_QUESTION,true,STUCK_NO_PROGRESS,True,0,3,242,277,unfinished implementation,2,
747,RULE,11,511005,305,merge-sorted-array,Merge Sorted Array,easy,array index management,3,first_conceptual_error,off_by_one_first,CODE_HIGHLIGHT,First substantial mistake should receive the least sufficient intervention.,200,CODE_HIGHLIGHT,true,OFF_BY_ONE,True,1,2,261,304,for loop condition,1,
748,RULE,11,511005,305,merge-sorted-array,Merge Sorted Array,easy,array index management,4,repeated_conceptual_error,off_by_one_repeat,CONCEPTUAL_HINT,Repeated mistake should move from location cue to conceptual support.,200,CONCEPTUAL_HINT,true,OFF_BY_ONE,True,1,2,273,289,for loop condition,1,
749,RULE,11,511005,305,merge-sorted-array,Merge Sorted Array,easy,array index management,5,partial_logic,partial_but_compiling,CONCEPTUAL_HINT,Compiling but incomplete logic should receive a compact conceptual nudge.,200,CONCEPTUAL_HINT,true,UNKNOWN,True,1,2,246,287,logic block,1,
750,RULE,11,511005,305,merge-sorted-array,Merge Sorted Array,easy,array index management,6,local_completion,locally_complete,NO_FEEDBACK,Locally complete state should not be interrupted.,200,NO_FEEDBACK,true,UNKNOWN,True,3,0,242,274,logic block,1,
751,RULE,11,511006,306,trapping-rain-water,Trapping Rain Water,hard,two pointers and running maxima,1,syntax,missing_statement_ending,CODE_HIGHLIGHT,First syntax error should be localized before giving a concept explanation.,200,CODE_HIGHLIGHT,true,SYNTAX_ERROR,False,0,0,49,84,statement ending,1,
752,RULE,11,511006,306,trapping-rain-water,Trapping Rain Water,hard,two pointers and running maxima,2,planning,unfinished_implementation,GUIDING_QUESTION,Unfinished code should prompt the student to state the next step.,200,GUIDING_QUESTION,true,STUCK_NO_PROGRESS,True,0,3,242,287,unfinished implementation,2,
753,RULE,11,511006,306,trapping-rain-water,Trapping Rain Water,hard,two pointers and running maxima,3,first_conceptual_error,wrong_condition_first,CONCEPTUAL_HINT,First substantial mistake should receive the least sufficient intervention.,200,CONCEPTUAL_HINT,true,WRONG_CONDITION,True,1,2,270,289,while condition,1,
754,RULE,11,511006,306,trapping-rain-water,Trapping Rain Water,hard,two pointers and running maxima,4,repeated_conceptual_error,wrong_condition_repeat,CONCEPTUAL_HINT,Repeated mistake should move from location cue to conceptual support.,200,CONCEPTUAL_HINT,true,WRONG_CONDITION,True,1,2,285,321,while condition,1,
755,RULE,11,511006,306,trapping-rain-water,Trapping Rain Water,hard,two pointers and running maxima,5,partial_logic,partial_but_compiling,CONCEPTUAL_HINT,Compiling but incomplete logic should receive a compact conceptual nudge.,200,CONCEPTUAL_HINT,true,UNKNOWN,True,1,2,249,289,logic block,1,
756,RULE,11,511006,306,trapping-rain-water,Trapping Rain Water,hard,two pointers and running maxima,6,local_completion,locally_complete,NO_FEEDBACK,Locally complete state should not be interrupted.,200,CONCEPTUAL_HINT,false,UNKNOWN,True,1,2,264,304,logic block,1,
757,RULE,11,511007,307,lru-cache,LRU Cache,medium,state update and eviction policy,1,syntax,missing_statement_ending,CODE_HIGHLIGHT,First syntax error should be localized before giving a concept explanation.,200,CODE_HIGHLIGHT,true,SYNTAX_ERROR,False,0,0,51,87,statement ending,1,
758,RULE,11,511007,307,lru-cache,LRU Cache,medium,state update and eviction policy,2,planning,unfinished_implementation,GUIDING_QUESTION,Unfinished code should prompt the student to state the next step.,200,GUIDING_QUESTION,true,STUCK_NO_PROGRESS,True,0,3,286,327,unfinished implementation,2,
759,RULE,11,511007,307,lru-cache,LRU Cache,medium,state update and eviction policy,3,first_conceptual_error,unknown_logic_first,CONCEPTUAL_HINT,First substantial mistake should receive the least sufficient intervention.,200,NO_FEEDBACK,false,UNKNOWN,True,3,0,250,292,logic block,1,
760,RULE,11,511007,307,lru-cache,LRU Cache,medium,state update and eviction policy,4,repeated_conceptual_error,unknown_logic_repeat,CONCEPTUAL_HINT,Repeated mistake should move from location cue to conceptual support.,200,NO_FEEDBACK,false,UNKNOWN,True,3,0,242,288,logic block,1,
761,RULE,11,511007,307,lru-cache,LRU Cache,medium,state update and eviction policy,5,partial_logic,partial_but_compiling,CONCEPTUAL_HINT,Compiling but incomplete logic should receive a compact conceptual nudge.,200,CONCEPTUAL_HINT,true,UNKNOWN,True,1,2,240,269,logic block,1,
762,RULE,11,511007,307,lru-cache,LRU Cache,medium,state update and eviction policy,6,local_completion,locally_complete,NO_FEEDBACK,Locally complete state should not be interrupted.,200,CONCEPTUAL_HINT,false,UNKNOWN,True,3,0,247,287,logic block,1,
763,RULE,11,511008,308,longest-substring,Longest Substring Without Repeating Characters,medium,sliding window invariant,1,syntax,missing_statement_ending,CODE_HIGHLIGHT,First syntax error should be localized before giving a concept explanation.,200,CODE_HIGHLIGHT,true,SYNTAX_ERROR,False,0,0,47,81,statement ending,1,
764,RULE,11,511008,308,longest-substring,Longest Substring Without Repeating Characters,medium,sliding window invariant,2,planning,unfinished_implementation,GUIDING_QUESTION,Unfinished code should prompt the student to state the next step.,200,GUIDING_QUESTION,true,STUCK_NO_PROGRESS,True,0,3,243,290,unfinished implementation,2,
765,RULE,11,511008,308,longest-substring,Longest Substring Without Repeating Characters,medium,sliding window invariant,3,first_conceptual_error,off_by_one_first,CODE_HIGHLIGHT,First substantial mistake should receive the least sufficient intervention.,200,CODE_HIGHLIGHT,true,OFF_BY_ONE,True,1,2,254,286,for loop condition,1,
766,RULE,11,511008,308,longest-substring,Longest Substring Without Repeating Characters,medium,sliding window invariant,4,repeated_conceptual_error,off_by_one_repeat,CONCEPTUAL_HINT,Repeated mistake should move from location cue to conceptual support.,200,CONCEPTUAL_HINT,true,OFF_BY_ONE,True,1,2,252,286,for loop condition,1,
767,RULE,11,511008,308,longest-substring,Longest Substring Without Repeating Characters,medium,sliding window invariant,5,partial_logic,partial_but_compiling,CONCEPTUAL_HINT,Compiling but incomplete logic should receive a compact conceptual nudge.,200,CONCEPTUAL_HINT,true,UNKNOWN,True,1,2,248,292,logic block,1,
768,RULE,11,511008,308,longest-substring,Longest Substring Without Repeating Characters,medium,sliding window invariant,6,local_completion,locally_complete,NO_FEEDBACK,Locally complete state should not be interrupted.,200,NO_FEEDBACK,true,UNKNOWN,True,3,0,247,289,logic block,1,
769,RULE,11,511009,309,reverse-linked-list,Reverse Linked List,easy,pointer update order,1,syntax,missing_statement_ending,CODE_HIGHLIGHT,First syntax error should be localized before giving a concept explanation.,200,CODE_HIGHLIGHT,true,SYNTAX_ERROR,False,0,0,47,79,statement ending,1,
770,RULE,11,511009,309,reverse-linked-list,Reverse Linked List,easy,pointer update order,2,planning,unfinished_implementation,GUIDING_QUESTION,Unfinished code should prompt the student to state the next step.,200,GUIDING_QUESTION,true,STUCK_NO_PROGRESS,True,0,3,256,298,unfinished implementation,2,
771,RULE,11,511009,309,reverse-linked-list,Reverse Linked List,easy,pointer update order,3,first_conceptual_error,wrong_condition_first,CONCEPTUAL_HINT,First substantial mistake should receive the least sufficient intervention.,200,CONCEPTUAL_HINT,true,WRONG_CONDITION,True,1,2,244,290,while condition,1,
772,RULE,11,511009,309,reverse-linked-list,Reverse Linked List,easy,pointer update order,4,repeated_conceptual_error,wrong_condition_repeat,CONCEPTUAL_HINT,Repeated mistake should move from location cue to conceptual support.,200,CONCEPTUAL_HINT,true,WRONG_CONDITION,True,1,2,247,284,while condition,1,
773,RULE,11,511009,309,reverse-linked-list,Reverse Linked List,easy,pointer update order,5,partial_logic,partial_but_compiling,CONCEPTUAL_HINT,Compiling but incomplete logic should receive a compact conceptual nudge.,200,CONCEPTUAL_HINT,true,UNKNOWN,True,1,2,252,271,logic block,1,
774,RULE,11,511009,309,reverse-linked-list,Reverse Linked List,easy,pointer update order,6,local_completion,locally_complete,NO_FEEDBACK,Locally complete state should not be interrupted.,200,NO_FEEDBACK,true,UNKNOWN,True,3,0,248,288,logic block,1,
775,RULE,11,511010,310,matrix-diagonal-sum,Matrix Diagonal Sum,easy,nested indexing and double counting,1,syntax,missing_statement_ending,CODE_HIGHLIGHT,First syntax error should be localized before giving a concept explanation.,200,CODE_HIGHLIGHT,true,SYNTAX_ERROR,False,0,0,48,97,statement ending,1,
776,RULE,11,511010,310,matrix-diagonal-sum,Matrix Diagonal Sum,easy,nested indexing and double counting,2,planning,unfinished_implementation,GUIDING_QUESTION,Unfinished code should prompt the student to state the next step.,200,GUIDING_QUESTION,true,STUCK_NO_PROGRESS,True,0,3,254,292,unfinished implementation,2,
777,RULE,11,511010,310,matrix-diagonal-sum,Matrix Diagonal Sum,easy,nested indexing and double counting,3,first_conceptual_error,off_by_one_first,CODE_HIGHLIGHT,First substantial mistake should receive the least sufficient intervention.,200,CODE_HIGHLIGHT,true,OFF_BY_ONE,True,1,2,244,275,for loop condition,1,
778,RULE,11,511010,310,matrix-diagonal-sum,Matrix Diagonal Sum,easy,nested indexing and double counting,4,repeated_conceptual_error,off_by_one_repeat,CONCEPTUAL_HINT,Repeated mistake should move from location cue to conceptual support.,200,CONCEPTUAL_HINT,true,OFF_BY_ONE,True,1,2,275,312,for loop condition,1,
779,RULE,11,511010,310,matrix-diagonal-sum,Matrix Diagonal Sum,easy,nested indexing and double counting,5,partial_logic,partial_but_compiling,CONCEPTUAL_HINT,Compiling but incomplete logic should receive a compact conceptual nudge.,200,CONCEPTUAL_HINT,true,UNKNOWN,True,1,2,281,314,logic block,1,
780,RULE,11,511010,310,matrix-diagonal-sum,Matrix Diagonal Sum,easy,nested indexing and double counting,6,local_completion,locally_complete,NO_FEEDBACK,Locally complete state should not be interrupted.,200,NO_FEEDBACK,true,UNKNOWN,True,3,0,417,450,logic block,1,
781,RULE,11,511011,311,roman-to-integer,Roman to Integer,easy,lookahead condition,1,syntax,missing_statement_ending,CODE_HIGHLIGHT,First syntax error should be localized before giving a concept explanation.,200,CODE_HIGHLIGHT,true,SYNTAX_ERROR,False,0,0,50,73,statement ending,1,
782,RULE,11,511011,311,roman-to-integer,Roman to Integer,easy,lookahead condition,2,planning,unfinished_implementation,GUIDING_QUESTION,Unfinished code should prompt the student to state the next step.,200,GUIDING_QUESTION,true,STUCK_NO_PROGRESS,True,0,3,267,304,unfinished implementation,2,
783,RULE,11,511011,311,roman-to-integer,Roman to Integer,easy,lookahead condition,3,first_conceptual_error,off_by_one_first,CODE_HIGHLIGHT,First substantial mistake should receive the least sufficient intervention.,200,CODE_HIGHLIGHT,true,OFF_BY_ONE,True,1,2,265,540,for loop condition,1,
784,RULE,11,511011,311,roman-to-integer,Roman to Integer,easy,lookahead condition,4,repeated_conceptual_error,off_by_one_repeat,CONCEPTUAL_HINT,Repeated mistake should move from location cue to conceptual support.,200,CONCEPTUAL_HINT,true,OFF_BY_ONE,True,1,2,257,302,for loop condition,1,
785,RULE,11,511011,311,roman-to-integer,Roman to Integer,easy,lookahead condition,5,partial_logic,partial_but_compiling,CONCEPTUAL_HINT,Compiling but incomplete logic should receive a compact conceptual nudge.,200,CONCEPTUAL_HINT,true,UNKNOWN,True,1,2,276,308,logic block,1,
786,RULE,11,511011,311,roman-to-integer,Roman to Integer,easy,lookahead condition,6,local_completion,locally_complete,NO_FEEDBACK,Locally complete state should not be interrupted.,200,NO_FEEDBACK,true,UNKNOWN,True,3,0,287,316,logic block,1,
787,RULE,11,511012,312,climbing-stairs,Climbing Stairs,easy,base cases and recurrence,1,syntax,missing_statement_ending,CODE_HIGHLIGHT,First syntax error should be localized before giving a concept explanation.,200,CODE_HIGHLIGHT,true,SYNTAX_ERROR,False,0,0,98,120,statement ending,1,
788,RULE,11,511012,312,climbing-stairs,Climbing Stairs,easy,base cases and recurrence,2,planning,unfinished_implementation,GUIDING_QUESTION,Unfinished code should prompt the student to state the next step.,200,GUIDING_QUESTION,true,STUCK_NO_PROGRESS,True,0,3,473,510,unfinished implementation,2,
789,RULE,11,511012,312,climbing-stairs,Climbing Stairs,easy,base cases and recurrence,3,first_conceptual_error,wrong_condition_first,CONCEPTUAL_HINT,First substantial mistake should receive the least sufficient intervention.,200,CONCEPTUAL_HINT,true,WRONG_CONDITION,True,1,2,271,311,while condition,1,
790,RULE,11,511012,312,climbing-stairs,Climbing Stairs,easy,base cases and recurrence,4,repeated_conceptual_error,wrong_condition_repeat,CONCEPTUAL_HINT,Repeated mistake should move from location cue to conceptual support.,200,CONCEPTUAL_HINT,true,WRONG_CONDITION,True,1,2,258,295,while condition,1,
791,RULE,11,511012,312,climbing-stairs,Climbing Stairs,easy,base cases and recurrence,5,partial_logic,partial_but_compiling,CONCEPTUAL_HINT,Compiling but incomplete logic should receive a compact conceptual nudge.,200,CONCEPTUAL_HINT,true,UNKNOWN,True,1,2,256,288,logic block,1,
792,RULE,11,511012,312,climbing-stairs,Climbing Stairs,easy,base cases and recurrence,6,local_completion,locally_complete,NO_FEEDBACK,Locally complete state should not be interrupted.,200,CODE_HIGHLIGHT,false,OFF_BY_ONE,True,1,2,264,294,for loop condition,1,
793,RULE,12,512001,301,palindrome,Valid Palindrome,easy,two pointers and string normalization,1,syntax,missing_statement_ending,CODE_HIGHLIGHT,First syntax error should be localized before giving a concept explanation.,200,CODE_HIGHLIGHT,true,SYNTAX_ERROR,False,0,0,47,67,statement ending,1,
794,RULE,12,512001,301,palindrome,Valid Palindrome,easy,two pointers and string normalization,2,planning,unfinished_implementation,GUIDING_QUESTION,Unfinished code should prompt the student to state the next step.,200,GUIDING_QUESTION,true,STUCK_NO_PROGRESS,True,0,3,248,270,unfinished implementation,2,
795,RULE,12,512001,301,palindrome,Valid Palindrome,easy,two pointers and string normalization,3,first_conceptual_error,possible_null_access_first,CODE_HIGHLIGHT,First substantial mistake should receive the least sufficient intervention.,200,CODE_HIGHLIGHT,true,POSSIBLE_NULL_ACCESS,True,3,0,254,291,missing null or empty guard,1,
796,RULE,12,512001,301,palindrome,Valid Palindrome,easy,two pointers and string normalization,4,repeated_conceptual_error,possible_null_access_repeat,CONCEPTUAL_HINT,Repeated mistake should move from location cue to conceptual support.,200,CONCEPTUAL_HINT,true,POSSIBLE_NULL_ACCESS,True,3,0,258,298,missing null or empty guard,1,
797,RULE,12,512001,301,palindrome,Valid Palindrome,easy,two pointers and string normalization,5,partial_logic,partial_but_compiling,CONCEPTUAL_HINT,Compiling but incomplete logic should receive a compact conceptual nudge.,200,CONCEPTUAL_HINT,true,UNKNOWN,True,1,2,247,279,logic block,1,
798,RULE,12,512001,301,palindrome,Valid Palindrome,easy,two pointers and string normalization,6,local_completion,locally_complete,NO_FEEDBACK,Locally complete state should not be interrupted.,200,CONCEPTUAL_HINT,false,WRONG_CONDITION,True,1,2,254,287,while condition,1,
799,RULE,12,512002,302,two-sum,Two Sum,easy,hash map lookup and pair search,1,syntax,missing_statement_ending,CODE_HIGHLIGHT,First syntax error should be localized before giving a concept explanation.,200,CODE_HIGHLIGHT,true,SYNTAX_ERROR,False,0,0,46,90,statement ending,1,
800,RULE,12,512002,302,two-sum,Two Sum,easy,hash map lookup and pair search,2,planning,unfinished_implementation,GUIDING_QUESTION,Unfinished code should prompt the student to state the next step.,200,GUIDING_QUESTION,true,STUCK_NO_PROGRESS,True,0,3,254,289,unfinished implementation,2,
801,RULE,12,512002,302,two-sum,Two Sum,easy,hash map lookup and pair search,3,first_conceptual_error,off_by_one_first,CODE_HIGHLIGHT,First substantial mistake should receive the least sufficient intervention.,200,CODE_HIGHLIGHT,true,OFF_BY_ONE,True,1,2,264,304,for loop condition,1,
802,RULE,12,512002,302,two-sum,Two Sum,easy,hash map lookup and pair search,4,repeated_conceptual_error,off_by_one_repeat,CONCEPTUAL_HINT,Repeated mistake should move from location cue to conceptual support.,200,CONCEPTUAL_HINT,true,OFF_BY_ONE,True,1,2,252,280,for loop condition,1,
803,RULE,12,512002,302,two-sum,Two Sum,easy,hash map lookup and pair search,5,partial_logic,partial_but_compiling,CONCEPTUAL_HINT,Compiling but incomplete logic should receive a compact conceptual nudge.,200,CONCEPTUAL_HINT,true,UNKNOWN,True,1,2,245,280,logic block,1,
804,RULE,12,512002,302,two-sum,Two Sum,easy,hash map lookup and pair search,6,local_completion,locally_complete,NO_FEEDBACK,Locally complete state should not be interrupted.,200,NO_FEEDBACK,true,UNKNOWN,True,3,0,247,283,logic block,1,
805,RULE,12,512003,303,valid-parentheses,Valid Parentheses,easy,stack state and matching brackets,1,syntax,missing_statement_ending,CODE_HIGHLIGHT,First syntax error should be localized before giving a concept explanation.,200,CODE_HIGHLIGHT,true,SYNTAX_ERROR,False,0,0,47,90,statement ending,1,
806,RULE,12,512003,303,valid-parentheses,Valid Parentheses,easy,stack state and matching brackets,2,planning,unfinished_implementation,GUIDING_QUESTION,Unfinished code should prompt the student to state the next step.,200,GUIDING_QUESTION,true,STUCK_NO_PROGRESS,True,0,3,253,299,unfinished implementation,2,
807,RULE,12,512003,303,valid-parentheses,Valid Parentheses,easy,stack state and matching brackets,3,first_conceptual_error,possible_null_access_first,CODE_HIGHLIGHT,First substantial mistake should receive the least sufficient intervention.,200,NO_FEEDBACK,false,UNKNOWN,True,3,0,246,279,logic block,1,
808,RULE,12,512003,303,valid-parentheses,Valid Parentheses,easy,stack state and matching brackets,4,repeated_conceptual_error,possible_null_access_repeat,CONCEPTUAL_HINT,Repeated mistake should move from location cue to conceptual support.,200,NO_FEEDBACK,false,UNKNOWN,True,3,0,246,276,logic block,1,
809,RULE,12,512003,303,valid-parentheses,Valid Parentheses,easy,stack state and matching brackets,5,partial_logic,partial_but_compiling,CONCEPTUAL_HINT,Compiling but incomplete logic should receive a compact conceptual nudge.,200,CONCEPTUAL_HINT,true,UNKNOWN,True,1,2,248,281,logic block,1,
810,RULE,12,512003,303,valid-parentheses,Valid Parentheses,easy,stack state and matching brackets,6,local_completion,locally_complete,NO_FEEDBACK,Locally complete state should not be interrupted.,200,CONCEPTUAL_HINT,false,UNKNOWN,True,3,0,249,292,logic block,1,
811,RULE,12,512004,304,binary-search,Binary Search,easy,search interval invariant,1,syntax,missing_statement_ending,CODE_HIGHLIGHT,First syntax error should be localized before giving a concept explanation.,200,CODE_HIGHLIGHT,true,SYNTAX_ERROR,False,0,0,47,68,statement ending,1,
812,RULE,12,512004,304,binary-search,Binary Search,easy,search interval invariant,2,planning,unfinished_implementation,GUIDING_QUESTION,Unfinished code should prompt the student to state the next step.,200,GUIDING_QUESTION,true,STUCK_NO_PROGRESS,True,0,3,242,278,unfinished implementation,2,
813,RULE,12,512004,304,binary-search,Binary Search,easy,search interval invariant,3,first_conceptual_error,wrong_loop_boundary_first,CODE_HIGHLIGHT,First substantial mistake should receive the least sufficient intervention.,200,CODE_HIGHLIGHT,true,WRONG_LOOP_BOUNDARY,True,1,2,249,289,binary search loop boundary,1,
814,RULE,12,512004,304,binary-search,Binary Search,easy,search interval invariant,4,repeated_conceptual_error,wrong_loop_boundary_repeat,CONCEPTUAL_HINT,Repeated mistake should move from location cue to conceptual support.,200,CONCEPTUAL_HINT,true,WRONG_LOOP_BOUNDARY,True,1,2,246,289,binary search loop boundary,1,
815,RULE,12,512004,304,binary-search,Binary Search,easy,search interval invariant,5,partial_logic,partial_but_compiling,CONCEPTUAL_HINT,Compiling but incomplete logic should receive a compact conceptual nudge.,200,CONCEPTUAL_HINT,true,UNKNOWN,True,1,2,244,265,logic block,1,
816,RULE,12,512004,304,binary-search,Binary Search,easy,search interval invariant,6,local_completion,locally_complete,NO_FEEDBACK,Locally complete state should not be interrupted.,200,NO_FEEDBACK,true,UNKNOWN,True,3,0,267,313,logic block,1,
817,RULE,12,512005,305,merge-sorted-array,Merge Sorted Array,easy,array index management,1,syntax,missing_statement_ending,CODE_HIGHLIGHT,First syntax error should be localized before giving a concept explanation.,200,CODE_HIGHLIGHT,true,SYNTAX_ERROR,False,0,0,52,72,statement ending,1,
818,RULE,12,512005,305,merge-sorted-array,Merge Sorted Array,easy,array index management,2,planning,unfinished_implementation,GUIDING_QUESTION,Unfinished code should prompt the student to state the next step.,200,GUIDING_QUESTION,true,STUCK_NO_PROGRESS,True,0,3,257,302,unfinished implementation,2,
819,RULE,12,512005,305,merge-sorted-array,Merge Sorted Array,easy,array index management,3,first_conceptual_error,off_by_one_first,CODE_HIGHLIGHT,First substantial mistake should receive the least sufficient intervention.,200,CODE_HIGHLIGHT,true,OFF_BY_ONE,True,1,2,241,276,for loop condition,1,
820,RULE,12,512005,305,merge-sorted-array,Merge Sorted Array,easy,array index management,4,repeated_conceptual_error,off_by_one_repeat,CONCEPTUAL_HINT,Repeated mistake should move from location cue to conceptual support.,200,CONCEPTUAL_HINT,true,OFF_BY_ONE,True,1,2,239,277,for loop condition,1,
821,RULE,12,512005,305,merge-sorted-array,Merge Sorted Array,easy,array index management,5,partial_logic,partial_but_compiling,CONCEPTUAL_HINT,Compiling but incomplete logic should receive a compact conceptual nudge.,200,CONCEPTUAL_HINT,true,UNKNOWN,True,1,2,248,280,logic block,1,
822,RULE,12,512005,305,merge-sorted-array,Merge Sorted Array,easy,array index management,6,local_completion,locally_complete,NO_FEEDBACK,Locally complete state should not be interrupted.,200,NO_FEEDBACK,true,UNKNOWN,True,3,0,262,302,logic block,1,
823,RULE,12,512006,306,trapping-rain-water,Trapping Rain Water,hard,two pointers and running maxima,1,syntax,missing_statement_ending,CODE_HIGHLIGHT,First syntax error should be localized before giving a concept explanation.,200,CODE_HIGHLIGHT,true,SYNTAX_ERROR,False,0,0,51,90,statement ending,1,
824,RULE,12,512006,306,trapping-rain-water,Trapping Rain Water,hard,two pointers and running maxima,2,planning,unfinished_implementation,GUIDING_QUESTION,Unfinished code should prompt the student to state the next step.,200,GUIDING_QUESTION,true,STUCK_NO_PROGRESS,True,0,3,272,311,unfinished implementation,2,
825,RULE,12,512006,306,trapping-rain-water,Trapping Rain Water,hard,two pointers and running maxima,3,first_conceptual_error,wrong_condition_first,CONCEPTUAL_HINT,First substantial mistake should receive the least sufficient intervention.,200,CONCEPTUAL_HINT,true,WRONG_CONDITION,True,1,2,249,283,while condition,1,
826,RULE,12,512006,306,trapping-rain-water,Trapping Rain Water,hard,two pointers and running maxima,4,repeated_conceptual_error,wrong_condition_repeat,CONCEPTUAL_HINT,Repeated mistake should move from location cue to conceptual support.,200,CONCEPTUAL_HINT,true,WRONG_CONDITION,True,1,2,244,285,while condition,1,
827,RULE,12,512006,306,trapping-rain-water,Trapping Rain Water,hard,two pointers and running maxima,5,partial_logic,partial_but_compiling,CONCEPTUAL_HINT,Compiling but incomplete logic should receive a compact conceptual nudge.,200,CONCEPTUAL_HINT,true,UNKNOWN,True,1,2,249,268,logic block,1,
828,RULE,12,512006,306,trapping-rain-water,Trapping Rain Water,hard,two pointers and running maxima,6,local_completion,locally_complete,NO_FEEDBACK,Locally complete state should not be interrupted.,200,CONCEPTUAL_HINT,false,UNKNOWN,True,1,2,242,274,logic block,1,
829,RULE,12,512007,307,lru-cache,LRU Cache,medium,state update and eviction policy,1,syntax,missing_statement_ending,CODE_HIGHLIGHT,First syntax error should be localized before giving a concept explanation.,200,CODE_HIGHLIGHT,true,SYNTAX_ERROR,False,0,0,47,86,statement ending,1,
830,RULE,12,512007,307,lru-cache,LRU Cache,medium,state update and eviction policy,2,planning,unfinished_implementation,GUIDING_QUESTION,Unfinished code should prompt the student to state the next step.,200,GUIDING_QUESTION,true,STUCK_NO_PROGRESS,True,0,3,246,289,unfinished implementation,2,
831,RULE,12,512007,307,lru-cache,LRU Cache,medium,state update and eviction policy,3,first_conceptual_error,unknown_logic_first,CONCEPTUAL_HINT,First substantial mistake should receive the least sufficient intervention.,200,NO_FEEDBACK,false,UNKNOWN,True,3,0,248,280,logic block,1,
832,RULE,12,512007,307,lru-cache,LRU Cache,medium,state update and eviction policy,4,repeated_conceptual_error,unknown_logic_repeat,CONCEPTUAL_HINT,Repeated mistake should move from location cue to conceptual support.,200,NO_FEEDBACK,false,UNKNOWN,True,3,0,245,287,logic block,1,
833,RULE,12,512007,307,lru-cache,LRU Cache,medium,state update and eviction policy,5,partial_logic,partial_but_compiling,CONCEPTUAL_HINT,Compiling but incomplete logic should receive a compact conceptual nudge.,200,CONCEPTUAL_HINT,true,UNKNOWN,True,1,2,250,271,logic block,1,
834,RULE,12,512007,307,lru-cache,LRU Cache,medium,state update and eviction policy,6,local_completion,locally_complete,NO_FEEDBACK,Locally complete state should not be interrupted.,200,CONCEPTUAL_HINT,false,UNKNOWN,True,3,0,252,287,logic block,1,
835,RULE,12,512008,308,longest-substring,Longest Substring Without Repeating Characters,medium,sliding window invariant,1,syntax,missing_statement_ending,CODE_HIGHLIGHT,First syntax error should be localized before giving a concept explanation.,200,CODE_HIGHLIGHT,true,SYNTAX_ERROR,False,0,0,49,92,statement ending,1,
836,RULE,12,512008,308,longest-substring,Longest Substring Without Repeating Characters,medium,sliding window invariant,2,planning,unfinished_implementation,GUIDING_QUESTION,Unfinished code should prompt the student to state the next step.,200,GUIDING_QUESTION,true,STUCK_NO_PROGRESS,True,0,3,247,264,unfinished implementation,2,
837,RULE,12,512008,308,longest-substring,Longest Substring Without Repeating Characters,medium,sliding window invariant,3,first_conceptual_error,off_by_one_first,CODE_HIGHLIGHT,First substantial mistake should receive the least sufficient intervention.,200,CODE_HIGHLIGHT,true,OFF_BY_ONE,True,1,2,245,276,for loop condition,1,
838,RULE,12,512008,308,longest-substring,Longest Substring Without Repeating Characters,medium,sliding window invariant,4,repeated_conceptual_error,off_by_one_repeat,CONCEPTUAL_HINT,Repeated mistake should move from location cue to conceptual support.,200,CONCEPTUAL_HINT,true,OFF_BY_ONE,True,1,2,247,292,for loop condition,1,
839,RULE,12,512008,308,longest-substring,Longest Substring Without Repeating Characters,medium,sliding window invariant,5,partial_logic,partial_but_compiling,CONCEPTUAL_HINT,Compiling but incomplete logic should receive a compact conceptual nudge.,200,CONCEPTUAL_HINT,true,UNKNOWN,True,1,2,242,265,logic block,1,
840,RULE,12,512008,308,longest-substring,Longest Substring Without Repeating Characters,medium,sliding window invariant,6,local_completion,locally_complete,NO_FEEDBACK,Locally complete state should not be interrupted.,200,NO_FEEDBACK,true,UNKNOWN,True,3,0,257,278,logic block,1,
841,RULE,12,512009,309,reverse-linked-list,Reverse Linked List,easy,pointer update order,1,syntax,missing_statement_ending,CODE_HIGHLIGHT,First syntax error should be localized before giving a concept explanation.,200,CODE_HIGHLIGHT,true,SYNTAX_ERROR,False,0,0,49,92,statement ending,1,
842,RULE,12,512009,309,reverse-linked-list,Reverse Linked List,easy,pointer update order,2,planning,unfinished_implementation,GUIDING_QUESTION,Unfinished code should prompt the student to state the next step.,200,GUIDING_QUESTION,true,STUCK_NO_PROGRESS,True,0,3,243,287,unfinished implementation,2,
843,RULE,12,512009,309,reverse-linked-list,Reverse Linked List,easy,pointer update order,3,first_conceptual_error,wrong_condition_first,CONCEPTUAL_HINT,First substantial mistake should receive the least sufficient intervention.,200,CONCEPTUAL_HINT,true,WRONG_CONDITION,True,1,2,246,288,while condition,1,
844,RULE,12,512009,309,reverse-linked-list,Reverse Linked List,easy,pointer update order,4,repeated_conceptual_error,wrong_condition_repeat,CONCEPTUAL_HINT,Repeated mistake should move from location cue to conceptual support.,200,CONCEPTUAL_HINT,true,WRONG_CONDITION,True,1,2,249,282,while condition,1,
845,RULE,12,512009,309,reverse-linked-list,Reverse Linked List,easy,pointer update order,5,partial_logic,partial_but_compiling,CONCEPTUAL_HINT,Compiling but incomplete logic should receive a compact conceptual nudge.,200,CONCEPTUAL_HINT,true,UNKNOWN,True,1,2,249,282,logic block,1,
846,RULE,12,512009,309,reverse-linked-list,Reverse Linked List,easy,pointer update order,6,local_completion,locally_complete,NO_FEEDBACK,Locally complete state should not be interrupted.,200,NO_FEEDBACK,true,UNKNOWN,True,3,0,246,263,logic block,1,
847,RULE,12,512010,310,matrix-diagonal-sum,Matrix Diagonal Sum,easy,nested indexing and double counting,1,syntax,missing_statement_ending,CODE_HIGHLIGHT,First syntax error should be localized before giving a concept explanation.,200,CODE_HIGHLIGHT,true,SYNTAX_ERROR,False,0,0,49,80,statement ending,1,
848,RULE,12,512010,310,matrix-diagonal-sum,Matrix Diagonal Sum,easy,nested indexing and double counting,2,planning,unfinished_implementation,GUIDING_QUESTION,Unfinished code should prompt the student to state the next step.,200,GUIDING_QUESTION,true,STUCK_NO_PROGRESS,True,0,3,246,289,unfinished implementation,2,
849,RULE,12,512010,310,matrix-diagonal-sum,Matrix Diagonal Sum,easy,nested indexing and double counting,3,first_conceptual_error,off_by_one_first,CODE_HIGHLIGHT,First substantial mistake should receive the least sufficient intervention.,200,CODE_HIGHLIGHT,true,OFF_BY_ONE,True,1,2,250,282,for loop condition,1,
850,RULE,12,512010,310,matrix-diagonal-sum,Matrix Diagonal Sum,easy,nested indexing and double counting,4,repeated_conceptual_error,off_by_one_repeat,CONCEPTUAL_HINT,Repeated mistake should move from location cue to conceptual support.,200,CONCEPTUAL_HINT,true,OFF_BY_ONE,True,1,2,246,282,for loop condition,1,
851,RULE,12,512010,310,matrix-diagonal-sum,Matrix Diagonal Sum,easy,nested indexing and double counting,5,partial_logic,partial_but_compiling,CONCEPTUAL_HINT,Compiling but incomplete logic should receive a compact conceptual nudge.,200,CONCEPTUAL_HINT,true,UNKNOWN,True,1,2,248,282,logic block,1,
852,RULE,12,512010,310,matrix-diagonal-sum,Matrix Diagonal Sum,easy,nested indexing and double counting,6,local_completion,locally_complete,NO_FEEDBACK,Locally complete state should not be interrupted.,200,NO_FEEDBACK,true,UNKNOWN,True,3,0,255,285,logic block,1,
853,RULE,12,512011,311,roman-to-integer,Roman to Integer,easy,lookahead condition,1,syntax,missing_statement_ending,CODE_HIGHLIGHT,First syntax error should be localized before giving a concept explanation.,200,CODE_HIGHLIGHT,true,SYNTAX_ERROR,False,0,0,47,78,statement ending,1,
854,RULE,12,512011,311,roman-to-integer,Roman to Integer,easy,lookahead condition,2,planning,unfinished_implementation,GUIDING_QUESTION,Unfinished code should prompt the student to state the next step.,200,GUIDING_QUESTION,true,STUCK_NO_PROGRESS,True,0,3,243,291,unfinished implementation,2,
855,RULE,12,512011,311,roman-to-integer,Roman to Integer,easy,lookahead condition,3,first_conceptual_error,off_by_one_first,CODE_HIGHLIGHT,First substantial mistake should receive the least sufficient intervention.,200,CODE_HIGHLIGHT,true,OFF_BY_ONE,True,1,2,252,295,for loop condition,1,
856,RULE,12,512011,311,roman-to-integer,Roman to Integer,easy,lookahead condition,4,repeated_conceptual_error,off_by_one_repeat,CONCEPTUAL_HINT,Repeated mistake should move from location cue to conceptual support.,200,CONCEPTUAL_HINT,true,OFF_BY_ONE,True,1,2,247,281,for loop condition,1,
857,RULE,12,512011,311,roman-to-integer,Roman to Integer,easy,lookahead condition,5,partial_logic,partial_but_compiling,CONCEPTUAL_HINT,Compiling but incomplete logic should receive a compact conceptual nudge.,200,CONCEPTUAL_HINT,true,UNKNOWN,True,1,2,245,283,logic block,1,
858,RULE,12,512011,311,roman-to-integer,Roman to Integer,easy,lookahead condition,6,local_completion,locally_complete,NO_FEEDBACK,Locally complete state should not be interrupted.,200,NO_FEEDBACK,true,UNKNOWN,True,3,0,248,292,logic block,1,
859,RULE,12,512012,312,climbing-stairs,Climbing Stairs,easy,base cases and recurrence,1,syntax,missing_statement_ending,CODE_HIGHLIGHT,First syntax error should be localized before giving a concept explanation.,200,CODE_HIGHLIGHT,true,SYNTAX_ERROR,False,0,0,48,80,statement ending,1,
860,RULE,12,512012,312,climbing-stairs,Climbing Stairs,easy,base cases and recurrence,2,planning,unfinished_implementation,GUIDING_QUESTION,Unfinished code should prompt the student to state the next step.,200,GUIDING_QUESTION,true,STUCK_NO_PROGRESS,True,0,3,249,289,unfinished implementation,2,
861,RULE,12,512012,312,climbing-stairs,Climbing Stairs,easy,base cases and recurrence,3,first_conceptual_error,wrong_condition_first,CONCEPTUAL_HINT,First substantial mistake should receive the least sufficient intervention.,200,CONCEPTUAL_HINT,true,WRONG_CONDITION,True,1,2,250,295,while condition,1,
862,RULE,12,512012,312,climbing-stairs,Climbing Stairs,easy,base cases and recurrence,4,repeated_conceptual_error,wrong_condition_repeat,CONCEPTUAL_HINT,Repeated mistake should move from location cue to conceptual support.,200,CONCEPTUAL_HINT,true,WRONG_CONDITION,True,1,2,250,291,while condition,1,
863,RULE,12,512012,312,climbing-stairs,Climbing Stairs,easy,base cases and recurrence,5,partial_logic,partial_but_compiling,CONCEPTUAL_HINT,Compiling but incomplete logic should receive a compact conceptual nudge.,200,CONCEPTUAL_HINT,true,UNKNOWN,True,1,2,284,327,logic block,1,
864,RULE,12,512012,312,climbing-stairs,Climbing Stairs,easy,base cases and recurrence,6,local_completion,locally_complete,NO_FEEDBACK,Locally complete state should not be interrupted.,200,CODE_HIGHLIGHT,false,OFF_BY_ONE,True,1,2,253,293,for loop condition,1,
865,RULE,13,513001,301,palindrome,Valid Palindrome,easy,two pointers and string normalization,1,syntax,missing_statement_ending,CODE_HIGHLIGHT,First syntax error should be localized before giving a concept explanation.,200,CODE_HIGHLIGHT,true,SYNTAX_ERROR,False,0,0,48,79,statement ending,1,
866,RULE,13,513001,301,palindrome,Valid Palindrome,easy,two pointers and string normalization,2,planning,unfinished_implementation,GUIDING_QUESTION,Unfinished code should prompt the student to state the next step.,200,GUIDING_QUESTION,true,STUCK_NO_PROGRESS,True,0,3,248,292,unfinished implementation,2,
867,RULE,13,513001,301,palindrome,Valid Palindrome,easy,two pointers and string normalization,3,first_conceptual_error,possible_null_access_first,CODE_HIGHLIGHT,First substantial mistake should receive the least sufficient intervention.,200,CODE_HIGHLIGHT,true,POSSIBLE_NULL_ACCESS,True,3,0,250,292,missing null or empty guard,1,
868,RULE,13,513001,301,palindrome,Valid Palindrome,easy,two pointers and string normalization,4,repeated_conceptual_error,possible_null_access_repeat,CONCEPTUAL_HINT,Repeated mistake should move from location cue to conceptual support.,200,CONCEPTUAL_HINT,true,POSSIBLE_NULL_ACCESS,True,3,0,243,277,missing null or empty guard,1,
869,RULE,13,513001,301,palindrome,Valid Palindrome,easy,two pointers and string normalization,5,partial_logic,partial_but_compiling,CONCEPTUAL_HINT,Compiling but incomplete logic should receive a compact conceptual nudge.,200,CONCEPTUAL_HINT,true,UNKNOWN,True,1,2,249,296,logic block,1,
870,RULE,13,513001,301,palindrome,Valid Palindrome,easy,two pointers and string normalization,6,local_completion,locally_complete,NO_FEEDBACK,Locally complete state should not be interrupted.,200,CONCEPTUAL_HINT,false,WRONG_CONDITION,True,1,2,253,291,while condition,1,
871,RULE,13,513002,302,two-sum,Two Sum,easy,hash map lookup and pair search,1,syntax,missing_statement_ending,CODE_HIGHLIGHT,First syntax error should be localized before giving a concept explanation.,200,CODE_HIGHLIGHT,true,SYNTAX_ERROR,False,0,0,46,80,statement ending,1,
872,RULE,13,513002,302,two-sum,Two Sum,easy,hash map lookup and pair search,2,planning,unfinished_implementation,GUIDING_QUESTION,Unfinished code should prompt the student to state the next step.,200,GUIDING_QUESTION,true,STUCK_NO_PROGRESS,True,0,3,241,281,unfinished implementation,2,
873,RULE,13,513002,302,two-sum,Two Sum,easy,hash map lookup and pair search,3,first_conceptual_error,off_by_one_first,CODE_HIGHLIGHT,First substantial mistake should receive the least sufficient intervention.,200,CODE_HIGHLIGHT,true,OFF_BY_ONE,True,1,2,242,280,for loop condition,1,
874,RULE,13,513002,302,two-sum,Two Sum,easy,hash map lookup and pair search,4,repeated_conceptual_error,off_by_one_repeat,CONCEPTUAL_HINT,Repeated mistake should move from location cue to conceptual support.,200,CONCEPTUAL_HINT,true,OFF_BY_ONE,True,1,2,254,298,for loop condition,1,
875,RULE,13,513002,302,two-sum,Two Sum,easy,hash map lookup and pair search,5,partial_logic,partial_but_compiling,CONCEPTUAL_HINT,Compiling but incomplete logic should receive a compact conceptual nudge.,200,CONCEPTUAL_HINT,true,UNKNOWN,True,1,2,246,272,logic block,1,
876,RULE,13,513002,302,two-sum,Two Sum,easy,hash map lookup and pair search,6,local_completion,locally_complete,NO_FEEDBACK,Locally complete state should not be interrupted.,200,NO_FEEDBACK,true,UNKNOWN,True,3,0,247,277,logic block,1,
877,RULE,13,513003,303,valid-parentheses,Valid Parentheses,easy,stack state and matching brackets,1,syntax,missing_statement_ending,CODE_HIGHLIGHT,First syntax error should be localized before giving a concept explanation.,200,CODE_HIGHLIGHT,true,SYNTAX_ERROR,False,0,0,47,78,statement ending,1,
878,RULE,13,513003,303,valid-parentheses,Valid Parentheses,easy,stack state and matching brackets,2,planning,unfinished_implementation,GUIDING_QUESTION,Unfinished code should prompt the student to state the next step.,200,GUIDING_QUESTION,true,STUCK_NO_PROGRESS,True,0,3,247,277,unfinished implementation,2,
879,RULE,13,513003,303,valid-parentheses,Valid Parentheses,easy,stack state and matching brackets,3,first_conceptual_error,possible_null_access_first,CODE_HIGHLIGHT,First substantial mistake should receive the least sufficient intervention.,200,NO_FEEDBACK,false,UNKNOWN,True,3,0,242,272,logic block,1,
880,RULE,13,513003,303,valid-parentheses,Valid Parentheses,easy,stack state and matching brackets,4,repeated_conceptual_error,possible_null_access_repeat,CONCEPTUAL_HINT,Repeated mistake should move from location cue to conceptual support.,200,NO_FEEDBACK,false,UNKNOWN,True,3,0,254,287,logic block,1,
881,RULE,13,513003,303,valid-parentheses,Valid Parentheses,easy,stack state and matching brackets,5,partial_logic,partial_but_compiling,CONCEPTUAL_HINT,Compiling but incomplete logic should receive a compact conceptual nudge.,200,CONCEPTUAL_HINT,true,UNKNOWN,True,1,2,239,277,logic block,1,
882,RULE,13,513003,303,valid-parentheses,Valid Parentheses,easy,stack state and matching brackets,6,local_completion,locally_complete,NO_FEEDBACK,Locally complete state should not be interrupted.,200,CONCEPTUAL_HINT,false,UNKNOWN,True,3,0,245,267,logic block,1,
883,RULE,13,513004,304,binary-search,Binary Search,easy,search interval invariant,1,syntax,missing_statement_ending,CODE_HIGHLIGHT,First syntax error should be localized before giving a concept explanation.,200,CODE_HIGHLIGHT,true,SYNTAX_ERROR,False,0,0,46,85,statement ending,1,
884,RULE,13,513004,304,binary-search,Binary Search,easy,search interval invariant,2,planning,unfinished_implementation,GUIDING_QUESTION,Unfinished code should prompt the student to state the next step.,200,GUIDING_QUESTION,true,STUCK_NO_PROGRESS,True,0,3,233,272,unfinished implementation,2,
885,RULE,13,513004,304,binary-search,Binary Search,easy,search interval invariant,3,first_conceptual_error,wrong_loop_boundary_first,CODE_HIGHLIGHT,First substantial mistake should receive the least sufficient intervention.,200,CODE_HIGHLIGHT,true,WRONG_LOOP_BOUNDARY,True,1,2,247,291,binary search loop boundary,1,
886,RULE,13,513004,304,binary-search,Binary Search,easy,search interval invariant,4,repeated_conceptual_error,wrong_loop_boundary_repeat,CONCEPTUAL_HINT,Repeated mistake should move from location cue to conceptual support.,200,CONCEPTUAL_HINT,true,WRONG_LOOP_BOUNDARY,True,1,2,238,275,binary search loop boundary,1,
887,RULE,13,513004,304,binary-search,Binary Search,easy,search interval invariant,5,partial_logic,partial_but_compiling,CONCEPTUAL_HINT,Compiling but incomplete logic should receive a compact conceptual nudge.,200,CONCEPTUAL_HINT,true,UNKNOWN,True,1,2,244,281,logic block,1,
888,RULE,13,513004,304,binary-search,Binary Search,easy,search interval invariant,6,local_completion,locally_complete,NO_FEEDBACK,Locally complete state should not be interrupted.,200,NO_FEEDBACK,true,UNKNOWN,True,3,0,243,275,logic block,1,
889,RULE,13,513005,305,merge-sorted-array,Merge Sorted Array,easy,array index management,1,syntax,missing_statement_ending,CODE_HIGHLIGHT,First syntax error should be localized before giving a concept explanation.,200,CODE_HIGHLIGHT,true,SYNTAX_ERROR,False,0,0,46,92,statement ending,1,
890,RULE,13,513005,305,merge-sorted-array,Merge Sorted Array,easy,array index management,2,planning,unfinished_implementation,GUIDING_QUESTION,Unfinished code should prompt the student to state the next step.,200,GUIDING_QUESTION,true,STUCK_NO_PROGRESS,True,0,3,247,264,unfinished implementation,2,
891,RULE,13,513005,305,merge-sorted-array,Merge Sorted Array,easy,array index management,3,first_conceptual_error,off_by_one_first,CODE_HIGHLIGHT,First substantial mistake should receive the least sufficient intervention.,200,CODE_HIGHLIGHT,true,OFF_BY_ONE,True,1,2,242,280,for loop condition,1,
892,RULE,13,513005,305,merge-sorted-array,Merge Sorted Array,easy,array index management,4,repeated_conceptual_error,off_by_one_repeat,CONCEPTUAL_HINT,Repeated mistake should move from location cue to conceptual support.,200,CONCEPTUAL_HINT,true,OFF_BY_ONE,True,1,2,244,282,for loop condition,1,
893,RULE,13,513005,305,merge-sorted-array,Merge Sorted Array,easy,array index management,5,partial_logic,partial_but_compiling,CONCEPTUAL_HINT,Compiling but incomplete logic should receive a compact conceptual nudge.,200,CONCEPTUAL_HINT,true,UNKNOWN,True,1,2,245,292,logic block,1,
894,RULE,13,513005,305,merge-sorted-array,Merge Sorted Array,easy,array index management,6,local_completion,locally_complete,NO_FEEDBACK,Locally complete state should not be interrupted.,200,NO_FEEDBACK,true,UNKNOWN,True,3,0,246,284,logic block,1,
895,RULE,13,513006,306,trapping-rain-water,Trapping Rain Water,hard,two pointers and running maxima,1,syntax,missing_statement_ending,CODE_HIGHLIGHT,First syntax error should be localized before giving a concept explanation.,200,CODE_HIGHLIGHT,true,SYNTAX_ERROR,False,0,0,45,89,statement ending,1,
896,RULE,13,513006,306,trapping-rain-water,Trapping Rain Water,hard,two pointers and running maxima,2,planning,unfinished_implementation,GUIDING_QUESTION,Unfinished code should prompt the student to state the next step.,200,GUIDING_QUESTION,true,STUCK_NO_PROGRESS,True,0,3,255,273,unfinished implementation,2,
897,RULE,13,513006,306,trapping-rain-water,Trapping Rain Water,hard,two pointers and running maxima,3,first_conceptual_error,wrong_condition_first,CONCEPTUAL_HINT,First substantial mistake should receive the least sufficient intervention.,200,CONCEPTUAL_HINT,true,WRONG_CONDITION,True,1,2,241,271,while condition,1,
898,RULE,13,513006,306,trapping-rain-water,Trapping Rain Water,hard,two pointers and running maxima,4,repeated_conceptual_error,wrong_condition_repeat,CONCEPTUAL_HINT,Repeated mistake should move from location cue to conceptual support.,200,CONCEPTUAL_HINT,true,WRONG_CONDITION,True,1,2,254,297,while condition,1,
899,RULE,13,513006,306,trapping-rain-water,Trapping Rain Water,hard,two pointers and running maxima,5,partial_logic,partial_but_compiling,CONCEPTUAL_HINT,Compiling but incomplete logic should receive a compact conceptual nudge.,200,CONCEPTUAL_HINT,true,UNKNOWN,True,1,2,250,292,logic block,1,
900,RULE,13,513006,306,trapping-rain-water,Trapping Rain Water,hard,two pointers and running maxima,6,local_completion,locally_complete,NO_FEEDBACK,Locally complete state should not be interrupted.,200,CONCEPTUAL_HINT,false,UNKNOWN,True,1,2,261,280,logic block,1,
901,RULE,13,513007,307,lru-cache,LRU Cache,medium,state update and eviction policy,1,syntax,missing_statement_ending,CODE_HIGHLIGHT,First syntax error should be localized before giving a concept explanation.,200,CODE_HIGHLIGHT,true,SYNTAX_ERROR,False,0,0,47,84,statement ending,1,
902,RULE,13,513007,307,lru-cache,LRU Cache,medium,state update and eviction policy,2,planning,unfinished_implementation,GUIDING_QUESTION,Unfinished code should prompt the student to state the next step.,200,GUIDING_QUESTION,true,STUCK_NO_PROGRESS,True,0,3,246,281,unfinished implementation,2,
903,RULE,13,513007,307,lru-cache,LRU Cache,medium,state update and eviction policy,3,first_conceptual_error,unknown_logic_first,CONCEPTUAL_HINT,First substantial mistake should receive the least sufficient intervention.,200,NO_FEEDBACK,false,UNKNOWN,True,3,0,283,316,logic block,1,
904,RULE,13,513007,307,lru-cache,LRU Cache,medium,state update and eviction policy,4,repeated_conceptual_error,unknown_logic_repeat,CONCEPTUAL_HINT,Repeated mistake should move from location cue to conceptual support.,200,NO_FEEDBACK,false,UNKNOWN,True,3,0,262,306,logic block,1,
905,RULE,13,513007,307,lru-cache,LRU Cache,medium,state update and eviction policy,5,partial_logic,partial_but_compiling,CONCEPTUAL_HINT,Compiling but incomplete logic should receive a compact conceptual nudge.,200,CONCEPTUAL_HINT,true,UNKNOWN,True,1,2,253,284,logic block,1,
906,RULE,13,513007,307,lru-cache,LRU Cache,medium,state update and eviction policy,6,local_completion,locally_complete,NO_FEEDBACK,Locally complete state should not be interrupted.,200,CONCEPTUAL_HINT,false,UNKNOWN,True,3,0,247,280,logic block,1,
907,RULE,13,513008,308,longest-substring,Longest Substring Without Repeating Characters,medium,sliding window invariant,1,syntax,missing_statement_ending,CODE_HIGHLIGHT,First syntax error should be localized before giving a concept explanation.,200,CODE_HIGHLIGHT,true,SYNTAX_ERROR,False,0,0,45,86,statement ending,1,
908,RULE,13,513008,308,longest-substring,Longest Substring Without Repeating Characters,medium,sliding window invariant,2,planning,unfinished_implementation,GUIDING_QUESTION,Unfinished code should prompt the student to state the next step.,200,GUIDING_QUESTION,true,STUCK_NO_PROGRESS,True,0,3,241,264,unfinished implementation,2,
909,RULE,13,513008,308,longest-substring,Longest Substring Without Repeating Characters,medium,sliding window invariant,3,first_conceptual_error,off_by_one_first,CODE_HIGHLIGHT,First substantial mistake should receive the least sufficient intervention.,200,CODE_HIGHLIGHT,true,OFF_BY_ONE,True,1,2,252,285,for loop condition,1,
910,RULE,13,513008,308,longest-substring,Longest Substring Without Repeating Characters,medium,sliding window invariant,4,repeated_conceptual_error,off_by_one_repeat,CONCEPTUAL_HINT,Repeated mistake should move from location cue to conceptual support.,200,CONCEPTUAL_HINT,true,OFF_BY_ONE,True,1,2,241,263,for loop condition,1,
911,RULE,13,513008,308,longest-substring,Longest Substring Without Repeating Characters,medium,sliding window invariant,5,partial_logic,partial_but_compiling,CONCEPTUAL_HINT,Compiling but incomplete logic should receive a compact conceptual nudge.,200,CONCEPTUAL_HINT,true,UNKNOWN,True,1,2,237,258,logic block,1,
912,RULE,13,513008,308,longest-substring,Longest Substring Without Repeating Characters,medium,sliding window invariant,6,local_completion,locally_complete,NO_FEEDBACK,Locally complete state should not be interrupted.,200,NO_FEEDBACK,true,UNKNOWN,True,3,0,250,283,logic block,1,
913,RULE,13,513009,309,reverse-linked-list,Reverse Linked List,easy,pointer update order,1,syntax,missing_statement_ending,CODE_HIGHLIGHT,First syntax error should be localized before giving a concept explanation.,200,CODE_HIGHLIGHT,true,SYNTAX_ERROR,False,0,0,50,88,statement ending,1,
914,RULE,13,513009,309,reverse-linked-list,Reverse Linked List,easy,pointer update order,2,planning,unfinished_implementation,GUIDING_QUESTION,Unfinished code should prompt the student to state the next step.,200,GUIDING_QUESTION,true,STUCK_NO_PROGRESS,True,0,3,250,284,unfinished implementation,2,
915,RULE,13,513009,309,reverse-linked-list,Reverse Linked List,easy,pointer update order,3,first_conceptual_error,wrong_condition_first,CONCEPTUAL_HINT,First substantial mistake should receive the least sufficient intervention.,200,CONCEPTUAL_HINT,true,WRONG_CONDITION,True,1,2,237,277,while condition,1,
916,RULE,13,513009,309,reverse-linked-list,Reverse Linked List,easy,pointer update order,4,repeated_conceptual_error,wrong_condition_repeat,CONCEPTUAL_HINT,Repeated mistake should move from location cue to conceptual support.,200,CONCEPTUAL_HINT,true,WRONG_CONDITION,True,1,2,242,273,while condition,1,
917,RULE,13,513009,309,reverse-linked-list,Reverse Linked List,easy,pointer update order,5,partial_logic,partial_but_compiling,CONCEPTUAL_HINT,Compiling but incomplete logic should receive a compact conceptual nudge.,200,CONCEPTUAL_HINT,true,UNKNOWN,True,1,2,247,288,logic block,1,
918,RULE,13,513009,309,reverse-linked-list,Reverse Linked List,easy,pointer update order,6,local_completion,locally_complete,NO_FEEDBACK,Locally complete state should not be interrupted.,200,NO_FEEDBACK,true,UNKNOWN,True,3,0,248,282,logic block,1,
919,RULE,13,513010,310,matrix-diagonal-sum,Matrix Diagonal Sum,easy,nested indexing and double counting,1,syntax,missing_statement_ending,CODE_HIGHLIGHT,First syntax error should be localized before giving a concept explanation.,200,CODE_HIGHLIGHT,true,SYNTAX_ERROR,False,0,0,47,82,statement ending,1,
920,RULE,13,513010,310,matrix-diagonal-sum,Matrix Diagonal Sum,easy,nested indexing and double counting,2,planning,unfinished_implementation,GUIDING_QUESTION,Unfinished code should prompt the student to state the next step.,200,GUIDING_QUESTION,true,STUCK_NO_PROGRESS,True,0,3,242,285,unfinished implementation,2,
921,RULE,13,513010,310,matrix-diagonal-sum,Matrix Diagonal Sum,easy,nested indexing and double counting,3,first_conceptual_error,off_by_one_first,CODE_HIGHLIGHT,First substantial mistake should receive the least sufficient intervention.,200,CODE_HIGHLIGHT,true,OFF_BY_ONE,True,1,2,247,289,for loop condition,1,
922,RULE,13,513010,310,matrix-diagonal-sum,Matrix Diagonal Sum,easy,nested indexing and double counting,4,repeated_conceptual_error,off_by_one_repeat,CONCEPTUAL_HINT,Repeated mistake should move from location cue to conceptual support.,200,CONCEPTUAL_HINT,true,OFF_BY_ONE,True,1,2,238,276,for loop condition,1,
923,RULE,13,513010,310,matrix-diagonal-sum,Matrix Diagonal Sum,easy,nested indexing and double counting,5,partial_logic,partial_but_compiling,CONCEPTUAL_HINT,Compiling but incomplete logic should receive a compact conceptual nudge.,200,CONCEPTUAL_HINT,true,UNKNOWN,True,1,2,240,273,logic block,1,
924,RULE,13,513010,310,matrix-diagonal-sum,Matrix Diagonal Sum,easy,nested indexing and double counting,6,local_completion,locally_complete,NO_FEEDBACK,Locally complete state should not be interrupted.,200,NO_FEEDBACK,true,UNKNOWN,True,3,0,243,286,logic block,1,
925,RULE,13,513011,311,roman-to-integer,Roman to Integer,easy,lookahead condition,1,syntax,missing_statement_ending,CODE_HIGHLIGHT,First syntax error should be localized before giving a concept explanation.,200,CODE_HIGHLIGHT,true,SYNTAX_ERROR,False,0,0,46,86,statement ending,1,
926,RULE,13,513011,311,roman-to-integer,Roman to Integer,easy,lookahead condition,2,planning,unfinished_implementation,GUIDING_QUESTION,Unfinished code should prompt the student to state the next step.,200,GUIDING_QUESTION,true,STUCK_NO_PROGRESS,True,0,3,251,295,unfinished implementation,2,
927,RULE,13,513011,311,roman-to-integer,Roman to Integer,easy,lookahead condition,3,first_conceptual_error,off_by_one_first,CODE_HIGHLIGHT,First substantial mistake should receive the least sufficient intervention.,200,CODE_HIGHLIGHT,true,OFF_BY_ONE,True,1,2,251,282,for loop condition,1,
928,RULE,13,513011,311,roman-to-integer,Roman to Integer,easy,lookahead condition,4,repeated_conceptual_error,off_by_one_repeat,CONCEPTUAL_HINT,Repeated mistake should move from location cue to conceptual support.,200,CONCEPTUAL_HINT,true,OFF_BY_ONE,True,1,2,244,272,for loop condition,1,
929,RULE,13,513011,311,roman-to-integer,Roman to Integer,easy,lookahead condition,5,partial_logic,partial_but_compiling,CONCEPTUAL_HINT,Compiling but incomplete logic should receive a compact conceptual nudge.,200,CONCEPTUAL_HINT,true,UNKNOWN,True,1,2,243,287,logic block,1,
930,RULE,13,513011,311,roman-to-integer,Roman to Integer,easy,lookahead condition,6,local_completion,locally_complete,NO_FEEDBACK,Locally complete state should not be interrupted.,200,NO_FEEDBACK,true,UNKNOWN,True,3,0,259,293,logic block,1,
931,RULE,13,513012,312,climbing-stairs,Climbing Stairs,easy,base cases and recurrence,1,syntax,missing_statement_ending,CODE_HIGHLIGHT,First syntax error should be localized before giving a concept explanation.,200,CODE_HIGHLIGHT,true,SYNTAX_ERROR,False,0,0,46,85,statement ending,1,
932,RULE,13,513012,312,climbing-stairs,Climbing Stairs,easy,base cases and recurrence,2,planning,unfinished_implementation,GUIDING_QUESTION,Unfinished code should prompt the student to state the next step.,200,GUIDING_QUESTION,true,STUCK_NO_PROGRESS,True,0,3,252,284,unfinished implementation,2,
933,RULE,13,513012,312,climbing-stairs,Climbing Stairs,easy,base cases and recurrence,3,first_conceptual_error,wrong_condition_first,CONCEPTUAL_HINT,First substantial mistake should receive the least sufficient intervention.,200,CONCEPTUAL_HINT,true,WRONG_CONDITION,True,1,2,257,298,while condition,1,
934,RULE,13,513012,312,climbing-stairs,Climbing Stairs,easy,base cases and recurrence,4,repeated_conceptual_error,wrong_condition_repeat,CONCEPTUAL_HINT,Repeated mistake should move from location cue to conceptual support.,200,CONCEPTUAL_HINT,true,WRONG_CONDITION,True,1,2,251,288,while condition,1,
935,RULE,13,513012,312,climbing-stairs,Climbing Stairs,easy,base cases and recurrence,5,partial_logic,partial_but_compiling,CONCEPTUAL_HINT,Compiling but incomplete logic should receive a compact conceptual nudge.,200,CONCEPTUAL_HINT,true,UNKNOWN,True,1,2,246,289,logic block,1,
936,RULE,13,513012,312,climbing-stairs,Climbing Stairs,easy,base cases and recurrence,6,local_completion,locally_complete,NO_FEEDBACK,Locally complete state should not be interrupted.,200,CODE_HIGHLIGHT,false,OFF_BY_ONE,True,1,2,246,293,for loop condition,1,
937,RULE,14,514001,301,palindrome,Valid Palindrome,easy,two pointers and string normalization,1,syntax,missing_statement_ending,CODE_HIGHLIGHT,First syntax error should be localized before giving a concept explanation.,200,CODE_HIGHLIGHT,true,SYNTAX_ERROR,False,0,0,47,89,statement ending,1,
938,RULE,14,514001,301,palindrome,Valid Palindrome,easy,two pointers and string normalization,2,planning,unfinished_implementation,GUIDING_QUESTION,Unfinished code should prompt the student to state the next step.,200,GUIDING_QUESTION,true,STUCK_NO_PROGRESS,True,0,3,245,292,unfinished implementation,2,
939,RULE,14,514001,301,palindrome,Valid Palindrome,easy,two pointers and string normalization,3,first_conceptual_error,possible_null_access_first,CODE_HIGHLIGHT,First substantial mistake should receive the least sufficient intervention.,200,CODE_HIGHLIGHT,true,POSSIBLE_NULL_ACCESS,True,3,0,287,316,missing null or empty guard,1,
940,RULE,14,514001,301,palindrome,Valid Palindrome,easy,two pointers and string normalization,4,repeated_conceptual_error,possible_null_access_repeat,CONCEPTUAL_HINT,Repeated mistake should move from location cue to conceptual support.,200,CONCEPTUAL_HINT,true,POSSIBLE_NULL_ACCESS,True,3,0,274,296,missing null or empty guard,1,
941,RULE,14,514001,301,palindrome,Valid Palindrome,easy,two pointers and string normalization,5,partial_logic,partial_but_compiling,CONCEPTUAL_HINT,Compiling but incomplete logic should receive a compact conceptual nudge.,200,CONCEPTUAL_HINT,true,UNKNOWN,True,1,2,256,298,logic block,1,
942,RULE,14,514001,301,palindrome,Valid Palindrome,easy,two pointers and string normalization,6,local_completion,locally_complete,NO_FEEDBACK,Locally complete state should not be interrupted.,200,CONCEPTUAL_HINT,false,WRONG_CONDITION,True,1,2,319,357,while condition,1,
943,RULE,14,514002,302,two-sum,Two Sum,easy,hash map lookup and pair search,1,syntax,missing_statement_ending,CODE_HIGHLIGHT,First syntax error should be localized before giving a concept explanation.,200,CODE_HIGHLIGHT,true,SYNTAX_ERROR,False,0,0,59,99,statement ending,1,
944,RULE,14,514002,302,two-sum,Two Sum,easy,hash map lookup and pair search,2,planning,unfinished_implementation,GUIDING_QUESTION,Unfinished code should prompt the student to state the next step.,200,GUIDING_QUESTION,true,STUCK_NO_PROGRESS,True,0,3,255,285,unfinished implementation,2,
945,RULE,14,514002,302,two-sum,Two Sum,easy,hash map lookup and pair search,3,first_conceptual_error,off_by_one_first,CODE_HIGHLIGHT,First substantial mistake should receive the least sufficient intervention.,200,CODE_HIGHLIGHT,true,OFF_BY_ONE,True,1,2,245,285,for loop condition,1,
946,RULE,14,514002,302,two-sum,Two Sum,easy,hash map lookup and pair search,4,repeated_conceptual_error,off_by_one_repeat,CONCEPTUAL_HINT,Repeated mistake should move from location cue to conceptual support.,200,CONCEPTUAL_HINT,true,OFF_BY_ONE,True,1,2,251,297,for loop condition,1,
947,RULE,14,514002,302,two-sum,Two Sum,easy,hash map lookup and pair search,5,partial_logic,partial_but_compiling,CONCEPTUAL_HINT,Compiling but incomplete logic should receive a compact conceptual nudge.,200,CONCEPTUAL_HINT,true,UNKNOWN,True,1,2,243,284,logic block,1,
948,RULE,14,514002,302,two-sum,Two Sum,easy,hash map lookup and pair search,6,local_completion,locally_complete,NO_FEEDBACK,Locally complete state should not be interrupted.,200,NO_FEEDBACK,true,UNKNOWN,True,3,0,264,303,logic block,1,
949,RULE,14,514003,303,valid-parentheses,Valid Parentheses,easy,stack state and matching brackets,1,syntax,missing_statement_ending,CODE_HIGHLIGHT,First syntax error should be localized before giving a concept explanation.,200,CODE_HIGHLIGHT,true,SYNTAX_ERROR,False,0,0,58,83,statement ending,1,
950,RULE,14,514003,303,valid-parentheses,Valid Parentheses,easy,stack state and matching brackets,2,planning,unfinished_implementation,GUIDING_QUESTION,Unfinished code should prompt the student to state the next step.,200,GUIDING_QUESTION,true,STUCK_NO_PROGRESS,True,0,3,302,327,unfinished implementation,2,
951,RULE,14,514003,303,valid-parentheses,Valid Parentheses,easy,stack state and matching brackets,3,first_conceptual_error,possible_null_access_first,CODE_HIGHLIGHT,First substantial mistake should receive the least sufficient intervention.,200,NO_FEEDBACK,false,UNKNOWN,True,3,0,256,295,logic block,1,
952,RULE,14,514003,303,valid-parentheses,Valid Parentheses,easy,stack state and matching brackets,4,repeated_conceptual_error,possible_null_access_repeat,CONCEPTUAL_HINT,Repeated mistake should move from location cue to conceptual support.,200,NO_FEEDBACK,false,UNKNOWN,True,3,0,249,290,logic block,1,
953,RULE,14,514003,303,valid-parentheses,Valid Parentheses,easy,stack state and matching brackets,5,partial_logic,partial_but_compiling,CONCEPTUAL_HINT,Compiling but incomplete logic should receive a compact conceptual nudge.,200,CONCEPTUAL_HINT,true,UNKNOWN,True,1,2,251,293,logic block,1,
954,RULE,14,514003,303,valid-parentheses,Valid Parentheses,easy,stack state and matching brackets,6,local_completion,locally_complete,NO_FEEDBACK,Locally complete state should not be interrupted.,200,CONCEPTUAL_HINT,false,UNKNOWN,True,3,0,246,262,logic block,1,
955,RULE,14,514004,304,binary-search,Binary Search,easy,search interval invariant,1,syntax,missing_statement_ending,CODE_HIGHLIGHT,First syntax error should be localized before giving a concept explanation.,200,CODE_HIGHLIGHT,true,SYNTAX_ERROR,False,0,0,51,87,statement ending,1,
956,RULE,14,514004,304,binary-search,Binary Search,easy,search interval invariant,2,planning,unfinished_implementation,GUIDING_QUESTION,Unfinished code should prompt the student to state the next step.,200,GUIDING_QUESTION,true,STUCK_NO_PROGRESS,True,0,3,239,273,unfinished implementation,2,
957,RULE,14,514004,304,binary-search,Binary Search,easy,search interval invariant,3,first_conceptual_error,wrong_loop_boundary_first,CODE_HIGHLIGHT,First substantial mistake should receive the least sufficient intervention.,200,CODE_HIGHLIGHT,true,WRONG_LOOP_BOUNDARY,True,1,2,250,284,binary search loop boundary,1,
958,RULE,14,514004,304,binary-search,Binary Search,easy,search interval invariant,4,repeated_conceptual_error,wrong_loop_boundary_repeat,CONCEPTUAL_HINT,Repeated mistake should move from location cue to conceptual support.,200,CONCEPTUAL_HINT,true,WRONG_LOOP_BOUNDARY,True,1,2,241,278,binary search loop boundary,1,
959,RULE,14,514004,304,binary-search,Binary Search,easy,search interval invariant,5,partial_logic,partial_but_compiling,CONCEPTUAL_HINT,Compiling but incomplete logic should receive a compact conceptual nudge.,200,CONCEPTUAL_HINT,true,UNKNOWN,True,1,2,245,290,logic block,1,
960,RULE,14,514004,304,binary-search,Binary Search,easy,search interval invariant,6,local_completion,locally_complete,NO_FEEDBACK,Locally complete state should not be interrupted.,200,NO_FEEDBACK,true,UNKNOWN,True,3,0,247,293,logic block,1,
961,RULE,14,514005,305,merge-sorted-array,Merge Sorted Array,easy,array index management,1,syntax,missing_statement_ending,CODE_HIGHLIGHT,First syntax error should be localized before giving a concept explanation.,200,CODE_HIGHLIGHT,true,SYNTAX_ERROR,False,0,0,49,94,statement ending,1,
962,RULE,14,514005,305,merge-sorted-array,Merge Sorted Array,easy,array index management,2,planning,unfinished_implementation,GUIDING_QUESTION,Unfinished code should prompt the student to state the next step.,200,GUIDING_QUESTION,true,STUCK_NO_PROGRESS,True,0,3,246,277,unfinished implementation,2,
963,RULE,14,514005,305,merge-sorted-array,Merge Sorted Array,easy,array index management,3,first_conceptual_error,off_by_one_first,CODE_HIGHLIGHT,First substantial mistake should receive the least sufficient intervention.,200,CODE_HIGHLIGHT,true,OFF_BY_ONE,True,1,2,249,289,for loop condition,1,
964,RULE,14,514005,305,merge-sorted-array,Merge Sorted Array,easy,array index management,4,repeated_conceptual_error,off_by_one_repeat,CONCEPTUAL_HINT,Repeated mistake should move from location cue to conceptual support.,200,CONCEPTUAL_HINT,true,OFF_BY_ONE,True,1,2,247,287,for loop condition,1,
965,RULE,14,514005,305,merge-sorted-array,Merge Sorted Array,easy,array index management,5,partial_logic,partial_but_compiling,CONCEPTUAL_HINT,Compiling but incomplete logic should receive a compact conceptual nudge.,200,CONCEPTUAL_HINT,true,UNKNOWN,True,1,2,247,265,logic block,1,
966,RULE,14,514005,305,merge-sorted-array,Merge Sorted Array,easy,array index management,6,local_completion,locally_complete,NO_FEEDBACK,Locally complete state should not be interrupted.,200,NO_FEEDBACK,true,UNKNOWN,True,3,0,243,285,logic block,1,
967,RULE,14,514006,306,trapping-rain-water,Trapping Rain Water,hard,two pointers and running maxima,1,syntax,missing_statement_ending,CODE_HIGHLIGHT,First syntax error should be localized before giving a concept explanation.,200,CODE_HIGHLIGHT,true,SYNTAX_ERROR,False,0,0,46,91,statement ending,1,
968,RULE,14,514006,306,trapping-rain-water,Trapping Rain Water,hard,two pointers and running maxima,2,planning,unfinished_implementation,GUIDING_QUESTION,Unfinished code should prompt the student to state the next step.,200,GUIDING_QUESTION,true,STUCK_NO_PROGRESS,True,0,3,245,278,unfinished implementation,2,
969,RULE,14,514006,306,trapping-rain-water,Trapping Rain Water,hard,two pointers and running maxima,3,first_conceptual_error,wrong_condition_first,CONCEPTUAL_HINT,First substantial mistake should receive the least sufficient intervention.,200,CONCEPTUAL_HINT,true,WRONG_CONDITION,True,1,2,245,280,while condition,1,
970,RULE,14,514006,306,trapping-rain-water,Trapping Rain Water,hard,two pointers and running maxima,4,repeated_conceptual_error,wrong_condition_repeat,CONCEPTUAL_HINT,Repeated mistake should move from location cue to conceptual support.,200,CONCEPTUAL_HINT,true,WRONG_CONDITION,True,1,2,248,280,while condition,1,
971,RULE,14,514006,306,trapping-rain-water,Trapping Rain Water,hard,two pointers and running maxima,5,partial_logic,partial_but_compiling,CONCEPTUAL_HINT,Compiling but incomplete logic should receive a compact conceptual nudge.,200,CONCEPTUAL_HINT,true,UNKNOWN,True,1,2,250,283,logic block,1,
972,RULE,14,514006,306,trapping-rain-water,Trapping Rain Water,hard,two pointers and running maxima,6,local_completion,locally_complete,NO_FEEDBACK,Locally complete state should not be interrupted.,200,CONCEPTUAL_HINT,false,UNKNOWN,True,1,2,252,294,logic block,1,
973,RULE,14,514007,307,lru-cache,LRU Cache,medium,state update and eviction policy,1,syntax,missing_statement_ending,CODE_HIGHLIGHT,First syntax error should be localized before giving a concept explanation.,200,CODE_HIGHLIGHT,true,SYNTAX_ERROR,False,0,0,50,82,statement ending,1,
974,RULE,14,514007,307,lru-cache,LRU Cache,medium,state update and eviction policy,2,planning,unfinished_implementation,GUIDING_QUESTION,Unfinished code should prompt the student to state the next step.,200,GUIDING_QUESTION,true,STUCK_NO_PROGRESS,True,0,3,242,278,unfinished implementation,2,
975,RULE,14,514007,307,lru-cache,LRU Cache,medium,state update and eviction policy,3,first_conceptual_error,unknown_logic_first,CONCEPTUAL_HINT,First substantial mistake should receive the least sufficient intervention.,200,NO_FEEDBACK,false,UNKNOWN,True,3,0,241,274,logic block,1,
976,RULE,14,514007,307,lru-cache,LRU Cache,medium,state update and eviction policy,4,repeated_conceptual_error,unknown_logic_repeat,CONCEPTUAL_HINT,Repeated mistake should move from location cue to conceptual support.,200,NO_FEEDBACK,false,UNKNOWN,True,3,0,249,285,logic block,1,
977,RULE,14,514007,307,lru-cache,LRU Cache,medium,state update and eviction policy,5,partial_logic,partial_but_compiling,CONCEPTUAL_HINT,Compiling but incomplete logic should receive a compact conceptual nudge.,200,CONCEPTUAL_HINT,true,UNKNOWN,True,1,2,254,272,logic block,1,
978,RULE,14,514007,307,lru-cache,LRU Cache,medium,state update and eviction policy,6,local_completion,locally_complete,NO_FEEDBACK,Locally complete state should not be interrupted.,200,CONCEPTUAL_HINT,false,UNKNOWN,True,3,0,252,288,logic block,1,
979,RULE,14,514008,308,longest-substring,Longest Substring Without Repeating Characters,medium,sliding window invariant,1,syntax,missing_statement_ending,CODE_HIGHLIGHT,First syntax error should be localized before giving a concept explanation.,200,CODE_HIGHLIGHT,true,SYNTAX_ERROR,False,0,0,54,87,statement ending,1,
980,RULE,14,514008,308,longest-substring,Longest Substring Without Repeating Characters,medium,sliding window invariant,2,planning,unfinished_implementation,GUIDING_QUESTION,Unfinished code should prompt the student to state the next step.,200,GUIDING_QUESTION,true,STUCK_NO_PROGRESS,True,0,3,272,307,unfinished implementation,2,
981,RULE,14,514008,308,longest-substring,Longest Substring Without Repeating Characters,medium,sliding window invariant,3,first_conceptual_error,off_by_one_first,CODE_HIGHLIGHT,First substantial mistake should receive the least sufficient intervention.,200,CODE_HIGHLIGHT,true,OFF_BY_ONE,True,1,2,259,299,for loop condition,1,
982,RULE,14,514008,308,longest-substring,Longest Substring Without Repeating Characters,medium,sliding window invariant,4,repeated_conceptual_error,off_by_one_repeat,CONCEPTUAL_HINT,Repeated mistake should move from location cue to conceptual support.,200,CONCEPTUAL_HINT,true,OFF_BY_ONE,True,1,2,286,321,for loop condition,1,
983,RULE,14,514008,308,longest-substring,Longest Substring Without Repeating Characters,medium,sliding window invariant,5,partial_logic,partial_but_compiling,CONCEPTUAL_HINT,Compiling but incomplete logic should receive a compact conceptual nudge.,200,CONCEPTUAL_HINT,true,UNKNOWN,True,1,2,254,271,logic block,1,
984,RULE,14,514008,308,longest-substring,Longest Substring Without Repeating Characters,medium,sliding window invariant,6,local_completion,locally_complete,NO_FEEDBACK,Locally complete state should not be interrupted.,200,NO_FEEDBACK,true,UNKNOWN,True,3,0,249,284,logic block,1,
985,RULE,14,514009,309,reverse-linked-list,Reverse Linked List,easy,pointer update order,1,syntax,missing_statement_ending,CODE_HIGHLIGHT,First syntax error should be localized before giving a concept explanation.,200,CODE_HIGHLIGHT,true,SYNTAX_ERROR,False,0,0,46,90,statement ending,1,
986,RULE,14,514009,309,reverse-linked-list,Reverse Linked List,easy,pointer update order,2,planning,unfinished_implementation,GUIDING_QUESTION,Unfinished code should prompt the student to state the next step.,200,GUIDING_QUESTION,true,STUCK_NO_PROGRESS,True,0,3,246,286,unfinished implementation,2,
987,RULE,14,514009,309,reverse-linked-list,Reverse Linked List,easy,pointer update order,3,first_conceptual_error,wrong_condition_first,CONCEPTUAL_HINT,First substantial mistake should receive the least sufficient intervention.,200,CONCEPTUAL_HINT,true,WRONG_CONDITION,True,1,2,243,281,while condition,1,
988,RULE,14,514009,309,reverse-linked-list,Reverse Linked List,easy,pointer update order,4,repeated_conceptual_error,wrong_condition_repeat,CONCEPTUAL_HINT,Repeated mistake should move from location cue to conceptual support.,200,CONCEPTUAL_HINT,true,WRONG_CONDITION,True,1,2,253,285,while condition,1,
989,RULE,14,514009,309,reverse-linked-list,Reverse Linked List,easy,pointer update order,5,partial_logic,partial_but_compiling,CONCEPTUAL_HINT,Compiling but incomplete logic should receive a compact conceptual nudge.,200,CONCEPTUAL_HINT,true,UNKNOWN,True,1,2,251,299,logic block,1,
990,RULE,14,514009,309,reverse-linked-list,Reverse Linked List,easy,pointer update order,6,local_completion,locally_complete,NO_FEEDBACK,Locally complete state should not be interrupted.,200,NO_FEEDBACK,true,UNKNOWN,True,3,0,244,274,logic block,1,
991,RULE,14,514010,310,matrix-diagonal-sum,Matrix Diagonal Sum,easy,nested indexing and double counting,1,syntax,missing_statement_ending,CODE_HIGHLIGHT,First syntax error should be localized before giving a concept explanation.,200,CODE_HIGHLIGHT,true,SYNTAX_ERROR,False,0,0,47,79,statement ending,1,
992,RULE,14,514010,310,matrix-diagonal-sum,Matrix Diagonal Sum,easy,nested indexing and double counting,2,planning,unfinished_implementation,GUIDING_QUESTION,Unfinished code should prompt the student to state the next step.,200,GUIDING_QUESTION,true,STUCK_NO_PROGRESS,True,0,3,248,291,unfinished implementation,2,
993,RULE,14,514010,310,matrix-diagonal-sum,Matrix Diagonal Sum,easy,nested indexing and double counting,3,first_conceptual_error,off_by_one_first,CODE_HIGHLIGHT,First substantial mistake should receive the least sufficient intervention.,200,CODE_HIGHLIGHT,true,OFF_BY_ONE,True,1,2,257,277,for loop condition,1,
994,RULE,14,514010,310,matrix-diagonal-sum,Matrix Diagonal Sum,easy,nested indexing and double counting,4,repeated_conceptual_error,off_by_one_repeat,CONCEPTUAL_HINT,Repeated mistake should move from location cue to conceptual support.,200,CONCEPTUAL_HINT,true,OFF_BY_ONE,True,1,2,241,279,for loop condition,1,
995,RULE,14,514010,310,matrix-diagonal-sum,Matrix Diagonal Sum,easy,nested indexing and double counting,5,partial_logic,partial_but_compiling,CONCEPTUAL_HINT,Compiling but incomplete logic should receive a compact conceptual nudge.,200,CONCEPTUAL_HINT,true,UNKNOWN,True,1,2,246,275,logic block,1,
996,RULE,14,514010,310,matrix-diagonal-sum,Matrix Diagonal Sum,easy,nested indexing and double counting,6,local_completion,locally_complete,NO_FEEDBACK,Locally complete state should not be interrupted.,200,NO_FEEDBACK,true,UNKNOWN,True,3,0,247,277,logic block,1,
997,RULE,14,514011,311,roman-to-integer,Roman to Integer,easy,lookahead condition,1,syntax,missing_statement_ending,CODE_HIGHLIGHT,First syntax error should be localized before giving a concept explanation.,200,CODE_HIGHLIGHT,true,SYNTAX_ERROR,False,0,0,46,66,statement ending,1,
998,RULE,14,514011,311,roman-to-integer,Roman to Integer,easy,lookahead condition,2,planning,unfinished_implementation,GUIDING_QUESTION,Unfinished code should prompt the student to state the next step.,200,GUIDING_QUESTION,true,STUCK_NO_PROGRESS,True,0,3,249,288,unfinished implementation,2,
999,RULE,14,514011,311,roman-to-integer,Roman to Integer,easy,lookahead condition,3,first_conceptual_error,off_by_one_first,CODE_HIGHLIGHT,First substantial mistake should receive the least sufficient intervention.,200,CODE_HIGHLIGHT,true,OFF_BY_ONE,True,1,2,249,269,for loop condition,1,
1000,RULE,14,514011,311,roman-to-integer,Roman to Integer,easy,lookahead condition,4,repeated_conceptual_error,off_by_one_repeat,CONCEPTUAL_HINT,Repeated mistake should move from location cue to conceptual support.,200,CONCEPTUAL_HINT,true,OFF_BY_ONE,True,1,2,241,276,for loop condition,1,
1001,RULE,14,514011,311,roman-to-integer,Roman to Integer,easy,lookahead condition,5,partial_logic,partial_but_compiling,CONCEPTUAL_HINT,Compiling but incomplete logic should receive a compact conceptual nudge.,200,CONCEPTUAL_HINT,true,UNKNOWN,True,1,2,242,261,logic block,1,
1002,RULE,14,514011,311,roman-to-integer,Roman to Integer,easy,lookahead condition,6,local_completion,locally_complete,NO_FEEDBACK,Locally complete state should not be interrupted.,200,NO_FEEDBACK,true,UNKNOWN,True,3,0,253,297,logic block,1,
1003,RULE,14,514012,312,climbing-stairs,Climbing Stairs,easy,base cases and recurrence,1,syntax,missing_statement_ending,CODE_HIGHLIGHT,First syntax error should be localized before giving a concept explanation.,200,CODE_HIGHLIGHT,true,SYNTAX_ERROR,False,0,0,45,75,statement ending,1,
1004,RULE,14,514012,312,climbing-stairs,Climbing Stairs,easy,base cases and recurrence,2,planning,unfinished_implementation,GUIDING_QUESTION,Unfinished code should prompt the student to state the next step.,200,GUIDING_QUESTION,true,STUCK_NO_PROGRESS,True,0,3,244,274,unfinished implementation,2,
1005,RULE,14,514012,312,climbing-stairs,Climbing Stairs,easy,base cases and recurrence,3,first_conceptual_error,wrong_condition_first,CONCEPTUAL_HINT,First substantial mistake should receive the least sufficient intervention.,200,CONCEPTUAL_HINT,true,WRONG_CONDITION,True,1,2,246,290,while condition,1,
1006,RULE,14,514012,312,climbing-stairs,Climbing Stairs,easy,base cases and recurrence,4,repeated_conceptual_error,wrong_condition_repeat,CONCEPTUAL_HINT,Repeated mistake should move from location cue to conceptual support.,200,CONCEPTUAL_HINT,true,WRONG_CONDITION,True,1,2,250,284,while condition,1,
1007,RULE,14,514012,312,climbing-stairs,Climbing Stairs,easy,base cases and recurrence,5,partial_logic,partial_but_compiling,CONCEPTUAL_HINT,Compiling but incomplete logic should receive a compact conceptual nudge.,200,CONCEPTUAL_HINT,true,UNKNOWN,True,1,2,242,281,logic block,1,
1008,RULE,14,514012,312,climbing-stairs,Climbing Stairs,easy,base cases and recurrence,6,local_completion,locally_complete,NO_FEEDBACK,Locally complete state should not be interrupted.,200,CODE_HIGHLIGHT,false,OFF_BY_ONE,True,1,2,247,286,for loop condition,1,
1009,RULE,15,515001,301,palindrome,Valid Palindrome,easy,two pointers and string normalization,1,syntax,missing_statement_ending,CODE_HIGHLIGHT,First syntax error should be localized before giving a concept explanation.,200,CODE_HIGHLIGHT,true,SYNTAX_ERROR,False,0,0,48,87,statement ending,1,
1010,RULE,15,515001,301,palindrome,Valid Palindrome,easy,two pointers and string normalization,2,planning,unfinished_implementation,GUIDING_QUESTION,Unfinished code should prompt the student to state the next step.,200,GUIDING_QUESTION,true,STUCK_NO_PROGRESS,True,0,3,243,262,unfinished implementation,2,
1011,RULE,15,515001,301,palindrome,Valid Palindrome,easy,two pointers and string normalization,3,first_conceptual_error,possible_null_access_first,CODE_HIGHLIGHT,First substantial mistake should receive the least sufficient intervention.,200,CODE_HIGHLIGHT,true,POSSIBLE_NULL_ACCESS,True,3,0,253,273,missing null or empty guard,1,
1012,RULE,15,515001,301,palindrome,Valid Palindrome,easy,two pointers and string normalization,4,repeated_conceptual_error,possible_null_access_repeat,CONCEPTUAL_HINT,Repeated mistake should move from location cue to conceptual support.,200,CONCEPTUAL_HINT,true,POSSIBLE_NULL_ACCESS,True,3,0,250,298,missing null or empty guard,1,
1013,RULE,15,515001,301,palindrome,Valid Palindrome,easy,two pointers and string normalization,5,partial_logic,partial_but_compiling,CONCEPTUAL_HINT,Compiling but incomplete logic should receive a compact conceptual nudge.,200,CONCEPTUAL_HINT,true,UNKNOWN,True,1,2,251,286,logic block,1,
1014,RULE,15,515001,301,palindrome,Valid Palindrome,easy,two pointers and string normalization,6,local_completion,locally_complete,NO_FEEDBACK,Locally complete state should not be interrupted.,200,CONCEPTUAL_HINT,false,WRONG_CONDITION,True,1,2,253,291,while condition,1,
1015,RULE,15,515002,302,two-sum,Two Sum,easy,hash map lookup and pair search,1,syntax,missing_statement_ending,CODE_HIGHLIGHT,First syntax error should be localized before giving a concept explanation.,200,CODE_HIGHLIGHT,true,SYNTAX_ERROR,False,0,0,48,90,statement ending,1,
1016,RULE,15,515002,302,two-sum,Two Sum,easy,hash map lookup and pair search,2,planning,unfinished_implementation,GUIDING_QUESTION,Unfinished code should prompt the student to state the next step.,200,GUIDING_QUESTION,true,STUCK_NO_PROGRESS,True,0,3,355,383,unfinished implementation,2,
1017,RULE,15,515002,302,two-sum,Two Sum,easy,hash map lookup and pair search,3,first_conceptual_error,off_by_one_first,CODE_HIGHLIGHT,First substantial mistake should receive the least sufficient intervention.,200,CODE_HIGHLIGHT,true,OFF_BY_ONE,True,1,2,245,288,for loop condition,1,
1018,RULE,15,515002,302,two-sum,Two Sum,easy,hash map lookup and pair search,4,repeated_conceptual_error,off_by_one_repeat,CONCEPTUAL_HINT,Repeated mistake should move from location cue to conceptual support.,200,CONCEPTUAL_HINT,true,OFF_BY_ONE,True,1,2,261,302,for loop condition,1,
1019,RULE,15,515002,302,two-sum,Two Sum,easy,hash map lookup and pair search,5,partial_logic,partial_but_compiling,CONCEPTUAL_HINT,Compiling but incomplete logic should receive a compact conceptual nudge.,200,CONCEPTUAL_HINT,true,UNKNOWN,True,1,2,253,292,logic block,1,
1020,RULE,15,515002,302,two-sum,Two Sum,easy,hash map lookup and pair search,6,local_completion,locally_complete,NO_FEEDBACK,Locally complete state should not be interrupted.,200,NO_FEEDBACK,true,UNKNOWN,True,3,0,256,294,logic block,1,
1021,RULE,15,515003,303,valid-parentheses,Valid Parentheses,easy,stack state and matching brackets,1,syntax,missing_statement_ending,CODE_HIGHLIGHT,First syntax error should be localized before giving a concept explanation.,200,CODE_HIGHLIGHT,true,SYNTAX_ERROR,False,0,0,58,79,statement ending,1,
1022,RULE,15,515003,303,valid-parentheses,Valid Parentheses,easy,stack state and matching brackets,2,planning,unfinished_implementation,GUIDING_QUESTION,Unfinished code should prompt the student to state the next step.,200,GUIDING_QUESTION,true,STUCK_NO_PROGRESS,True,0,3,277,314,unfinished implementation,2,
1023,RULE,15,515003,303,valid-parentheses,Valid Parentheses,easy,stack state and matching brackets,3,first_conceptual_error,possible_null_access_first,CODE_HIGHLIGHT,First substantial mistake should receive the least sufficient intervention.,200,NO_FEEDBACK,false,UNKNOWN,True,3,0,257,296,logic block,1,
1024,RULE,15,515003,303,valid-parentheses,Valid Parentheses,easy,stack state and matching brackets,4,repeated_conceptual_error,possible_null_access_repeat,CONCEPTUAL_HINT,Repeated mistake should move from location cue to conceptual support.,200,NO_FEEDBACK,false,UNKNOWN,True,3,0,252,291,logic block,1,
1025,RULE,15,515003,303,valid-parentheses,Valid Parentheses,easy,stack state and matching brackets,5,partial_logic,partial_but_compiling,CONCEPTUAL_HINT,Compiling but incomplete logic should receive a compact conceptual nudge.,200,CONCEPTUAL_HINT,true,UNKNOWN,True,1,2,244,288,logic block,1,
1026,RULE,15,515003,303,valid-parentheses,Valid Parentheses,easy,stack state and matching brackets,6,local_completion,locally_complete,NO_FEEDBACK,Locally complete state should not be interrupted.,200,CONCEPTUAL_HINT,false,UNKNOWN,True,3,0,253,297,logic block,1,
1027,RULE,15,515004,304,binary-search,Binary Search,easy,search interval invariant,1,syntax,missing_statement_ending,CODE_HIGHLIGHT,First syntax error should be localized before giving a concept explanation.,200,CODE_HIGHLIGHT,true,SYNTAX_ERROR,False,0,0,48,84,statement ending,1,
1028,RULE,15,515004,304,binary-search,Binary Search,easy,search interval invariant,2,planning,unfinished_implementation,GUIDING_QUESTION,Unfinished code should prompt the student to state the next step.,200,GUIDING_QUESTION,true,STUCK_NO_PROGRESS,True,0,3,252,296,unfinished implementation,2,
1029,RULE,15,515004,304,binary-search,Binary Search,easy,search interval invariant,3,first_conceptual_error,wrong_loop_boundary_first,CODE_HIGHLIGHT,First substantial mistake should receive the least sufficient intervention.,200,CODE_HIGHLIGHT,true,WRONG_LOOP_BOUNDARY,True,1,2,251,295,binary search loop boundary,1,
1030,RULE,15,515004,304,binary-search,Binary Search,easy,search interval invariant,4,repeated_conceptual_error,wrong_loop_boundary_repeat,CONCEPTUAL_HINT,Repeated mistake should move from location cue to conceptual support.,200,CONCEPTUAL_HINT,true,WRONG_LOOP_BOUNDARY,True,1,2,246,289,binary search loop boundary,1,
1031,RULE,15,515004,304,binary-search,Binary Search,easy,search interval invariant,5,partial_logic,partial_but_compiling,CONCEPTUAL_HINT,Compiling but incomplete logic should receive a compact conceptual nudge.,200,CONCEPTUAL_HINT,true,UNKNOWN,True,1,2,256,297,logic block,1,
1032,RULE,15,515004,304,binary-search,Binary Search,easy,search interval invariant,6,local_completion,locally_complete,NO_FEEDBACK,Locally complete state should not be interrupted.,200,NO_FEEDBACK,true,UNKNOWN,True,3,0,252,297,logic block,1,
1033,RULE,15,515005,305,merge-sorted-array,Merge Sorted Array,easy,array index management,1,syntax,missing_statement_ending,CODE_HIGHLIGHT,First syntax error should be localized before giving a concept explanation.,200,CODE_HIGHLIGHT,true,SYNTAX_ERROR,False,0,0,45,83,statement ending,1,
1034,RULE,15,515005,305,merge-sorted-array,Merge Sorted Array,easy,array index management,2,planning,unfinished_implementation,GUIDING_QUESTION,Unfinished code should prompt the student to state the next step.,200,GUIDING_QUESTION,true,STUCK_NO_PROGRESS,True,0,3,242,264,unfinished implementation,2,
1035,RULE,15,515005,305,merge-sorted-array,Merge Sorted Array,easy,array index management,3,first_conceptual_error,off_by_one_first,CODE_HIGHLIGHT,First substantial mistake should receive the least sufficient intervention.,200,CODE_HIGHLIGHT,true,OFF_BY_ONE,True,1,2,245,288,for loop condition,1,
1036,RULE,15,515005,305,merge-sorted-array,Merge Sorted Array,easy,array index management,4,repeated_conceptual_error,off_by_one_repeat,CONCEPTUAL_HINT,Repeated mistake should move from location cue to conceptual support.,200,CONCEPTUAL_HINT,true,OFF_BY_ONE,True,1,2,244,281,for loop condition,1,
1037,RULE,15,515005,305,merge-sorted-array,Merge Sorted Array,easy,array index management,5,partial_logic,partial_but_compiling,CONCEPTUAL_HINT,Compiling but incomplete logic should receive a compact conceptual nudge.,200,CONCEPTUAL_HINT,true,UNKNOWN,True,1,2,243,290,logic block,1,
1038,RULE,15,515005,305,merge-sorted-array,Merge Sorted Array,easy,array index management,6,local_completion,locally_complete,NO_FEEDBACK,Locally complete state should not be interrupted.,200,NO_FEEDBACK,true,UNKNOWN,True,3,0,249,280,logic block,1,
1039,RULE,15,515006,306,trapping-rain-water,Trapping Rain Water,hard,two pointers and running maxima,1,syntax,missing_statement_ending,CODE_HIGHLIGHT,First syntax error should be localized before giving a concept explanation.,200,CODE_HIGHLIGHT,true,SYNTAX_ERROR,False,0,0,46,86,statement ending,1,
1040,RULE,15,515006,306,trapping-rain-water,Trapping Rain Water,hard,two pointers and running maxima,2,planning,unfinished_implementation,GUIDING_QUESTION,Unfinished code should prompt the student to state the next step.,200,GUIDING_QUESTION,true,STUCK_NO_PROGRESS,True,0,3,255,299,unfinished implementation,2,
1041,RULE,15,515006,306,trapping-rain-water,Trapping Rain Water,hard,two pointers and running maxima,3,first_conceptual_error,wrong_condition_first,CONCEPTUAL_HINT,First substantial mistake should receive the least sufficient intervention.,200,CONCEPTUAL_HINT,true,WRONG_CONDITION,True,1,2,243,276,while condition,1,
1042,RULE,15,515006,306,trapping-rain-water,Trapping Rain Water,hard,two pointers and running maxima,4,repeated_conceptual_error,wrong_condition_repeat,CONCEPTUAL_HINT,Repeated mistake should move from location cue to conceptual support.,200,CONCEPTUAL_HINT,true,WRONG_CONDITION,True,1,2,252,291,while condition,1,
1043,RULE,15,515006,306,trapping-rain-water,Trapping Rain Water,hard,two pointers and running maxima,5,partial_logic,partial_but_compiling,CONCEPTUAL_HINT,Compiling but incomplete logic should receive a compact conceptual nudge.,200,CONCEPTUAL_HINT,true,UNKNOWN,True,1,2,242,273,logic block,1,
1044,RULE,15,515006,306,trapping-rain-water,Trapping Rain Water,hard,two pointers and running maxima,6,local_completion,locally_complete,NO_FEEDBACK,Locally complete state should not be interrupted.,200,CONCEPTUAL_HINT,false,UNKNOWN,True,1,2,241,272,logic block,1,
1045,RULE,15,515007,307,lru-cache,LRU Cache,medium,state update and eviction policy,1,syntax,missing_statement_ending,CODE_HIGHLIGHT,First syntax error should be localized before giving a concept explanation.,200,CODE_HIGHLIGHT,true,SYNTAX_ERROR,False,0,0,48,87,statement ending,1,
1046,RULE,15,515007,307,lru-cache,LRU Cache,medium,state update and eviction policy,2,planning,unfinished_implementation,GUIDING_QUESTION,Unfinished code should prompt the student to state the next step.,200,GUIDING_QUESTION,true,STUCK_NO_PROGRESS,True,0,3,241,281,unfinished implementation,2,
1047,RULE,15,515007,307,lru-cache,LRU Cache,medium,state update and eviction policy,3,first_conceptual_error,unknown_logic_first,CONCEPTUAL_HINT,First substantial mistake should receive the least sufficient intervention.,200,NO_FEEDBACK,false,UNKNOWN,True,3,0,243,282,logic block,1,
1048,RULE,15,515007,307,lru-cache,LRU Cache,medium,state update and eviction policy,4,repeated_conceptual_error,unknown_logic_repeat,CONCEPTUAL_HINT,Repeated mistake should move from location cue to conceptual support.,200,NO_FEEDBACK,false,UNKNOWN,True,3,0,247,281,logic block,1,
1049,RULE,15,515007,307,lru-cache,LRU Cache,medium,state update and eviction policy,5,partial_logic,partial_but_compiling,CONCEPTUAL_HINT,Compiling but incomplete logic should receive a compact conceptual nudge.,200,CONCEPTUAL_HINT,true,UNKNOWN,True,1,2,244,289,logic block,1,
1050,RULE,15,515007,307,lru-cache,LRU Cache,medium,state update and eviction policy,6,local_completion,locally_complete,NO_FEEDBACK,Locally complete state should not be interrupted.,200,CONCEPTUAL_HINT,false,UNKNOWN,True,3,0,250,287,logic block,1,
1051,RULE,15,515008,308,longest-substring,Longest Substring Without Repeating Characters,medium,sliding window invariant,1,syntax,missing_statement_ending,CODE_HIGHLIGHT,First syntax error should be localized before giving a concept explanation.,200,CODE_HIGHLIGHT,true,SYNTAX_ERROR,False,0,0,47,95,statement ending,1,
1052,RULE,15,515008,308,longest-substring,Longest Substring Without Repeating Characters,medium,sliding window invariant,2,planning,unfinished_implementation,GUIDING_QUESTION,Unfinished code should prompt the student to state the next step.,200,GUIDING_QUESTION,true,STUCK_NO_PROGRESS,True,0,3,252,285,unfinished implementation,2,
1053,RULE,15,515008,308,longest-substring,Longest Substring Without Repeating Characters,medium,sliding window invariant,3,first_conceptual_error,off_by_one_first,CODE_HIGHLIGHT,First substantial mistake should receive the least sufficient intervention.,200,CODE_HIGHLIGHT,true,OFF_BY_ONE,True,1,2,244,287,for loop condition,1,
1054,RULE,15,515008,308,longest-substring,Longest Substring Without Repeating Characters,medium,sliding window invariant,4,repeated_conceptual_error,off_by_one_repeat,CONCEPTUAL_HINT,Repeated mistake should move from location cue to conceptual support.,200,CONCEPTUAL_HINT,true,OFF_BY_ONE,True,1,2,251,279,for loop condition,1,
1055,RULE,15,515008,308,longest-substring,Longest Substring Without Repeating Characters,medium,sliding window invariant,5,partial_logic,partial_but_compiling,CONCEPTUAL_HINT,Compiling but incomplete logic should receive a compact conceptual nudge.,200,CONCEPTUAL_HINT,true,UNKNOWN,True,1,2,248,289,logic block,1,
1056,RULE,15,515008,308,longest-substring,Longest Substring Without Repeating Characters,medium,sliding window invariant,6,local_completion,locally_complete,NO_FEEDBACK,Locally complete state should not be interrupted.,200,NO_FEEDBACK,true,UNKNOWN,True,3,0,251,285,logic block,1,
1057,RULE,15,515009,309,reverse-linked-list,Reverse Linked List,easy,pointer update order,1,syntax,missing_statement_ending,CODE_HIGHLIGHT,First syntax error should be localized before giving a concept explanation.,200,CODE_HIGHLIGHT,true,SYNTAX_ERROR,False,0,0,52,88,statement ending,1,
1058,RULE,15,515009,309,reverse-linked-list,Reverse Linked List,easy,pointer update order,2,planning,unfinished_implementation,GUIDING_QUESTION,Unfinished code should prompt the student to state the next step.,200,GUIDING_QUESTION,true,STUCK_NO_PROGRESS,True,0,3,241,285,unfinished implementation,2,
1059,RULE,15,515009,309,reverse-linked-list,Reverse Linked List,easy,pointer update order,3,first_conceptual_error,wrong_condition_first,CONCEPTUAL_HINT,First substantial mistake should receive the least sufficient intervention.,200,CONCEPTUAL_HINT,true,WRONG_CONDITION,True,1,2,247,282,while condition,1,
1060,RULE,15,515009,309,reverse-linked-list,Reverse Linked List,easy,pointer update order,4,repeated_conceptual_error,wrong_condition_repeat,CONCEPTUAL_HINT,Repeated mistake should move from location cue to conceptual support.,200,CONCEPTUAL_HINT,true,WRONG_CONDITION,True,1,2,254,298,while condition,1,
1061,RULE,15,515009,309,reverse-linked-list,Reverse Linked List,easy,pointer update order,5,partial_logic,partial_but_compiling,CONCEPTUAL_HINT,Compiling but incomplete logic should receive a compact conceptual nudge.,200,CONCEPTUAL_HINT,true,UNKNOWN,True,1,2,294,313,logic block,1,
1062,RULE,15,515009,309,reverse-linked-list,Reverse Linked List,easy,pointer update order,6,local_completion,locally_complete,NO_FEEDBACK,Locally complete state should not be interrupted.,200,NO_FEEDBACK,true,UNKNOWN,True,3,0,250,288,logic block,1,
1063,RULE,15,515010,310,matrix-diagonal-sum,Matrix Diagonal Sum,easy,nested indexing and double counting,1,syntax,missing_statement_ending,CODE_HIGHLIGHT,First syntax error should be localized before giving a concept explanation.,200,CODE_HIGHLIGHT,true,SYNTAX_ERROR,False,0,0,45,90,statement ending,1,
1064,RULE,15,515010,310,matrix-diagonal-sum,Matrix Diagonal Sum,easy,nested indexing and double counting,2,planning,unfinished_implementation,GUIDING_QUESTION,Unfinished code should prompt the student to state the next step.,200,GUIDING_QUESTION,true,STUCK_NO_PROGRESS,True,0,3,259,307,unfinished implementation,2,
1065,RULE,15,515010,310,matrix-diagonal-sum,Matrix Diagonal Sum,easy,nested indexing and double counting,3,first_conceptual_error,off_by_one_first,CODE_HIGHLIGHT,First substantial mistake should receive the least sufficient intervention.,200,CODE_HIGHLIGHT,true,OFF_BY_ONE,True,1,2,272,293,for loop condition,1,
1066,RULE,15,515010,310,matrix-diagonal-sum,Matrix Diagonal Sum,easy,nested indexing and double counting,4,repeated_conceptual_error,off_by_one_repeat,CONCEPTUAL_HINT,Repeated mistake should move from location cue to conceptual support.,200,CONCEPTUAL_HINT,true,OFF_BY_ONE,True,1,2,247,288,for loop condition,1,
1067,RULE,15,515010,310,matrix-diagonal-sum,Matrix Diagonal Sum,easy,nested indexing and double counting,5,partial_logic,partial_but_compiling,CONCEPTUAL_HINT,Compiling but incomplete logic should receive a compact conceptual nudge.,200,CONCEPTUAL_HINT,true,UNKNOWN,True,1,2,262,292,logic block,1,
1068,RULE,15,515010,310,matrix-diagonal-sum,Matrix Diagonal Sum,easy,nested indexing and double counting,6,local_completion,locally_complete,NO_FEEDBACK,Locally complete state should not be interrupted.,200,NO_FEEDBACK,true,UNKNOWN,True,3,0,260,298,logic block,1,
1069,RULE,15,515011,311,roman-to-integer,Roman to Integer,easy,lookahead condition,1,syntax,missing_statement_ending,CODE_HIGHLIGHT,First syntax error should be localized before giving a concept explanation.,200,CODE_HIGHLIGHT,true,SYNTAX_ERROR,False,0,0,53,91,statement ending,1,
1070,RULE,15,515011,311,roman-to-integer,Roman to Integer,easy,lookahead condition,2,planning,unfinished_implementation,GUIDING_QUESTION,Unfinished code should prompt the student to state the next step.,200,GUIDING_QUESTION,true,STUCK_NO_PROGRESS,True,0,3,258,298,unfinished implementation,2,
1071,RULE,15,515011,311,roman-to-integer,Roman to Integer,easy,lookahead condition,3,first_conceptual_error,off_by_one_first,CODE_HIGHLIGHT,First substantial mistake should receive the least sufficient intervention.,200,CODE_HIGHLIGHT,true,OFF_BY_ONE,True,1,2,256,296,for loop condition,1,
1072,RULE,15,515011,311,roman-to-integer,Roman to Integer,easy,lookahead condition,4,repeated_conceptual_error,off_by_one_repeat,CONCEPTUAL_HINT,Repeated mistake should move from location cue to conceptual support.,200,CONCEPTUAL_HINT,true,OFF_BY_ONE,True,1,2,244,278,for loop condition,1,
1073,RULE,15,515011,311,roman-to-integer,Roman to Integer,easy,lookahead condition,5,partial_logic,partial_but_compiling,CONCEPTUAL_HINT,Compiling but incomplete logic should receive a compact conceptual nudge.,200,CONCEPTUAL_HINT,true,UNKNOWN,True,1,2,247,282,logic block,1,
1074,RULE,15,515011,311,roman-to-integer,Roman to Integer,easy,lookahead condition,6,local_completion,locally_complete,NO_FEEDBACK,Locally complete state should not be interrupted.,200,NO_FEEDBACK,true,UNKNOWN,True,3,0,242,272,logic block,1,
1075,RULE,15,515012,312,climbing-stairs,Climbing Stairs,easy,base cases and recurrence,1,syntax,missing_statement_ending,CODE_HIGHLIGHT,First syntax error should be localized before giving a concept explanation.,200,CODE_HIGHLIGHT,true,SYNTAX_ERROR,False,0,0,46,66,statement ending,1,
1076,RULE,15,515012,312,climbing-stairs,Climbing Stairs,easy,base cases and recurrence,2,planning,unfinished_implementation,GUIDING_QUESTION,Unfinished code should prompt the student to state the next step.,200,GUIDING_QUESTION,true,STUCK_NO_PROGRESS,True,0,3,245,507,unfinished implementation,2,
1077,RULE,15,515012,312,climbing-stairs,Climbing Stairs,easy,base cases and recurrence,3,first_conceptual_error,wrong_condition_first,CONCEPTUAL_HINT,First substantial mistake should receive the least sufficient intervention.,200,CONCEPTUAL_HINT,true,WRONG_CONDITION,True,1,2,260,298,while condition,1,
1078,RULE,15,515012,312,climbing-stairs,Climbing Stairs,easy,base cases and recurrence,4,repeated_conceptual_error,wrong_condition_repeat,CONCEPTUAL_HINT,Repeated mistake should move from location cue to conceptual support.,200,CONCEPTUAL_HINT,true,WRONG_CONDITION,True,1,2,248,293,while condition,1,
1079,RULE,15,515012,312,climbing-stairs,Climbing Stairs,easy,base cases and recurrence,5,partial_logic,partial_but_compiling,CONCEPTUAL_HINT,Compiling but incomplete logic should receive a compact conceptual nudge.,200,CONCEPTUAL_HINT,true,UNKNOWN,True,1,2,244,274,logic block,1,
1080,RULE,15,515012,312,climbing-stairs,Climbing Stairs,easy,base cases and recurrence,6,local_completion,locally_complete,NO_FEEDBACK,Locally complete state should not be interrupted.,200,CODE_HIGHLIGHT,false,OFF_BY_ONE,True,1,2,243,289,for loop condition,1,
