event_index,mode,cohort,student_id,problem_id,problem_slug,problem_title,difficulty,concept,attempt_no,stage,scenario,expected_action,expected_reason,status,action,agreement,error_type,compile_success,tests_passed,tests_failed,analysis_time_ms,wall_latency_ms,suspicious_region,code_lines,error
1,ML,1,301001,301,palindrome,Valid Palindrome,easy,two pointers and string normalization,1,syntax,missing_statement_ending,CODE_HIGHLIGHT,First syntax error should be localized before giving a concept explanation.,200,CODE_HIGHLIGHT,true,SYNTAX_ERROR,False,0,0,52,1506,statement ending,1,
2,ML,1,301001,301,palindrome,Valid Palindrome,easy,two pointers and string normalization,2,planning,unfinished_implementation,GUIDING_QUESTION,Unfinished code should prompt the student to state the next step.,200,GUIDING_QUESTION,true,STUCK_NO_PROGRESS,True,0,3,278,1703,unfinished implementation,2,
3,ML,1,301001,301,palindrome,Valid Palindrome,easy,two pointers and string normalization,3,first_conceptual_error,possible_null_access_first,CODE_HIGHLIGHT,First substantial mistake should receive the least sufficient intervention.,200,CODE_HIGHLIGHT,true,POSSIBLE_NULL_ACCESS,True,3,0,290,1291,missing null or empty guard,1,
4,ML,1,301001,301,palindrome,Valid Palindrome,easy,two pointers and string normalization,4,repeated_conceptual_error,possible_null_access_repeat,CONCEPTUAL_HINT,Repeated mistake should move from location cue to conceptual support.,200,CONCEPTUAL_HINT,true,POSSIBLE_NULL_ACCESS,True,3,0,279,1648,missing null or empty guard,1,
5,ML,1,301001,301,palindrome,Valid Palindrome,easy,two pointers and string normalization,5,partial_logic,partial_but_compiling,CONCEPTUAL_HINT,Compiling but incomplete logic should receive a compact conceptual nudge.,200,CONCEPTUAL_HINT,true,UNKNOWN,True,1,2,274,1831,logic block,1,
6,ML,1,301001,301,palindrome,Valid Palindrome,easy,two pointers and string normalization,6,local_completion,locally_complete,NO_FEEDBACK,Locally complete state should not be interrupted.,200,NO_FEEDBACK,true,WRONG_CONDITION,True,3,0,285,995,while condition,1,
7,ML,1,301002,302,two-sum,Two Sum,easy,hash map lookup and pair search,1,syntax,missing_statement_ending,CODE_HIGHLIGHT,First syntax error should be localized before giving a concept explanation.,200,CODE_HIGHLIGHT,true,SYNTAX_ERROR,False,0,0,51,1124,statement ending,1,
8,ML,1,301002,302,two-sum,Two Sum,easy,hash map lookup and pair search,2,planning,unfinished_implementation,GUIDING_QUESTION,Unfinished code should prompt the student to state the next step.,200,GUIDING_QUESTION,true,STUCK_NO_PROGRESS,True,0,3,265,952,unfinished implementation,2,
9,ML,1,301002,302,two-sum,Two Sum,easy,hash map lookup and pair search,3,first_conceptual_error,off_by_one_first,CODE_HIGHLIGHT,First substantial mistake should receive the least sufficient intervention.,200,CODE_HIGHLIGHT,true,OFF_BY_ONE,True,1,2,266,1847,for loop condition,1,
10,ML,1,301002,302,two-sum,Two Sum,easy,hash map lookup and pair search,4,repeated_conceptual_error,off_by_one_repeat,CONCEPTUAL_HINT,Repeated mistake should move from location cue to conceptual support.,200,CONCEPTUAL_HINT,true,OFF_BY_ONE,True,1,2,277,1319,for loop condition,1,
11,ML,1,301002,302,two-sum,Two Sum,easy,hash map lookup and pair search,5,partial_logic,partial_but_compiling,CONCEPTUAL_HINT,Compiling but incomplete logic should receive a compact conceptual nudge.,200,CONCEPTUAL_HINT,true,UNKNOWN,True,1,2,270,1987,logic block,1,
12,ML,1,301002,302,two-sum,Two Sum,easy,hash map lookup and pair search,6,local_completion,locally_complete,NO_FEEDBACK,Locally complete state should not be interrupted.,200,NO_FEEDBACK,true,UNKNOWN,True,3,0,265,1836,logic block,1,
13,ML,1,301003,303,valid-parentheses,Valid Parentheses,easy,stack state and matching brackets,1,syntax,missing_statement_ending,CODE_HIGHLIGHT,First syntax error should be localized before giving a concept explanation.,200,CODE_HIGHLIGHT,true,SYNTAX_ERROR,False,0,0,53,1103,statement ending,1,
14,ML,1,301003,303,valid-parentheses,Valid Parentheses,easy,stack state and matching brackets,2,planning,unfinished_implementation,GUIDING_QUESTION,Unfinished code should prompt the student to state the next step.,200,GUIDING_QUESTION,true,STUCK_NO_PROGRESS,True,0,3,271,1060,unfinished implementation,2,
15,ML,1,301003,303,valid-parentheses,Valid Parentheses,easy,stack state and matching brackets,3,first_conceptual_error,possible_null_access_first,CODE_HIGHLIGHT,First substantial mistake should receive the least sufficient intervention.,200,NO_FEEDBACK,false,UNKNOWN,True,3,0,273,1079,logic block,1,
16,ML,1,301003,303,valid-parentheses,Valid Parentheses,easy,stack state and matching brackets,4,repeated_conceptual_error,possible_null_access_repeat,CONCEPTUAL_HINT,Repeated mistake should move from location cue to conceptual support.,200,NO_FEEDBACK,false,UNKNOWN,True,3,0,271,4739,logic block,1,
17,ML,1,301003,303,valid-parentheses,Valid Parentheses,easy,stack state and matching brackets,5,partial_logic,partial_but_compiling,CONCEPTUAL_HINT,Compiling but incomplete logic should receive a compact conceptual nudge.,200,CONCEPTUAL_HINT,true,UNKNOWN,True,1,2,275,872,logic block,1,
18,ML,1,301003,303,valid-parentheses,Valid Parentheses,easy,stack state and matching brackets,6,local_completion,locally_complete,NO_FEEDBACK,Locally complete state should not be interrupted.,200,CONCEPTUAL_HINT,false,UNKNOWN,True,3,0,302,1678,logic block,1,
19,ML,1,301004,304,binary-search,Binary Search,easy,search interval invariant,1,syntax,missing_statement_ending,CODE_HIGHLIGHT,First syntax error should be localized before giving a concept explanation.,200,CODE_HIGHLIGHT,true,SYNTAX_ERROR,False,0,0,52,846,statement ending,1,
20,ML,1,301004,304,binary-search,Binary Search,easy,search interval invariant,2,planning,unfinished_implementation,GUIDING_QUESTION,Unfinished code should prompt the student to state the next step.,200,GUIDING_QUESTION,true,STUCK_NO_PROGRESS,True,0,3,271,1669,unfinished implementation,2,
21,ML,1,301004,304,binary-search,Binary Search,easy,search interval invariant,3,first_conceptual_error,wrong_loop_boundary_first,CODE_HIGHLIGHT,First substantial mistake should receive the least sufficient intervention.,200,CODE_HIGHLIGHT,true,WRONG_LOOP_BOUNDARY,True,1,2,279,1255,binary search loop boundary,1,
22,ML,1,301004,304,binary-search,Binary Search,easy,search interval invariant,4,repeated_conceptual_error,wrong_loop_boundary_repeat,CONCEPTUAL_HINT,Repeated mistake should move from location cue to conceptual support.,200,CONCEPTUAL_HINT,true,WRONG_LOOP_BOUNDARY,True,1,2,310,1482,binary search loop boundary,1,
23,ML,1,301004,304,binary-search,Binary Search,easy,search interval invariant,5,partial_logic,partial_but_compiling,CONCEPTUAL_HINT,Compiling but incomplete logic should receive a compact conceptual nudge.,200,CONCEPTUAL_HINT,true,UNKNOWN,True,1,2,271,1500,logic block,1,
24,ML,1,301004,304,binary-search,Binary Search,easy,search interval invariant,6,local_completion,locally_complete,NO_FEEDBACK,Locally complete state should not be interrupted.,200,NO_FEEDBACK,true,UNKNOWN,True,3,0,267,1671,logic block,1,
25,ML,1,301005,305,merge-sorted-array,Merge Sorted Array,easy,array index management,1,syntax,missing_statement_ending,CODE_HIGHLIGHT,First syntax error should be localized before giving a concept explanation.,200,CODE_HIGHLIGHT,true,SYNTAX_ERROR,False,0,0,51,1618,statement ending,1,
26,ML,1,301005,305,merge-sorted-array,Merge Sorted Array,easy,array index management,2,planning,unfinished_implementation,GUIDING_QUESTION,Unfinished code should prompt the student to state the next step.,200,GUIDING_QUESTION,true,STUCK_NO_PROGRESS,True,0,3,317,1434,unfinished implementation,2,
27,ML,1,301005,305,merge-sorted-array,Merge Sorted Array,easy,array index management,3,first_conceptual_error,off_by_one_first,CODE_HIGHLIGHT,First substantial mistake should receive the least sufficient intervention.,200,CODE_HIGHLIGHT,true,OFF_BY_ONE,True,1,2,316,1320,for loop condition,1,
28,ML,1,301005,305,merge-sorted-array,Merge Sorted Array,easy,array index management,4,repeated_conceptual_error,off_by_one_repeat,CONCEPTUAL_HINT,Repeated mistake should move from location cue to conceptual support.,200,CONCEPTUAL_HINT,true,OFF_BY_ONE,True,1,2,309,1238,for loop condition,1,
29,ML,1,301005,305,merge-sorted-array,Merge Sorted Array,easy,array index management,5,partial_logic,partial_but_compiling,CONCEPTUAL_HINT,Compiling but incomplete logic should receive a compact conceptual nudge.,200,CONCEPTUAL_HINT,true,UNKNOWN,True,1,2,312,1410,logic block,1,
30,ML,1,301005,305,merge-sorted-array,Merge Sorted Array,easy,array index management,6,local_completion,locally_complete,NO_FEEDBACK,Locally complete state should not be interrupted.,200,NO_FEEDBACK,true,UNKNOWN,True,3,0,279,1901,logic block,1,
31,ML,1,301006,306,trapping-rain-water,Trapping Rain Water,hard,two pointers and running maxima,1,syntax,missing_statement_ending,CODE_HIGHLIGHT,First syntax error should be localized before giving a concept explanation.,200,CODE_HIGHLIGHT,true,SYNTAX_ERROR,False,0,0,50,1557,statement ending,1,
32,ML,1,301006,306,trapping-rain-water,Trapping Rain Water,hard,two pointers and running maxima,2,planning,unfinished_implementation,GUIDING_QUESTION,Unfinished code should prompt the student to state the next step.,200,GUIDING_QUESTION,true,STUCK_NO_PROGRESS,True,0,3,408,1086,unfinished implementation,2,
33,ML,1,301006,306,trapping-rain-water,Trapping Rain Water,hard,two pointers and running maxima,3,first_conceptual_error,wrong_condition_first,CONCEPTUAL_HINT,First substantial mistake should receive the least sufficient intervention.,200,CONCEPTUAL_HINT,true,WRONG_CONDITION,True,1,2,285,1326,while condition,1,
34,ML,1,301006,306,trapping-rain-water,Trapping Rain Water,hard,two pointers and running maxima,4,repeated_conceptual_error,wrong_condition_repeat,CONCEPTUAL_HINT,Repeated mistake should move from location cue to conceptual support.,200,CONCEPTUAL_HINT,true,WRONG_CONDITION,True,1,2,297,1681,while condition,1,
35,ML,1,301006,306,trapping-rain-water,Trapping Rain Water,hard,two pointers and running maxima,5,partial_logic,partial_but_compiling,CONCEPTUAL_HINT,Compiling but incomplete logic should receive a compact conceptual nudge.,200,CONCEPTUAL_HINT,true,UNKNOWN,True,1,2,310,6898,logic block,1,
36,ML,1,301006,306,trapping-rain-water,Trapping Rain Water,hard,two pointers and running maxima,6,local_completion,locally_complete,NO_FEEDBACK,Locally complete state should not be interrupted.,200,NO_FEEDBACK,true,UNKNOWN,True,3,0,288,434,logic block,1,
37,ML,1,301007,307,lru-cache,LRU Cache,medium,state update and eviction policy,1,syntax,missing_statement_ending,CODE_HIGHLIGHT,First syntax error should be localized before giving a concept explanation.,200,CODE_HIGHLIGHT,true,SYNTAX_ERROR,False,0,0,73,2007,statement ending,1,
38,ML,1,301007,307,lru-cache,LRU Cache,medium,state update and eviction policy,2,planning,unfinished_implementation,GUIDING_QUESTION,Unfinished code should prompt the student to state the next step.,200,GUIDING_QUESTION,true,STUCK_NO_PROGRESS,True,0,3,305,2528,unfinished implementation,2,
39,ML,1,301007,307,lru-cache,LRU Cache,medium,state update and eviction policy,3,first_conceptual_error,unknown_logic_first,CONCEPTUAL_HINT,First substantial mistake should receive the least sufficient intervention.,200,NO_FEEDBACK,false,UNKNOWN,True,3,0,281,1876,logic block,1,
40,ML,1,301007,307,lru-cache,LRU Cache,medium,state update and eviction policy,4,repeated_conceptual_error,unknown_logic_repeat,CONCEPTUAL_HINT,Repeated mistake should move from location cue to conceptual support.,200,NO_FEEDBACK,false,UNKNOWN,True,3,0,297,3986,logic block,1,
41,ML,1,301007,307,lru-cache,LRU Cache,medium,state update and eviction policy,5,partial_logic,partial_but_compiling,CONCEPTUAL_HINT,Compiling but incomplete logic should receive a compact conceptual nudge.,200,CONCEPTUAL_HINT,true,UNKNOWN,True,1,2,301,4071,logic block,1,
42,ML,1,301007,307,lru-cache,LRU Cache,medium,state update and eviction policy,6,local_completion,locally_complete,NO_FEEDBACK,Locally complete state should not be interrupted.,200,CONCEPTUAL_HINT,false,UNKNOWN,True,3,0,281,3259,logic block,1,
43,ML,1,301008,308,longest-substring,Longest Substring Without Repeating Characters,medium,sliding window invariant,1,syntax,missing_statement_ending,CODE_HIGHLIGHT,First syntax error should be localized before giving a concept explanation.,200,CODE_HIGHLIGHT,true,SYNTAX_ERROR,False,0,0,59,1695,statement ending,1,
44,ML,1,301008,308,longest-substring,Longest Substring Without Repeating Characters,medium,sliding window invariant,2,planning,unfinished_implementation,GUIDING_QUESTION,Unfinished code should prompt the student to state the next step.,0,,false,,,,,,30016,,2,timed out
45,ML,1,301008,308,longest-substring,Longest Substring Without Repeating Characters,medium,sliding window invariant,3,first_conceptual_error,off_by_one_first,CODE_HIGHLIGHT,First substantial mistake should receive the least sufficient intervention.,0,,false,,,,,,30015,,1,timed out
46,ML,1,301008,308,longest-substring,Longest Substring Without Repeating Characters,medium,sliding window invariant,4,repeated_conceptual_error,off_by_one_repeat,CONCEPTUAL_HINT,Repeated mistake should move from location cue to conceptual support.,200,CODE_HIGHLIGHT,false,OFF_BY_ONE,True,1,2,266,1840,for loop condition,1,
47,ML,1,301008,308,longest-substring,Longest Substring Without Repeating Characters,medium,sliding window invariant,5,partial_logic,partial_but_compiling,CONCEPTUAL_HINT,Compiling but incomplete logic should receive a compact conceptual nudge.,200,CONCEPTUAL_HINT,true,UNKNOWN,True,1,2,262,1365,logic block,1,
48,ML,1,301008,308,longest-substring,Longest Substring Without Repeating Characters,medium,sliding window invariant,6,local_completion,locally_complete,NO_FEEDBACK,Locally complete state should not be interrupted.,200,NO_FEEDBACK,true,UNKNOWN,True,3,0,265,1174,logic block,1,
49,ML,1,301009,309,reverse-linked-list,Reverse Linked List,easy,pointer update order,1,syntax,missing_statement_ending,CODE_HIGHLIGHT,First syntax error should be localized before giving a concept explanation.,200,CODE_HIGHLIGHT,true,SYNTAX_ERROR,False,0,0,50,1101,statement ending,1,
50,ML,1,301009,309,reverse-linked-list,Reverse Linked List,easy,pointer update order,2,planning,unfinished_implementation,GUIDING_QUESTION,Unfinished code should prompt the student to state the next step.,200,GUIDING_QUESTION,true,STUCK_NO_PROGRESS,True,0,3,278,1328,unfinished implementation,2,
51,ML,1,301009,309,reverse-linked-list,Reverse Linked List,easy,pointer update order,3,first_conceptual_error,wrong_condition_first,CONCEPTUAL_HINT,First substantial mistake should receive the least sufficient intervention.,200,CONCEPTUAL_HINT,true,WRONG_CONDITION,True,1,2,265,1325,while condition,1,
52,ML,1,301009,309,reverse-linked-list,Reverse Linked List,easy,pointer update order,4,repeated_conceptual_error,wrong_condition_repeat,CONCEPTUAL_HINT,Repeated mistake should move from location cue to conceptual support.,200,CONCEPTUAL_HINT,true,WRONG_CONDITION,True,1,2,265,1114,while condition,1,
53,ML,1,301009,309,reverse-linked-list,Reverse Linked List,easy,pointer update order,5,partial_logic,partial_but_compiling,CONCEPTUAL_HINT,Compiling but incomplete logic should receive a compact conceptual nudge.,200,CONCEPTUAL_HINT,true,UNKNOWN,True,1,2,277,1365,logic block,1,
54,ML,1,301009,309,reverse-linked-list,Reverse Linked List,easy,pointer update order,6,local_completion,locally_complete,NO_FEEDBACK,Locally complete state should not be interrupted.,200,NO_FEEDBACK,true,UNKNOWN,True,3,0,275,1215,logic block,1,
55,ML,1,301010,310,matrix-diagonal-sum,Matrix Diagonal Sum,easy,nested indexing and double counting,1,syntax,missing_statement_ending,CODE_HIGHLIGHT,First syntax error should be localized before giving a concept explanation.,200,CODE_HIGHLIGHT,true,SYNTAX_ERROR,False,0,0,51,1322,statement ending,1,
56,ML,1,301010,310,matrix-diagonal-sum,Matrix Diagonal Sum,easy,nested indexing and double counting,2,planning,unfinished_implementation,GUIDING_QUESTION,Unfinished code should prompt the student to state the next step.,200,GUIDING_QUESTION,true,STUCK_NO_PROGRESS,True,0,3,266,1088,unfinished implementation,2,
57,ML,1,301010,310,matrix-diagonal-sum,Matrix Diagonal Sum,easy,nested indexing and double counting,3,first_conceptual_error,off_by_one_first,CODE_HIGHLIGHT,First substantial mistake should receive the least sufficient intervention.,200,CODE_HIGHLIGHT,true,OFF_BY_ONE,True,1,2,271,1102,for loop condition,1,
58,ML,1,301010,310,matrix-diagonal-sum,Matrix Diagonal Sum,easy,nested indexing and double counting,4,repeated_conceptual_error,off_by_one_repeat,CONCEPTUAL_HINT,Repeated mistake should move from location cue to conceptual support.,200,CONCEPTUAL_HINT,true,OFF_BY_ONE,True,1,2,269,979,for loop condition,1,
59,ML,1,301010,310,matrix-diagonal-sum,Matrix Diagonal Sum,easy,nested indexing and double counting,5,partial_logic,partial_but_compiling,CONCEPTUAL_HINT,Compiling but incomplete logic should receive a compact conceptual nudge.,200,CONCEPTUAL_HINT,true,UNKNOWN,True,1,2,269,1336,logic block,1,
60,ML,1,301010,310,matrix-diagonal-sum,Matrix Diagonal Sum,easy,nested indexing and double counting,6,local_completion,locally_complete,NO_FEEDBACK,Locally complete state should not be interrupted.,200,NO_FEEDBACK,true,UNKNOWN,True,3,0,322,1069,logic block,1,
61,ML,1,301011,311,roman-to-integer,Roman to Integer,easy,lookahead condition,1,syntax,missing_statement_ending,CODE_HIGHLIGHT,First syntax error should be localized before giving a concept explanation.,200,CODE_HIGHLIGHT,true,SYNTAX_ERROR,False,0,0,53,1019,statement ending,1,
62,ML,1,301011,311,roman-to-integer,Roman to Integer,easy,lookahead condition,2,planning,unfinished_implementation,GUIDING_QUESTION,Unfinished code should prompt the student to state the next step.,200,GUIDING_QUESTION,true,STUCK_NO_PROGRESS,True,0,3,276,1867,unfinished implementation,2,
63,ML,1,301011,311,roman-to-integer,Roman to Integer,easy,lookahead condition,3,first_conceptual_error,off_by_one_first,CODE_HIGHLIGHT,First substantial mistake should receive the least sufficient intervention.,200,CODE_HIGHLIGHT,true,OFF_BY_ONE,True,1,2,274,2110,for loop condition,1,
64,ML,1,301011,311,roman-to-integer,Roman to Integer,easy,lookahead condition,4,repeated_conceptual_error,off_by_one_repeat,CONCEPTUAL_HINT,Repeated mistake should move from location cue to conceptual support.,200,CONCEPTUAL_HINT,true,OFF_BY_ONE,True,1,2,265,1201,for loop condition,1,
65,ML,1,301011,311,roman-to-integer,Roman to Integer,easy,lookahead condition,5,partial_logic,partial_but_compiling,CONCEPTUAL_HINT,Compiling but incomplete logic should receive a compact conceptual nudge.,200,CONCEPTUAL_HINT,true,UNKNOWN,True,1,2,300,1799,logic block,1,
66,ML,1,301011,311,roman-to-integer,Roman to Integer,easy,lookahead condition,6,local_completion,locally_complete,NO_FEEDBACK,Locally complete state should not be interrupted.,200,NO_FEEDBACK,true,UNKNOWN,True,3,0,278,1320,logic block,1,
67,ML,1,301012,312,climbing-stairs,Climbing Stairs,easy,base cases and recurrence,1,syntax,missing_statement_ending,CODE_HIGHLIGHT,First syntax error should be localized before giving a concept explanation.,200,CODE_HIGHLIGHT,true,SYNTAX_ERROR,False,0,0,52,1822,statement ending,1,
68,ML,1,301012,312,climbing-stairs,Climbing Stairs,easy,base cases and recurrence,2,planning,unfinished_implementation,GUIDING_QUESTION,Unfinished code should prompt the student to state the next step.,200,GUIDING_QUESTION,true,STUCK_NO_PROGRESS,True,0,3,265,2092,unfinished implementation,2,
69,ML,1,301012,312,climbing-stairs,Climbing Stairs,easy,base cases and recurrence,3,first_conceptual_error,wrong_condition_first,CONCEPTUAL_HINT,First substantial mistake should receive the least sufficient intervention.,200,CONCEPTUAL_HINT,true,WRONG_CONDITION,True,1,2,270,1182,while condition,1,
70,ML,1,301012,312,climbing-stairs,Climbing Stairs,easy,base cases and recurrence,4,repeated_conceptual_error,wrong_condition_repeat,CONCEPTUAL_HINT,Repeated mistake should move from location cue to conceptual support.,200,CONCEPTUAL_HINT,true,WRONG_CONDITION,True,1,2,269,1028,while condition,1,
71,ML,1,301012,312,climbing-stairs,Climbing Stairs,easy,base cases and recurrence,5,partial_logic,partial_but_compiling,CONCEPTUAL_HINT,Compiling but incomplete logic should receive a compact conceptual nudge.,200,CONCEPTUAL_HINT,true,UNKNOWN,True,1,2,267,1179,logic block,1,
72,ML,1,301012,312,climbing-stairs,Climbing Stairs,easy,base cases and recurrence,6,local_completion,locally_complete,NO_FEEDBACK,Locally complete state should not be interrupted.,200,CODE_HIGHLIGHT,false,OFF_BY_ONE,True,1,2,276,1208,for loop condition,1,
73,ML,2,302001,301,palindrome,Valid Palindrome,easy,two pointers and string normalization,1,syntax,missing_statement_ending,CODE_HIGHLIGHT,First syntax error should be localized before giving a concept explanation.,200,CODE_HIGHLIGHT,true,SYNTAX_ERROR,False,0,0,53,1532,statement ending,1,
74,ML,2,302001,301,palindrome,Valid Palindrome,easy,two pointers and string normalization,2,planning,unfinished_implementation,GUIDING_QUESTION,Unfinished code should prompt the student to state the next step.,200,GUIDING_QUESTION,true,STUCK_NO_PROGRESS,True,0,3,288,1606,unfinished implementation,2,
75,ML,2,302001,301,palindrome,Valid Palindrome,easy,two pointers and string normalization,3,first_conceptual_error,possible_null_access_first,CODE_HIGHLIGHT,First substantial mistake should receive the least sufficient intervention.,200,CODE_HIGHLIGHT,true,POSSIBLE_NULL_ACCESS,True,3,0,280,13694,missing null or empty guard,1,
76,ML,2,302001,301,palindrome,Valid Palindrome,easy,two pointers and string normalization,4,repeated_conceptual_error,possible_null_access_repeat,CONCEPTUAL_HINT,Repeated mistake should move from location cue to conceptual support.,200,CONCEPTUAL_HINT,true,POSSIBLE_NULL_ACCESS,True,3,0,292,1754,missing null or empty guard,1,
77,ML,2,302001,301,palindrome,Valid Palindrome,easy,two pointers and string normalization,5,partial_logic,partial_but_compiling,CONCEPTUAL_HINT,Compiling but incomplete logic should receive a compact conceptual nudge.,200,CONCEPTUAL_HINT,true,UNKNOWN,True,1,2,268,1460,logic block,1,
78,ML,2,302001,301,palindrome,Valid Palindrome,easy,two pointers and string normalization,6,local_completion,locally_complete,NO_FEEDBACK,Locally complete state should not be interrupted.,200,NO_FEEDBACK,true,WRONG_CONDITION,True,3,0,276,1935,while condition,1,
79,ML,2,302002,302,two-sum,Two Sum,easy,hash map lookup and pair search,1,syntax,missing_statement_ending,CODE_HIGHLIGHT,First syntax error should be localized before giving a concept explanation.,200,CODE_HIGHLIGHT,true,SYNTAX_ERROR,False,0,0,50,1065,statement ending,1,
80,ML,2,302002,302,two-sum,Two Sum,easy,hash map lookup and pair search,2,planning,unfinished_implementation,GUIDING_QUESTION,Unfinished code should prompt the student to state the next step.,200,GUIDING_QUESTION,true,STUCK_NO_PROGRESS,True,0,3,278,1062,unfinished implementation,2,
81,ML,2,302002,302,two-sum,Two Sum,easy,hash map lookup and pair search,3,first_conceptual_error,off_by_one_first,CODE_HIGHLIGHT,First substantial mistake should receive the least sufficient intervention.,200,CODE_HIGHLIGHT,true,OFF_BY_ONE,True,1,2,273,1411,for loop condition,1,
82,ML,2,302002,302,two-sum,Two Sum,easy,hash map lookup and pair search,4,repeated_conceptual_error,off_by_one_repeat,CONCEPTUAL_HINT,Repeated mistake should move from location cue to conceptual support.,200,CONCEPTUAL_HINT,true,OFF_BY_ONE,True,1,2,352,4074,for loop condition,1,
83,ML,2,302002,302,two-sum,Two Sum,easy,hash map lookup and pair search,5,partial_logic,partial_but_compiling,CONCEPTUAL_HINT,Compiling but incomplete logic should receive a compact conceptual nudge.,200,CONCEPTUAL_HINT,true,UNKNOWN,True,1,2,293,1282,logic block,1,
84,ML,2,302002,302,two-sum,Two Sum,easy,hash map lookup and pair search,6,local_completion,locally_complete,NO_FEEDBACK,Locally complete state should not be interrupted.,200,NO_FEEDBACK,true,UNKNOWN,True,3,0,276,1294,logic block,1,
85,ML,2,302003,303,valid-parentheses,Valid Parentheses,easy,stack state and matching brackets,1,syntax,missing_statement_ending,CODE_HIGHLIGHT,First syntax error should be localized before giving a concept explanation.,200,CODE_HIGHLIGHT,true,SYNTAX_ERROR,False,0,0,51,993,statement ending,1,
86,ML,2,302003,303,valid-parentheses,Valid Parentheses,easy,stack state and matching brackets,2,planning,unfinished_implementation,GUIDING_QUESTION,Unfinished code should prompt the student to state the next step.,200,GUIDING_QUESTION,true,STUCK_NO_PROGRESS,True,0,3,295,2318,unfinished implementation,2,
87,ML,2,302003,303,valid-parentheses,Valid Parentheses,easy,stack state and matching brackets,3,first_conceptual_error,possible_null_access_first,CODE_HIGHLIGHT,First substantial mistake should receive the least sufficient intervention.,200,NO_FEEDBACK,false,UNKNOWN,True,3,0,280,1076,logic block,1,
88,ML,2,302003,303,valid-parentheses,Valid Parentheses,easy,stack state and matching brackets,4,repeated_conceptual_error,possible_null_access_repeat,CONCEPTUAL_HINT,Repeated mistake should move from location cue to conceptual support.,200,NO_FEEDBACK,false,UNKNOWN,True,3,0,285,1136,logic block,1,
89,ML,2,302003,303,valid-parentheses,Valid Parentheses,easy,stack state and matching brackets,5,partial_logic,partial_but_compiling,CONCEPTUAL_HINT,Compiling but incomplete logic should receive a compact conceptual nudge.,200,CONCEPTUAL_HINT,true,UNKNOWN,True,1,2,283,1198,logic block,1,
90,ML,2,302003,303,valid-parentheses,Valid Parentheses,easy,stack state and matching brackets,6,local_completion,locally_complete,NO_FEEDBACK,Locally complete state should not be interrupted.,200,CONCEPTUAL_HINT,false,UNKNOWN,True,3,0,285,1395,logic block,1,
91,ML,2,302004,304,binary-search,Binary Search,easy,search interval invariant,1,syntax,missing_statement_ending,CODE_HIGHLIGHT,First syntax error should be localized before giving a concept explanation.,200,CODE_HIGHLIGHT,true,SYNTAX_ERROR,False,0,0,57,1569,statement ending,1,
92,ML,2,302004,304,binary-search,Binary Search,easy,search interval invariant,2,planning,unfinished_implementation,GUIDING_QUESTION,Unfinished code should prompt the student to state the next step.,200,GUIDING_QUESTION,true,STUCK_NO_PROGRESS,True,0,3,292,1056,unfinished implementation,2,
93,ML,2,302004,304,binary-search,Binary Search,easy,search interval invariant,3,first_conceptual_error,wrong_loop_boundary_first,CODE_HIGHLIGHT,First substantial mistake should receive the least sufficient intervention.,200,CODE_HIGHLIGHT,true,WRONG_LOOP_BOUNDARY,True,1,2,280,1492,binary search loop boundary,1,
94,ML,2,302004,304,binary-search,Binary Search,easy,search interval invariant,4,repeated_conceptual_error,wrong_loop_boundary_repeat,CONCEPTUAL_HINT,Repeated mistake should move from location cue to conceptual support.,200,CONCEPTUAL_HINT,true,WRONG_LOOP_BOUNDARY,True,1,2,276,1197,binary search loop boundary,1,
95,ML,2,302004,304,binary-search,Binary Search,easy,search interval invariant,5,partial_logic,partial_but_compiling,CONCEPTUAL_HINT,Compiling but incomplete logic should receive a compact conceptual nudge.,200,CONCEPTUAL_HINT,true,UNKNOWN,True,1,2,289,1299,logic block,1,
96,ML,2,302004,304,binary-search,Binary Search,easy,search interval invariant,6,local_completion,locally_complete,NO_FEEDBACK,Locally complete state should not be interrupted.,200,NO_FEEDBACK,true,UNKNOWN,True,3,0,294,1072,logic block,1,
97,ML,2,302005,305,merge-sorted-array,Merge Sorted Array,easy,array index management,1,syntax,missing_statement_ending,CODE_HIGHLIGHT,First syntax error should be localized before giving a concept explanation.,200,CODE_HIGHLIGHT,true,SYNTAX_ERROR,False,0,0,53,1461,statement ending,1,
98,ML,2,302005,305,merge-sorted-array,Merge Sorted Array,easy,array index management,2,planning,unfinished_implementation,GUIDING_QUESTION,Unfinished code should prompt the student to state the next step.,200,GUIDING_QUESTION,true,STUCK_NO_PROGRESS,True,0,3,295,1335,unfinished implementation,2,
99,ML,2,302005,305,merge-sorted-array,Merge Sorted Array,easy,array index management,3,first_conceptual_error,off_by_one_first,CODE_HIGHLIGHT,First substantial mistake should receive the least sufficient intervention.,200,CODE_HIGHLIGHT,true,OFF_BY_ONE,True,1,2,264,1029,for loop condition,1,
100,ML,2,302005,305,merge-sorted-array,Merge Sorted Array,easy,array index management,4,repeated_conceptual_error,off_by_one_repeat,CONCEPTUAL_HINT,Repeated mistake should move from location cue to conceptual support.,200,CONCEPTUAL_HINT,true,OFF_BY_ONE,True,1,2,286,1522,for loop condition,1,
101,ML,2,302005,305,merge-sorted-array,Merge Sorted Array,easy,array index management,5,partial_logic,partial_but_compiling,CONCEPTUAL_HINT,Compiling but incomplete logic should receive a compact conceptual nudge.,200,CONCEPTUAL_HINT,true,UNKNOWN,True,1,2,301,1181,logic block,1,
102,ML,2,302005,305,merge-sorted-array,Merge Sorted Array,easy,array index management,6,local_completion,locally_complete,NO_FEEDBACK,Locally complete state should not be interrupted.,200,NO_FEEDBACK,true,UNKNOWN,True,3,0,287,1157,logic block,1,
103,ML,2,302006,306,trapping-rain-water,Trapping Rain Water,hard,two pointers and running maxima,1,syntax,missing_statement_ending,CODE_HIGHLIGHT,First syntax error should be localized before giving a concept explanation.,200,CODE_HIGHLIGHT,true,SYNTAX_ERROR,False,0,0,54,813,statement ending,1,
104,ML,2,302006,306,trapping-rain-water,Trapping Rain Water,hard,two pointers and running maxima,2,planning,unfinished_implementation,GUIDING_QUESTION,Unfinished code should prompt the student to state the next step.,200,GUIDING_QUESTION,true,STUCK_NO_PROGRESS,True,0,3,277,1323,unfinished implementation,2,
105,ML,2,302006,306,trapping-rain-water,Trapping Rain Water,hard,two pointers and running maxima,3,first_conceptual_error,wrong_condition_first,CONCEPTUAL_HINT,First substantial mistake should receive the least sufficient intervention.,200,CONCEPTUAL_HINT,true,WRONG_CONDITION,True,1,2,284,1297,while condition,1,
106,ML,2,302006,306,trapping-rain-water,Trapping Rain Water,hard,two pointers and running maxima,4,repeated_conceptual_error,wrong_condition_repeat,CONCEPTUAL_HINT,Repeated mistake should move from location cue to conceptual support.,200,CONCEPTUAL_HINT,true,WRONG_CONDITION,True,1,2,280,1264,while condition,1,
107,ML,2,302006,306,trapping-rain-water,Trapping Rain Water,hard,two pointers and running maxima,5,partial_logic,partial_but_compiling,CONCEPTUAL_HINT,Compiling but incomplete logic should receive a compact conceptual nudge.,200,CONCEPTUAL_HINT,true,UNKNOWN,True,1,2,287,1351,logic block,1,
108,ML,2,302006,306,trapping-rain-water,Trapping Rain Water,hard,two pointers and running maxima,6,local_completion,locally_complete,NO_FEEDBACK,Locally complete state should not be interrupted.,200,NO_FEEDBACK,true,UNKNOWN,True,3,0,357,1177,logic block,1,
109,ML,2,302007,307,lru-cache,LRU Cache,medium,state update and eviction policy,1,syntax,missing_statement_ending,CODE_HIGHLIGHT,First syntax error should be localized before giving a concept explanation.,200,CODE_HIGHLIGHT,true,SYNTAX_ERROR,False,0,0,65,1019,statement ending,1,
110,ML,2,302007,307,lru-cache,LRU Cache,medium,state update and eviction policy,2,planning,unfinished_implementation,GUIDING_QUESTION,Unfinished code should prompt the student to state the next step.,200,GUIDING_QUESTION,true,STUCK_NO_PROGRESS,True,0,3,285,1166,unfinished implementation,2,
111,ML,2,302007,307,lru-cache,LRU Cache,medium,state update and eviction policy,3,first_conceptual_error,unknown_logic_first,CONCEPTUAL_HINT,First substantial mistake should receive the least sufficient intervention.,200,NO_FEEDBACK,false,UNKNOWN,True,3,0,291,1047,logic block,1,
112,ML,2,302007,307,lru-cache,LRU Cache,medium,state update and eviction policy,4,repeated_conceptual_error,unknown_logic_repeat,CONCEPTUAL_HINT,Repeated mistake should move from location cue to conceptual support.,200,NO_FEEDBACK,false,UNKNOWN,True,3,0,265,1869,logic block,1,
113,ML,2,302007,307,lru-cache,LRU Cache,medium,state update and eviction policy,5,partial_logic,partial_but_compiling,CONCEPTUAL_HINT,Compiling but incomplete logic should receive a compact conceptual nudge.,200,CONCEPTUAL_HINT,true,UNKNOWN,True,1,2,261,987,logic block,1,
114,ML,2,302007,307,lru-cache,LRU Cache,medium,state update and eviction policy,6,local_completion,locally_complete,NO_FEEDBACK,Locally complete state should not be interrupted.,200,CONCEPTUAL_HINT,false,UNKNOWN,True,3,0,276,1487,logic block,1,
115,ML,2,302008,308,longest-substring,Longest Substring Without Repeating Characters,medium,sliding window invariant,1,syntax,missing_statement_ending,CODE_HIGHLIGHT,First syntax error should be localized before giving a concept explanation.,200,CODE_HIGHLIGHT,true,SYNTAX_ERROR,False,0,0,53,1312,statement ending,1,
116,ML,2,302008,308,longest-substring,Longest Substring Without Repeating Characters,medium,sliding window invariant,2,planning,unfinished_implementation,GUIDING_QUESTION,Unfinished code should prompt the student to state the next step.,200,GUIDING_QUESTION,true,STUCK_NO_PROGRESS,True,0,3,297,1546,unfinished implementation,2,
117,ML,2,302008,308,longest-substring,Longest Substring Without Repeating Characters,medium,sliding window invariant,3,first_conceptual_error,off_by_one_first,CODE_HIGHLIGHT,First substantial mistake should receive the least sufficient intervention.,200,CODE_HIGHLIGHT,true,OFF_BY_ONE,True,1,2,295,1184,for loop condition,1,
118,ML,2,302008,308,longest-substring,Longest Substring Without Repeating Characters,medium,sliding window invariant,4,repeated_conceptual_error,off_by_one_repeat,CONCEPTUAL_HINT,Repeated mistake should move from location cue to conceptual support.,200,CONCEPTUAL_HINT,true,OFF_BY_ONE,True,1,2,291,1075,for loop condition,1,
119,ML,2,302008,308,longest-substring,Longest Substring Without Repeating Characters,medium,sliding window invariant,5,partial_logic,partial_but_compiling,CONCEPTUAL_HINT,Compiling but incomplete logic should receive a compact conceptual nudge.,200,CONCEPTUAL_HINT,true,UNKNOWN,True,1,2,295,1239,logic block,1,
120,ML,2,302008,308,longest-substring,Longest Substring Without Repeating Characters,medium,sliding window invariant,6,local_completion,locally_complete,NO_FEEDBACK,Locally complete state should not be interrupted.,200,NO_FEEDBACK,true,UNKNOWN,True,3,0,264,1433,logic block,1,
121,ML,2,302009,309,reverse-linked-list,Reverse Linked List,easy,pointer update order,1,syntax,missing_statement_ending,CODE_HIGHLIGHT,First syntax error should be localized before giving a concept explanation.,200,CODE_HIGHLIGHT,true,SYNTAX_ERROR,False,0,0,55,764,statement ending,1,
122,ML,2,302009,309,reverse-linked-list,Reverse Linked List,easy,pointer update order,2,planning,unfinished_implementation,GUIDING_QUESTION,Unfinished code should prompt the student to state the next step.,200,GUIDING_QUESTION,true,STUCK_NO_PROGRESS,True,0,3,290,1064,unfinished implementation,2,
123,ML,2,302009,309,reverse-linked-list,Reverse Linked List,easy,pointer update order,3,first_conceptual_error,wrong_condition_first,CONCEPTUAL_HINT,First substantial mistake should receive the least sufficient intervention.,200,CONCEPTUAL_HINT,true,WRONG_CONDITION,True,1,2,315,1448,while condition,1,
124,ML,2,302009,309,reverse-linked-list,Reverse Linked List,easy,pointer update order,4,repeated_conceptual_error,wrong_condition_repeat,CONCEPTUAL_HINT,Repeated mistake should move from location cue to conceptual support.,200,CONCEPTUAL_HINT,true,WRONG_CONDITION,True,1,2,275,2428,while condition,1,
125,ML,2,302009,309,reverse-linked-list,Reverse Linked List,easy,pointer update order,5,partial_logic,partial_but_compiling,CONCEPTUAL_HINT,Compiling but incomplete logic should receive a compact conceptual nudge.,200,CONCEPTUAL_HINT,true,UNKNOWN,True,1,2,286,1032,logic block,1,
126,ML,2,302009,309,reverse-linked-list,Reverse Linked List,easy,pointer update order,6,local_completion,locally_complete,NO_FEEDBACK,Locally complete state should not be interrupted.,200,NO_FEEDBACK,true,UNKNOWN,True,3,0,326,1151,logic block,1,
127,ML,2,302010,310,matrix-diagonal-sum,Matrix Diagonal Sum,easy,nested indexing and double counting,1,syntax,missing_statement_ending,CODE_HIGHLIGHT,First syntax error should be localized before giving a concept explanation.,200,CODE_HIGHLIGHT,true,SYNTAX_ERROR,False,0,0,60,847,statement ending,1,
128,ML,2,302010,310,matrix-diagonal-sum,Matrix Diagonal Sum,easy,nested indexing and double counting,2,planning,unfinished_implementation,GUIDING_QUESTION,Unfinished code should prompt the student to state the next step.,200,GUIDING_QUESTION,true,STUCK_NO_PROGRESS,True,0,3,279,1606,unfinished implementation,2,
129,ML,2,302010,310,matrix-diagonal-sum,Matrix Diagonal Sum,easy,nested indexing and double counting,3,first_conceptual_error,off_by_one_first,CODE_HIGHLIGHT,First substantial mistake should receive the least sufficient intervention.,200,CODE_HIGHLIGHT,true,OFF_BY_ONE,True,1,2,266,1213,for loop condition,1,
130,ML,2,302010,310,matrix-diagonal-sum,Matrix Diagonal Sum,easy,nested indexing and double counting,4,repeated_conceptual_error,off_by_one_repeat,CONCEPTUAL_HINT,Repeated mistake should move from location cue to conceptual support.,200,CONCEPTUAL_HINT,true,OFF_BY_ONE,True,1,2,290,1466,for loop condition,1,
131,ML,2,302010,310,matrix-diagonal-sum,Matrix Diagonal Sum,easy,nested indexing and double counting,5,partial_logic,partial_but_compiling,CONCEPTUAL_HINT,Compiling but incomplete logic should receive a compact conceptual nudge.,200,CONCEPTUAL_HINT,true,UNKNOWN,True,1,2,282,2298,logic block,1,
132,ML,2,302010,310,matrix-diagonal-sum,Matrix Diagonal Sum,easy,nested indexing and double counting,6,local_completion,locally_complete,NO_FEEDBACK,Locally complete state should not be interrupted.,200,NO_FEEDBACK,true,UNKNOWN,True,3,0,317,2890,logic block,1,
133,ML,2,302011,311,roman-to-integer,Roman to Integer,easy,lookahead condition,1,syntax,missing_statement_ending,CODE_HIGHLIGHT,First syntax error should be localized before giving a concept explanation.,200,CODE_HIGHLIGHT,true,SYNTAX_ERROR,False,0,0,58,3610,statement ending,1,
134,ML,2,302011,311,roman-to-integer,Roman to Integer,easy,lookahead condition,2,planning,unfinished_implementation,GUIDING_QUESTION,Unfinished code should prompt the student to state the next step.,200,GUIDING_QUESTION,true,STUCK_NO_PROGRESS,True,0,3,272,2843,unfinished implementation,2,
135,ML,2,302011,311,roman-to-integer,Roman to Integer,easy,lookahead condition,3,first_conceptual_error,off_by_one_first,CODE_HIGHLIGHT,First substantial mistake should receive the least sufficient intervention.,200,CODE_HIGHLIGHT,true,OFF_BY_ONE,True,1,2,261,2394,for loop condition,1,
136,ML,2,302011,311,roman-to-integer,Roman to Integer,easy,lookahead condition,4,repeated_conceptual_error,off_by_one_repeat,CONCEPTUAL_HINT,Repeated mistake should move from location cue to conceptual support.,200,CONCEPTUAL_HINT,true,OFF_BY_ONE,True,1,2,281,1721,for loop condition,1,
137,ML,2,302011,311,roman-to-integer,Roman to Integer,easy,lookahead condition,5,partial_logic,partial_but_compiling,CONCEPTUAL_HINT,Compiling but incomplete logic should receive a compact conceptual nudge.,200,CONCEPTUAL_HINT,true,UNKNOWN,True,1,2,273,1140,logic block,1,
138,ML,2,302011,311,roman-to-integer,Roman to Integer,easy,lookahead condition,6,local_completion,locally_complete,NO_FEEDBACK,Locally complete state should not be interrupted.,200,NO_FEEDBACK,true,UNKNOWN,True,3,0,269,1434,logic block,1,
139,ML,2,302012,312,climbing-stairs,Climbing Stairs,easy,base cases and recurrence,1,syntax,missing_statement_ending,CODE_HIGHLIGHT,First syntax error should be localized before giving a concept explanation.,200,CODE_HIGHLIGHT,true,SYNTAX_ERROR,False,0,0,50,898,statement ending,1,
140,ML,2,302012,312,climbing-stairs,Climbing Stairs,easy,base cases and recurrence,2,planning,unfinished_implementation,GUIDING_QUESTION,Unfinished code should prompt the student to state the next step.,200,GUIDING_QUESTION,true,STUCK_NO_PROGRESS,True,0,3,260,1260,unfinished implementation,2,
141,ML,2,302012,312,climbing-stairs,Climbing Stairs,easy,base cases and recurrence,3,first_conceptual_error,wrong_condition_first,CONCEPTUAL_HINT,First substantial mistake should receive the least sufficient intervention.,200,CONCEPTUAL_HINT,true,WRONG_CONDITION,True,1,2,260,1381,while condition,1,
142,ML,2,302012,312,climbing-stairs,Climbing Stairs,easy,base cases and recurrence,4,repeated_conceptual_error,wrong_condition_repeat,CONCEPTUAL_HINT,Repeated mistake should move from location cue to conceptual support.,200,CONCEPTUAL_HINT,true,WRONG_CONDITION,True,1,2,276,939,while condition,1,
143,ML,2,302012,312,climbing-stairs,Climbing Stairs,easy,base cases and recurrence,5,partial_logic,partial_but_compiling,CONCEPTUAL_HINT,Compiling but incomplete logic should receive a compact conceptual nudge.,200,CONCEPTUAL_HINT,true,UNKNOWN,True,1,2,272,1514,logic block,1,
144,ML,2,302012,312,climbing-stairs,Climbing Stairs,easy,base cases and recurrence,6,local_completion,locally_complete,NO_FEEDBACK,Locally complete state should not be interrupted.,200,CODE_HIGHLIGHT,false,OFF_BY_ONE,True,1,2,274,1876,for loop condition,1,
145,ML,3,303001,301,palindrome,Valid Palindrome,easy,two pointers and string normalization,1,syntax,missing_statement_ending,CODE_HIGHLIGHT,First syntax error should be localized before giving a concept explanation.,200,CODE_HIGHLIGHT,true,SYNTAX_ERROR,False,0,0,49,3257,statement ending,1,
146,ML,3,303001,301,palindrome,Valid Palindrome,easy,two pointers and string normalization,2,planning,unfinished_implementation,GUIDING_QUESTION,Unfinished code should prompt the student to state the next step.,200,GUIDING_QUESTION,true,STUCK_NO_PROGRESS,True,0,3,267,1038,unfinished implementation,2,
147,ML,3,303001,301,palindrome,Valid Palindrome,easy,two pointers and string normalization,3,first_conceptual_error,possible_null_access_first,CODE_HIGHLIGHT,First substantial mistake should receive the least sufficient intervention.,200,CODE_HIGHLIGHT,true,POSSIBLE_NULL_ACCESS,True,3,0,264,2108,missing null or empty guard,1,
148,ML,3,303001,301,palindrome,Valid Palindrome,easy,two pointers and string normalization,4,repeated_conceptual_error,possible_null_access_repeat,CONCEPTUAL_HINT,Repeated mistake should move from location cue to conceptual support.,200,CONCEPTUAL_HINT,true,POSSIBLE_NULL_ACCESS,True,3,0,266,2178,missing null or empty guard,1,
149,ML,3,303001,301,palindrome,Valid Palindrome,easy,two pointers and string normalization,5,partial_logic,partial_but_compiling,CONCEPTUAL_HINT,Compiling but incomplete logic should receive a compact conceptual nudge.,200,CONCEPTUAL_HINT,true,UNKNOWN,True,1,2,259,2747,logic block,1,
150,ML,3,303001,301,palindrome,Valid Palindrome,easy,two pointers and string normalization,6,local_completion,locally_complete,NO_FEEDBACK,Locally complete state should not be interrupted.,200,NO_FEEDBACK,true,WRONG_CONDITION,True,3,0,268,2755,while condition,1,
151,ML,3,303002,302,two-sum,Two Sum,easy,hash map lookup and pair search,1,syntax,missing_statement_ending,CODE_HIGHLIGHT,First syntax error should be localized before giving a concept explanation.,200,CODE_HIGHLIGHT,true,SYNTAX_ERROR,False,0,0,49,1658,statement ending,1,
152,ML,3,303002,302,two-sum,Two Sum,easy,hash map lookup and pair search,2,planning,unfinished_implementation,GUIDING_QUESTION,Unfinished code should prompt the student to state the next step.,200,GUIDING_QUESTION,true,STUCK_NO_PROGRESS,True,0,3,271,1432,unfinished implementation,2,
153,ML,3,303002,302,two-sum,Two Sum,easy,hash map lookup and pair search,3,first_conceptual_error,off_by_one_first,CODE_HIGHLIGHT,First substantial mistake should receive the least sufficient intervention.,200,CODE_HIGHLIGHT,true,OFF_BY_ONE,True,1,2,255,2727,for loop condition,1,
154,ML,3,303002,302,two-sum,Two Sum,easy,hash map lookup and pair search,4,repeated_conceptual_error,off_by_one_repeat,CONCEPTUAL_HINT,Repeated mistake should move from location cue to conceptual support.,200,CONCEPTUAL_HINT,true,OFF_BY_ONE,True,1,2,283,1184,for loop condition,1,
155,ML,3,303002,302,two-sum,Two Sum,easy,hash map lookup and pair search,5,partial_logic,partial_but_compiling,CONCEPTUAL_HINT,Compiling but incomplete logic should receive a compact conceptual nudge.,200,CONCEPTUAL_HINT,true,UNKNOWN,True,1,2,325,16110,logic block,1,
156,ML,3,303002,302,two-sum,Two Sum,easy,hash map lookup and pair search,6,local_completion,locally_complete,NO_FEEDBACK,Locally complete state should not be interrupted.,200,NO_FEEDBACK,true,UNKNOWN,True,3,0,254,1366,logic block,1,
157,ML,3,303003,303,valid-parentheses,Valid Parentheses,easy,stack state and matching brackets,1,syntax,missing_statement_ending,CODE_HIGHLIGHT,First syntax error should be localized before giving a concept explanation.,200,CODE_HIGHLIGHT,true,SYNTAX_ERROR,False,0,0,53,2536,statement ending,1,
158,ML,3,303003,303,valid-parentheses,Valid Parentheses,easy,stack state and matching brackets,2,planning,unfinished_implementation,GUIDING_QUESTION,Unfinished code should prompt the student to state the next step.,200,GUIDING_QUESTION,true,STUCK_NO_PROGRESS,True,0,3,268,2802,unfinished implementation,2,
159,ML,3,303003,303,valid-parentheses,Valid Parentheses,easy,stack state and matching brackets,3,first_conceptual_error,possible_null_access_first,CODE_HIGHLIGHT,First substantial mistake should receive the least sufficient intervention.,200,NO_FEEDBACK,false,UNKNOWN,True,3,0,255,2230,logic block,1,
160,ML,3,303003,303,valid-parentheses,Valid Parentheses,easy,stack state and matching brackets,4,repeated_conceptual_error,possible_null_access_repeat,CONCEPTUAL_HINT,Repeated mistake should move from location cue to conceptual support.,200,NO_FEEDBACK,false,UNKNOWN,True,3,0,261,1221,logic block,1,
161,ML,3,303003,303,valid-parentheses,Valid Parentheses,easy,stack state and matching brackets,5,partial_logic,partial_but_compiling,CONCEPTUAL_HINT,Compiling but incomplete logic should receive a compact conceptual nudge.,200,CONCEPTUAL_HINT,true,UNKNOWN,True,1,2,264,1657,logic block,1,
162,ML,3,303003,303,valid-parentheses,Valid Parentheses,easy,stack state and matching brackets,6,local_completion,locally_complete,NO_FEEDBACK,Locally complete state should not be interrupted.,200,CONCEPTUAL_HINT,false,UNKNOWN,True,3,0,252,1193,logic block,1,
163,ML,3,303004,304,binary-search,Binary Search,easy,search interval invariant,1,syntax,missing_statement_ending,CODE_HIGHLIGHT,First syntax error should be localized before giving a concept explanation.,200,CODE_HIGHLIGHT,true,SYNTAX_ERROR,False,0,0,49,1061,statement ending,1,
164,ML,3,303004,304,binary-search,Binary Search,easy,search interval invariant,2,planning,unfinished_implementation,GUIDING_QUESTION,Unfinished code should prompt the student to state the next step.,200,GUIDING_QUESTION,true,STUCK_NO_PROGRESS,True,0,3,257,1249,unfinished implementation,2,
165,ML,3,303004,304,binary-search,Binary Search,easy,search interval invariant,3,first_conceptual_error,wrong_loop_boundary_first,CODE_HIGHLIGHT,First substantial mistake should receive the least sufficient intervention.,200,CODE_HIGHLIGHT,true,WRONG_LOOP_BOUNDARY,True,1,2,258,1625,binary search loop boundary,1,
166,ML,3,303004,304,binary-search,Binary Search,easy,search interval invariant,4,repeated_conceptual_error,wrong_loop_boundary_repeat,CONCEPTUAL_HINT,Repeated mistake should move from location cue to conceptual support.,200,CONCEPTUAL_HINT,true,WRONG_LOOP_BOUNDARY,True,1,2,268,2788,binary search loop boundary,1,
167,ML,3,303004,304,binary-search,Binary Search,easy,search interval invariant,5,partial_logic,partial_but_compiling,CONCEPTUAL_HINT,Compiling but incomplete logic should receive a compact conceptual nudge.,200,CONCEPTUAL_HINT,true,UNKNOWN,True,1,2,256,2175,logic block,1,
168,ML,3,303004,304,binary-search,Binary Search,easy,search interval invariant,6,local_completion,locally_complete,NO_FEEDBACK,Locally complete state should not be interrupted.,200,NO_FEEDBACK,true,UNKNOWN,True,3,0,265,1213,logic block,1,
169,ML,3,303005,305,merge-sorted-array,Merge Sorted Array,easy,array index management,1,syntax,missing_statement_ending,CODE_HIGHLIGHT,First syntax error should be localized before giving a concept explanation.,200,CODE_HIGHLIGHT,true,SYNTAX_ERROR,False,0,0,50,994,statement ending,1,
170,ML,3,303005,305,merge-sorted-array,Merge Sorted Array,easy,array index management,2,planning,unfinished_implementation,GUIDING_QUESTION,Unfinished code should prompt the student to state the next step.,200,GUIDING_QUESTION,true,STUCK_NO_PROGRESS,True,0,3,256,1421,unfinished implementation,2,
171,ML,3,303005,305,merge-sorted-array,Merge Sorted Array,easy,array index management,3,first_conceptual_error,off_by_one_first,CODE_HIGHLIGHT,First substantial mistake should receive the least sufficient intervention.,200,CODE_HIGHLIGHT,true,OFF_BY_ONE,True,1,2,263,983,for loop condition,1,
172,ML,3,303005,305,merge-sorted-array,Merge Sorted Array,easy,array index management,4,repeated_conceptual_error,off_by_one_repeat,CONCEPTUAL_HINT,Repeated mistake should move from location cue to conceptual support.,200,CONCEPTUAL_HINT,true,OFF_BY_ONE,True,1,2,291,2294,for loop condition,1,
173,ML,3,303005,305,merge-sorted-array,Merge Sorted Array,easy,array index management,5,partial_logic,partial_but_compiling,CONCEPTUAL_HINT,Compiling but incomplete logic should receive a compact conceptual nudge.,200,CONCEPTUAL_HINT,true,UNKNOWN,True,1,2,272,1499,logic block,1,
174,ML,3,303005,305,merge-sorted-array,Merge Sorted Array,easy,array index management,6,local_completion,locally_complete,NO_FEEDBACK,Locally complete state should not be interrupted.,200,NO_FEEDBACK,true,UNKNOWN,True,3,0,268,2261,logic block,1,
175,ML,3,303006,306,trapping-rain-water,Trapping Rain Water,hard,two pointers and running maxima,1,syntax,missing_statement_ending,CODE_HIGHLIGHT,First syntax error should be localized before giving a concept explanation.,200,CODE_HIGHLIGHT,true,SYNTAX_ERROR,False,0,0,51,1109,statement ending,1,
176,ML,3,303006,306,trapping-rain-water,Trapping Rain Water,hard,two pointers and running maxima,2,planning,unfinished_implementation,GUIDING_QUESTION,Unfinished code should prompt the student to state the next step.,200,GUIDING_QUESTION,true,STUCK_NO_PROGRESS,True,0,3,258,2031,unfinished implementation,2,
177,ML,3,303006,306,trapping-rain-water,Trapping Rain Water,hard,two pointers and running maxima,3,first_conceptual_error,wrong_condition_first,CONCEPTUAL_HINT,First substantial mistake should receive the least sufficient intervention.,200,CONCEPTUAL_HINT,true,WRONG_CONDITION,True,1,2,263,1203,while condition,1,
178,ML,3,303006,306,trapping-rain-water,Trapping Rain Water,hard,two pointers and running maxima,4,repeated_conceptual_error,wrong_condition_repeat,CONCEPTUAL_HINT,Repeated mistake should move from location cue to conceptual support.,200,CONCEPTUAL_HINT,true,WRONG_CONDITION,True,1,2,258,1606,while condition,1,
179,ML,3,303006,306,trapping-rain-water,Trapping Rain Water,hard,two pointers and running maxima,5,partial_logic,partial_but_compiling,CONCEPTUAL_HINT,Compiling but incomplete logic should receive a compact conceptual nudge.,200,CONCEPTUAL_HINT,true,UNKNOWN,True,1,2,259,1759,logic block,1,
180,ML,3,303006,306,trapping-rain-water,Trapping Rain Water,hard,two pointers and running maxima,6,local_completion,locally_complete,NO_FEEDBACK,Locally complete state should not be interrupted.,200,NO_FEEDBACK,true,UNKNOWN,True,3,0,260,1170,logic block,1,
181,ML,3,303007,307,lru-cache,LRU Cache,medium,state update and eviction policy,1,syntax,missing_statement_ending,CODE_HIGHLIGHT,First syntax error should be localized before giving a concept explanation.,200,CODE_HIGHLIGHT,true,SYNTAX_ERROR,False,0,0,50,1480,statement ending,1,
182,ML,3,303007,307,lru-cache,LRU Cache,medium,state update and eviction policy,2,planning,unfinished_implementation,GUIDING_QUESTION,Unfinished code should prompt the student to state the next step.,200,GUIDING_QUESTION,true,STUCK_NO_PROGRESS,True,0,3,256,1108,unfinished implementation,2,
183,ML,3,303007,307,lru-cache,LRU Cache,medium,state update and eviction policy,3,first_conceptual_error,unknown_logic_first,CONCEPTUAL_HINT,First substantial mistake should receive the least sufficient intervention.,200,NO_FEEDBACK,false,UNKNOWN,True,3,0,258,1557,logic block,1,
184,ML,3,303007,307,lru-cache,LRU Cache,medium,state update and eviction policy,4,repeated_conceptual_error,unknown_logic_repeat,CONCEPTUAL_HINT,Repeated mistake should move from location cue to conceptual support.,200,NO_FEEDBACK,false,UNKNOWN,True,3,0,255,1229,logic block,1,
185,ML,3,303007,307,lru-cache,LRU Cache,medium,state update and eviction policy,5,partial_logic,partial_but_compiling,CONCEPTUAL_HINT,Compiling but incomplete logic should receive a compact conceptual nudge.,200,CONCEPTUAL_HINT,true,UNKNOWN,True,1,2,265,1439,logic block,1,
186,ML,3,303007,307,lru-cache,LRU Cache,medium,state update and eviction policy,6,local_completion,locally_complete,NO_FEEDBACK,Locally complete state should not be interrupted.,200,CONCEPTUAL_HINT,false,UNKNOWN,True,3,0,263,1358,logic block,1,
187,ML,3,303008,308,longest-substring,Longest Substring Without Repeating Characters,medium,sliding window invariant,1,syntax,missing_statement_ending,CODE_HIGHLIGHT,First syntax error should be localized before giving a concept explanation.,200,CODE_HIGHLIGHT,true,SYNTAX_ERROR,False,0,0,53,965,statement ending,1,
188,ML,3,303008,308,longest-substring,Longest Substring Without Repeating Characters,medium,sliding window invariant,2,planning,unfinished_implementation,GUIDING_QUESTION,Unfinished code should prompt the student to state the next step.,200,GUIDING_QUESTION,true,STUCK_NO_PROGRESS,True,0,3,280,2009,unfinished implementation,2,
189,ML,3,303008,308,longest-substring,Longest Substring Without Repeating Characters,medium,sliding window invariant,3,first_conceptual_error,off_by_one_first,CODE_HIGHLIGHT,First substantial mistake should receive the least sufficient intervention.,200,CODE_HIGHLIGHT,true,OFF_BY_ONE,True,1,2,264,1312,for loop condition,1,
190,ML,3,303008,308,longest-substring,Longest Substring Without Repeating Characters,medium,sliding window invariant,4,repeated_conceptual_error,off_by_one_repeat,CONCEPTUAL_HINT,Repeated mistake should move from location cue to conceptual support.,200,CONCEPTUAL_HINT,true,OFF_BY_ONE,True,1,2,266,1265,for loop condition,1,
191,ML,3,303008,308,longest-substring,Longest Substring Without Repeating Characters,medium,sliding window invariant,5,partial_logic,partial_but_compiling,CONCEPTUAL_HINT,Compiling but incomplete logic should receive a compact conceptual nudge.,200,CONCEPTUAL_HINT,true,UNKNOWN,True,1,2,266,1066,logic block,1,
192,ML,3,303008,308,longest-substring,Longest Substring Without Repeating Characters,medium,sliding window invariant,6,local_completion,locally_complete,NO_FEEDBACK,Locally complete state should not be interrupted.,200,NO_FEEDBACK,true,UNKNOWN,True,3,0,266,1629,logic block,1,
193,ML,3,303009,309,reverse-linked-list,Reverse Linked List,easy,pointer update order,1,syntax,missing_statement_ending,CODE_HIGHLIGHT,First syntax error should be localized before giving a concept explanation.,200,CODE_HIGHLIGHT,true,SYNTAX_ERROR,False,0,0,53,1018,statement ending,1,
194,ML,3,303009,309,reverse-linked-list,Reverse Linked List,easy,pointer update order,2,planning,unfinished_implementation,GUIDING_QUESTION,Unfinished code should prompt the student to state the next step.,200,GUIDING_QUESTION,true,STUCK_NO_PROGRESS,True,0,3,262,1693,unfinished implementation,2,
195,ML,3,303009,309,reverse-linked-list,Reverse Linked List,easy,pointer update order,3,first_conceptual_error,wrong_condition_first,CONCEPTUAL_HINT,First substantial mistake should receive the least sufficient intervention.,200,CONCEPTUAL_HINT,true,WRONG_CONDITION,True,1,2,263,1432,while condition,1,
196,ML,3,303009,309,reverse-linked-list,Reverse Linked List,easy,pointer update order,4,repeated_conceptual_error,wrong_condition_repeat,CONCEPTUAL_HINT,Repeated mistake should move from location cue to conceptual support.,200,CONCEPTUAL_HINT,true,WRONG_CONDITION,True,1,2,253,1708,while condition,1,
197,ML,3,303009,309,reverse-linked-list,Reverse Linked List,easy,pointer update order,5,partial_logic,partial_but_compiling,CONCEPTUAL_HINT,Compiling but incomplete logic should receive a compact conceptual nudge.,200,CONCEPTUAL_HINT,true,UNKNOWN,True,1,2,254,2005,logic block,1,
198,ML,3,303009,309,reverse-linked-list,Reverse Linked List,easy,pointer update order,6,local_completion,locally_complete,NO_FEEDBACK,Locally complete state should not be interrupted.,200,NO_FEEDBACK,true,UNKNOWN,True,3,0,262,1633,logic block,1,
199,ML,3,303010,310,matrix-diagonal-sum,Matrix Diagonal Sum,easy,nested indexing and double counting,1,syntax,missing_statement_ending,CODE_HIGHLIGHT,First syntax error should be localized before giving a concept explanation.,200,CODE_HIGHLIGHT,true,SYNTAX_ERROR,False,0,0,50,1922,statement ending,1,
200,ML,3,303010,310,matrix-diagonal-sum,Matrix Diagonal Sum,easy,nested indexing and double counting,2,planning,unfinished_implementation,GUIDING_QUESTION,Unfinished code should prompt the student to state the next step.,200,GUIDING_QUESTION,true,STUCK_NO_PROGRESS,True,0,3,272,1564,unfinished implementation,2,
201,ML,3,303010,310,matrix-diagonal-sum,Matrix Diagonal Sum,easy,nested indexing and double counting,3,first_conceptual_error,off_by_one_first,CODE_HIGHLIGHT,First substantial mistake should receive the least sufficient intervention.,200,CODE_HIGHLIGHT,true,OFF_BY_ONE,True,1,2,261,2116,for loop condition,1,
202,ML,3,303010,310,matrix-diagonal-sum,Matrix Diagonal Sum,easy,nested indexing and double counting,4,repeated_conceptual_error,off_by_one_repeat,CONCEPTUAL_HINT,Repeated mistake should move from location cue to conceptual support.,200,CONCEPTUAL_HINT,true,OFF_BY_ONE,True,1,2,264,3008,for loop condition,1,
203,ML,3,303010,310,matrix-diagonal-sum,Matrix Diagonal Sum,easy,nested indexing and double counting,5,partial_logic,partial_but_compiling,CONCEPTUAL_HINT,Compiling but incomplete logic should receive a compact conceptual nudge.,200,CONCEPTUAL_HINT,true,UNKNOWN,True,1,2,270,1358,logic block,1,
204,ML,3,303010,310,matrix-diagonal-sum,Matrix Diagonal Sum,easy,nested indexing and double counting,6,local_completion,locally_complete,NO_FEEDBACK,Locally complete state should not be interrupted.,200,NO_FEEDBACK,true,UNKNOWN,True,3,0,259,1331,logic block,1,
205,ML,3,303011,311,roman-to-integer,Roman to Integer,easy,lookahead condition,1,syntax,missing_statement_ending,CODE_HIGHLIGHT,First syntax error should be localized before giving a concept explanation.,200,CODE_HIGHLIGHT,true,SYNTAX_ERROR,False,0,0,50,1132,statement ending,1,
206,ML,3,303011,311,roman-to-integer,Roman to Integer,easy,lookahead condition,2,planning,unfinished_implementation,GUIDING_QUESTION,Unfinished code should prompt the student to state the next step.,200,GUIDING_QUESTION,true,STUCK_NO_PROGRESS,True,0,3,259,1595,unfinished implementation,2,
207,ML,3,303011,311,roman-to-integer,Roman to Integer,easy,lookahead condition,3,first_conceptual_error,off_by_one_first,CODE_HIGHLIGHT,First substantial mistake should receive the least sufficient intervention.,200,CODE_HIGHLIGHT,true,OFF_BY_ONE,True,1,2,264,1212,for loop condition,1,
208,ML,3,303011,311,roman-to-integer,Roman to Integer,easy,lookahead condition,4,repeated_conceptual_error,off_by_one_repeat,CONCEPTUAL_HINT,Repeated mistake should move from location cue to conceptual support.,200,CONCEPTUAL_HINT,true,OFF_BY_ONE,True,1,2,311,1486,for loop condition,1,
209,ML,3,303011,311,roman-to-integer,Roman to Integer,easy,lookahead condition,5,partial_logic,partial_but_compiling,CONCEPTUAL_HINT,Compiling but incomplete logic should receive a compact conceptual nudge.,200,CONCEPTUAL_HINT,true,UNKNOWN,True,1,2,261,989,logic block,1,
210,ML,3,303011,311,roman-to-integer,Roman to Integer,easy,lookahead condition,6,local_completion,locally_complete,NO_FEEDBACK,Locally complete state should not be interrupted.,200,NO_FEEDBACK,true,UNKNOWN,True,3,0,279,1636,logic block,1,
211,ML,3,303012,312,climbing-stairs,Climbing Stairs,easy,base cases and recurrence,1,syntax,missing_statement_ending,CODE_HIGHLIGHT,First syntax error should be localized before giving a concept explanation.,200,CODE_HIGHLIGHT,true,SYNTAX_ERROR,False,0,0,56,936,statement ending,1,
212,ML,3,303012,312,climbing-stairs,Climbing Stairs,easy,base cases and recurrence,2,planning,unfinished_implementation,GUIDING_QUESTION,Unfinished code should prompt the student to state the next step.,200,GUIDING_QUESTION,true,STUCK_NO_PROGRESS,True,0,3,278,2079,unfinished implementation,2,
213,ML,3,303012,312,climbing-stairs,Climbing Stairs,easy,base cases and recurrence,3,first_conceptual_error,wrong_condition_first,CONCEPTUAL_HINT,First substantial mistake should receive the least sufficient intervention.,200,CONCEPTUAL_HINT,true,WRONG_CONDITION,True,1,2,267,2507,while condition,1,
214,ML,3,303012,312,climbing-stairs,Climbing Stairs,easy,base cases and recurrence,4,repeated_conceptual_error,wrong_condition_repeat,CONCEPTUAL_HINT,Repeated mistake should move from location cue to conceptual support.,200,CONCEPTUAL_HINT,true,WRONG_CONDITION,True,1,2,271,2707,while condition,1,
215,ML,3,303012,312,climbing-stairs,Climbing Stairs,easy,base cases and recurrence,5,partial_logic,partial_but_compiling,CONCEPTUAL_HINT,Compiling but incomplete logic should receive a compact conceptual nudge.,200,CONCEPTUAL_HINT,true,UNKNOWN,True,1,2,265,1602,logic block,1,
216,ML,3,303012,312,climbing-stairs,Climbing Stairs,easy,base cases and recurrence,6,local_completion,locally_complete,NO_FEEDBACK,Locally complete state should not be interrupted.,200,CODE_HIGHLIGHT,false,OFF_BY_ONE,True,1,2,260,1598,for loop condition,1,
217,ML,4,304001,301,palindrome,Valid Palindrome,easy,two pointers and string normalization,1,syntax,missing_statement_ending,CODE_HIGHLIGHT,First syntax error should be localized before giving a concept explanation.,200,CODE_HIGHLIGHT,true,SYNTAX_ERROR,False,0,0,59,916,statement ending,1,
218,ML,4,304001,301,palindrome,Valid Palindrome,easy,two pointers and string normalization,2,planning,unfinished_implementation,GUIDING_QUESTION,Unfinished code should prompt the student to state the next step.,200,GUIDING_QUESTION,true,STUCK_NO_PROGRESS,True,0,3,266,969,unfinished implementation,2,
219,ML,4,304001,301,palindrome,Valid Palindrome,easy,two pointers and string normalization,3,first_conceptual_error,possible_null_access_first,CODE_HIGHLIGHT,First substantial mistake should receive the least sufficient intervention.,200,CODE_HIGHLIGHT,true,POSSIBLE_NULL_ACCESS,True,3,0,271,1370,missing null or empty guard,1,
220,ML,4,304001,301,palindrome,Valid Palindrome,easy,two pointers and string normalization,4,repeated_conceptual_error,possible_null_access_repeat,CONCEPTUAL_HINT,Repeated mistake should move from location cue to conceptual support.,200,CONCEPTUAL_HINT,true,POSSIBLE_NULL_ACCESS,True,3,0,261,1397,missing null or empty guard,1,
221,ML,4,304001,301,palindrome,Valid Palindrome,easy,two pointers and string normalization,5,partial_logic,partial_but_compiling,CONCEPTUAL_HINT,Compiling but incomplete logic should receive a compact conceptual nudge.,200,CONCEPTUAL_HINT,true,UNKNOWN,True,1,2,259,1472,logic block,1,
222,ML,4,304001,301,palindrome,Valid Palindrome,easy,two pointers and string normalization,6,local_completion,locally_complete,NO_FEEDBACK,Locally complete state should not be interrupted.,200,NO_FEEDBACK,true,WRONG_CONDITION,True,3,0,270,866,while condition,1,
223,ML,4,304002,302,two-sum,Two Sum,easy,hash map lookup and pair search,1,syntax,missing_statement_ending,CODE_HIGHLIGHT,First syntax error should be localized before giving a concept explanation.,200,CODE_HIGHLIGHT,true,SYNTAX_ERROR,False,0,0,50,1072,statement ending,1,
224,ML,4,304002,302,two-sum,Two Sum,easy,hash map lookup and pair search,2,planning,unfinished_implementation,GUIDING_QUESTION,Unfinished code should prompt the student to state the next step.,200,GUIDING_QUESTION,true,STUCK_NO_PROGRESS,True,0,3,261,988,unfinished implementation,2,
225,ML,4,304002,302,two-sum,Two Sum,easy,hash map lookup and pair search,3,first_conceptual_error,off_by_one_first,CODE_HIGHLIGHT,First substantial mistake should receive the least sufficient intervention.,200,CODE_HIGHLIGHT,true,OFF_BY_ONE,True,1,2,260,1127,for loop condition,1,
226,ML,4,304002,302,two-sum,Two Sum,easy,hash map lookup and pair search,4,repeated_conceptual_error,off_by_one_repeat,CONCEPTUAL_HINT,Repeated mistake should move from location cue to conceptual support.,200,CONCEPTUAL_HINT,true,OFF_BY_ONE,True,1,2,258,1151,for loop condition,1,
227,ML,4,304002,302,two-sum,Two Sum,easy,hash map lookup and pair search,5,partial_logic,partial_but_compiling,CONCEPTUAL_HINT,Compiling but incomplete logic should receive a compact conceptual nudge.,200,CONCEPTUAL_HINT,true,UNKNOWN,True,1,2,257,1462,logic block,1,
228,ML,4,304002,302,two-sum,Two Sum,easy,hash map lookup and pair search,6,local_completion,locally_complete,NO_FEEDBACK,Locally complete state should not be interrupted.,200,NO_FEEDBACK,true,UNKNOWN,True,3,0,272,1271,logic block,1,
229,ML,4,304003,303,valid-parentheses,Valid Parentheses,easy,stack state and matching brackets,1,syntax,missing_statement_ending,CODE_HIGHLIGHT,First syntax error should be localized before giving a concept explanation.,200,CODE_HIGHLIGHT,true,SYNTAX_ERROR,False,0,0,51,656,statement ending,1,
230,ML,4,304003,303,valid-parentheses,Valid Parentheses,easy,stack state and matching brackets,2,planning,unfinished_implementation,GUIDING_QUESTION,Unfinished code should prompt the student to state the next step.,200,GUIDING_QUESTION,true,STUCK_NO_PROGRESS,True,0,3,263,978,unfinished implementation,2,
231,ML,4,304003,303,valid-parentheses,Valid Parentheses,easy,stack state and matching brackets,3,first_conceptual_error,possible_null_access_first,CODE_HIGHLIGHT,First substantial mistake should receive the least sufficient intervention.,200,NO_FEEDBACK,false,UNKNOWN,True,3,0,255,1065,logic block,1,
232,ML,4,304003,303,valid-parentheses,Valid Parentheses,easy,stack state and matching brackets,4,repeated_conceptual_error,possible_null_access_repeat,CONCEPTUAL_HINT,Repeated mistake should move from location cue to conceptual support.,200,NO_FEEDBACK,false,UNKNOWN,True,3,0,257,1136,logic block,1,
233,ML,4,304003,303,valid-parentheses,Valid Parentheses,easy,stack state and matching brackets,5,partial_logic,partial_but_compiling,CONCEPTUAL_HINT,Compiling but incomplete logic should receive a compact conceptual nudge.,200,CONCEPTUAL_HINT,true,UNKNOWN,True,1,2,261,1097,logic block,1,
234,ML,4,304003,303,valid-parentheses,Valid Parentheses,easy,stack state and matching brackets,6,local_completion,locally_complete,NO_FEEDBACK,Locally complete state should not be interrupted.,200,CONCEPTUAL_HINT,false,UNKNOWN,True,3,0,259,1181,logic block,1,
235,ML,4,304004,304,binary-search,Binary Search,easy,search interval invariant,1,syntax,missing_statement_ending,CODE_HIGHLIGHT,First syntax error should be localized before giving a concept explanation.,200,CODE_HIGHLIGHT,true,SYNTAX_ERROR,False,0,0,51,633,statement ending,1,
236,ML,4,304004,304,binary-search,Binary Search,easy,search interval invariant,2,planning,unfinished_implementation,GUIDING_QUESTION,Unfinished code should prompt the student to state the next step.,200,GUIDING_QUESTION,true,STUCK_NO_PROGRESS,True,0,3,260,1287,unfinished implementation,2,
237,ML,4,304004,304,binary-search,Binary Search,easy,search interval invariant,3,first_conceptual_error,wrong_loop_boundary_first,CODE_HIGHLIGHT,First substantial mistake should receive the least sufficient intervention.,200,CODE_HIGHLIGHT,true,WRONG_LOOP_BOUNDARY,True,1,2,261,1280,binary search loop boundary,1,
238,ML,4,304004,304,binary-search,Binary Search,easy,search interval invariant,4,repeated_conceptual_error,wrong_loop_boundary_repeat,CONCEPTUAL_HINT,Repeated mistake should move from location cue to conceptual support.,200,CONCEPTUAL_HINT,true,WRONG_LOOP_BOUNDARY,True,1,2,256,1279,binary search loop boundary,1,
239,ML,4,304004,304,binary-search,Binary Search,easy,search interval invariant,5,partial_logic,partial_but_compiling,CONCEPTUAL_HINT,Compiling but incomplete logic should receive a compact conceptual nudge.,200,CONCEPTUAL_HINT,true,UNKNOWN,True,1,2,265,1703,logic block,1,
240,ML,4,304004,304,binary-search,Binary Search,easy,search interval invariant,6,local_completion,locally_complete,NO_FEEDBACK,Locally complete state should not be interrupted.,200,NO_FEEDBACK,true,UNKNOWN,True,3,0,267,966,logic block,1,
241,ML,4,304005,305,merge-sorted-array,Merge Sorted Array,easy,array index management,1,syntax,missing_statement_ending,CODE_HIGHLIGHT,First syntax error should be localized before giving a concept explanation.,200,CODE_HIGHLIGHT,true,SYNTAX_ERROR,False,0,0,50,822,statement ending,1,
242,ML,4,304005,305,merge-sorted-array,Merge Sorted Array,easy,array index management,2,planning,unfinished_implementation,GUIDING_QUESTION,Unfinished code should prompt the student to state the next step.,0,,false,,,,,,30010,,2,timed out
243,ML,4,304005,305,merge-sorted-array,Merge Sorted Array,easy,array index management,3,first_conceptual_error,off_by_one_first,CODE_HIGHLIGHT,First substantial mistake should receive the least sufficient intervention.,200,CODE_HIGHLIGHT,true,OFF_BY_ONE,True,1,2,258,1246,for loop condition,1,
244,ML,4,304005,305,merge-sorted-array,Merge Sorted Array,easy,array index management,4,repeated_conceptual_error,off_by_one_repeat,CONCEPTUAL_HINT,Repeated mistake should move from location cue to conceptual support.,200,CONCEPTUAL_HINT,true,OFF_BY_ONE,True,1,2,265,5153,for loop condition,1,
245,ML,4,304005,305,merge-sorted-array,Merge Sorted Array,easy,array index management,5,partial_logic,partial_but_compiling,CONCEPTUAL_HINT,Compiling but incomplete logic should receive a compact conceptual nudge.,200,CONCEPTUAL_HINT,true,UNKNOWN,True,1,2,264,1584,logic block,1,
246,ML,4,304005,305,merge-sorted-array,Merge Sorted Array,easy,array index management,6,local_completion,locally_complete,NO_FEEDBACK,Locally complete state should not be interrupted.,200,NO_FEEDBACK,true,UNKNOWN,True,3,0,264,1102,logic block,1,
247,ML,4,304006,306,trapping-rain-water,Trapping Rain Water,hard,two pointers and running maxima,1,syntax,missing_statement_ending,CODE_HIGHLIGHT,First syntax error should be localized before giving a concept explanation.,200,CODE_HIGHLIGHT,true,SYNTAX_ERROR,False,0,0,48,906,statement ending,1,
248,ML,4,304006,306,trapping-rain-water,Trapping Rain Water,hard,two pointers and running maxima,2,planning,unfinished_implementation,GUIDING_QUESTION,Unfinished code should prompt the student to state the next step.,200,GUIDING_QUESTION,true,STUCK_NO_PROGRESS,True,0,3,256,1270,unfinished implementation,2,
249,ML,4,304006,306,trapping-rain-water,Trapping Rain Water,hard,two pointers and running maxima,3,first_conceptual_error,wrong_condition_first,CONCEPTUAL_HINT,First substantial mistake should receive the least sufficient intervention.,200,CONCEPTUAL_HINT,true,WRONG_CONDITION,True,1,2,263,1020,while condition,1,
250,ML,4,304006,306,trapping-rain-water,Trapping Rain Water,hard,two pointers and running maxima,4,repeated_conceptual_error,wrong_condition_repeat,CONCEPTUAL_HINT,Repeated mistake should move from location cue to conceptual support.,200,CONCEPTUAL_HINT,true,WRONG_CONDITION,True,1,2,261,1323,while condition,1,
251,ML,4,304006,306,trapping-rain-water,Trapping Rain Water,hard,two pointers and running maxima,5,partial_logic,partial_but_compiling,CONCEPTUAL_HINT,Compiling but incomplete logic should receive a compact conceptual nudge.,200,CONCEPTUAL_HINT,true,UNKNOWN,True,1,2,268,1157,logic block,1,
252,ML,4,304006,306,trapping-rain-water,Trapping Rain Water,hard,two pointers and running maxima,6,local_completion,locally_complete,NO_FEEDBACK,Locally complete state should not be interrupted.,200,NO_FEEDBACK,true,UNKNOWN,True,3,0,273,1223,logic block,1,
253,ML,4,304007,307,lru-cache,LRU Cache,medium,state update and eviction policy,1,syntax,missing_statement_ending,CODE_HIGHLIGHT,First syntax error should be localized before giving a concept explanation.,200,CODE_HIGHLIGHT,true,SYNTAX_ERROR,False,0,0,48,903,statement ending,1,
254,ML,4,304007,307,lru-cache,LRU Cache,medium,state update and eviction policy,2,planning,unfinished_implementation,GUIDING_QUESTION,Unfinished code should prompt the student to state the next step.,200,GUIDING_QUESTION,true,STUCK_NO_PROGRESS,True,0,3,264,1565,unfinished implementation,2,
255,ML,4,304007,307,lru-cache,LRU Cache,medium,state update and eviction policy,3,first_conceptual_error,unknown_logic_first,CONCEPTUAL_HINT,First substantial mistake should receive the least sufficient intervention.,200,NO_FEEDBACK,false,UNKNOWN,True,3,0,258,1218,logic block,1,
256,ML,4,304007,307,lru-cache,LRU Cache,medium,state update and eviction policy,4,repeated_conceptual_error,unknown_logic_repeat,CONCEPTUAL_HINT,Repeated mistake should move from location cue to conceptual support.,200,NO_FEEDBACK,false,UNKNOWN,True,3,0,257,1745,logic block,1,
257,ML,4,304007,307,lru-cache,LRU Cache,medium,state update and eviction policy,5,partial_logic,partial_but_compiling,CONCEPTUAL_HINT,Compiling but incomplete logic should receive a compact conceptual nudge.,200,CONCEPTUAL_HINT,true,UNKNOWN,True,1,2,265,1626,logic block,1,
258,ML,4,304007,307,lru-cache,LRU Cache,medium,state update and eviction policy,6,local_completion,locally_complete,NO_FEEDBACK,Locally complete state should not be interrupted.,200,CONCEPTUAL_HINT,false,UNKNOWN,True,3,0,254,1930,logic block,1,
259,ML,4,304008,308,longest-substring,Longest Substring Without Repeating Characters,medium,sliding window invariant,1,syntax,missing_statement_ending,CODE_HIGHLIGHT,First syntax error should be localized before giving a concept explanation.,200,CODE_HIGHLIGHT,true,SYNTAX_ERROR,False,0,0,53,1110,statement ending,1,
260,ML,4,304008,308,longest-substring,Longest Substring Without Repeating Characters,medium,sliding window invariant,2,planning,unfinished_implementation,GUIDING_QUESTION,Unfinished code should prompt the student to state the next step.,200,GUIDING_QUESTION,true,STUCK_NO_PROGRESS,True,0,3,264,969,unfinished implementation,2,
261,ML,4,304008,308,longest-substring,Longest Substring Without Repeating Characters,medium,sliding window invariant,3,first_conceptual_error,off_by_one_first,CODE_HIGHLIGHT,First substantial mistake should receive the least sufficient intervention.,200,CODE_HIGHLIGHT,true,OFF_BY_ONE,True,1,2,258,2196,for loop condition,1,
262,ML,4,304008,308,longest-substring,Longest Substring Without Repeating Characters,medium,sliding window invariant,4,repeated_conceptual_error,off_by_one_repeat,CONCEPTUAL_HINT,Repeated mistake should move from location cue to conceptual support.,200,CONCEPTUAL_HINT,true,OFF_BY_ONE,True,1,2,259,1886,for loop condition,1,
263,ML,4,304008,308,longest-substring,Longest Substring Without Repeating Characters,medium,sliding window invariant,5,partial_logic,partial_but_compiling,CONCEPTUAL_HINT,Compiling but incomplete logic should receive a compact conceptual nudge.,200,CONCEPTUAL_HINT,true,UNKNOWN,True,1,2,270,1018,logic block,1,
264,ML,4,304008,308,longest-substring,Longest Substring Without Repeating Characters,medium,sliding window invariant,6,local_completion,locally_complete,NO_FEEDBACK,Locally complete state should not be interrupted.,200,NO_FEEDBACK,true,UNKNOWN,True,3,0,269,1117,logic block,1,
265,ML,4,304009,309,reverse-linked-list,Reverse Linked List,easy,pointer update order,1,syntax,missing_statement_ending,CODE_HIGHLIGHT,First syntax error should be localized before giving a concept explanation.,200,CODE_HIGHLIGHT,true,SYNTAX_ERROR,False,0,0,50,676,statement ending,1,
266,ML,4,304009,309,reverse-linked-list,Reverse Linked List,easy,pointer update order,2,planning,unfinished_implementation,GUIDING_QUESTION,Unfinished code should prompt the student to state the next step.,200,GUIDING_QUESTION,true,STUCK_NO_PROGRESS,True,0,3,269,1121,unfinished implementation,2,
267,ML,4,304009,309,reverse-linked-list,Reverse Linked List,easy,pointer update order,3,first_conceptual_error,wrong_condition_first,CONCEPTUAL_HINT,First substantial mistake should receive the least sufficient intervention.,200,CONCEPTUAL_HINT,true,WRONG_CONDITION,True,1,2,263,5291,while condition,1,
268,ML,4,304009,309,reverse-linked-list,Reverse Linked List,easy,pointer update order,4,repeated_conceptual_error,wrong_condition_repeat,CONCEPTUAL_HINT,Repeated mistake should move from location cue to conceptual support.,200,CONCEPTUAL_HINT,true,WRONG_CONDITION,True,1,2,261,1853,while condition,1,
269,ML,4,304009,309,reverse-linked-list,Reverse Linked List,easy,pointer update order,5,partial_logic,partial_but_compiling,CONCEPTUAL_HINT,Compiling but incomplete logic should receive a compact conceptual nudge.,200,CONCEPTUAL_HINT,true,UNKNOWN,True,1,2,253,1063,logic block,1,
270,ML,4,304009,309,reverse-linked-list,Reverse Linked List,easy,pointer update order,6,local_completion,locally_complete,NO_FEEDBACK,Locally complete state should not be interrupted.,200,NO_FEEDBACK,true,UNKNOWN,True,3,0,267,1388,logic block,1,
271,ML,4,304010,310,matrix-diagonal-sum,Matrix Diagonal Sum,easy,nested indexing and double counting,1,syntax,missing_statement_ending,CODE_HIGHLIGHT,First syntax error should be localized before giving a concept explanation.,200,CODE_HIGHLIGHT,true,SYNTAX_ERROR,False,0,0,50,1378,statement ending,1,
272,ML,4,304010,310,matrix-diagonal-sum,Matrix Diagonal Sum,easy,nested indexing and double counting,2,planning,unfinished_implementation,GUIDING_QUESTION,Unfinished code should prompt the student to state the next step.,200,GUIDING_QUESTION,true,STUCK_NO_PROGRESS,True,0,3,290,1315,unfinished implementation,2,
273,ML,4,304010,310,matrix-diagonal-sum,Matrix Diagonal Sum,easy,nested indexing and double counting,3,first_conceptual_error,off_by_one_first,CODE_HIGHLIGHT,First substantial mistake should receive the least sufficient intervention.,200,CODE_HIGHLIGHT,true,OFF_BY_ONE,True,1,2,265,1421,for loop condition,1,
274,ML,4,304010,310,matrix-diagonal-sum,Matrix Diagonal Sum,easy,nested indexing and double counting,4,repeated_conceptual_error,off_by_one_repeat,CONCEPTUAL_HINT,Repeated mistake should move from location cue to conceptual support.,200,CONCEPTUAL_HINT,true,OFF_BY_ONE,True,1,2,274,1091,for loop condition,1,
275,ML,4,304010,310,matrix-diagonal-sum,Matrix Diagonal Sum,easy,nested indexing and double counting,5,partial_logic,partial_but_compiling,CONCEPTUAL_HINT,Compiling but incomplete logic should receive a compact conceptual nudge.,200,CONCEPTUAL_HINT,true,UNKNOWN,True,1,2,262,1327,logic block,1,
276,ML,4,304010,310,matrix-diagonal-sum,Matrix Diagonal Sum,easy,nested indexing and double counting,6,local_completion,locally_complete,NO_FEEDBACK,Locally complete state should not be interrupted.,200,NO_FEEDBACK,true,UNKNOWN,True,3,0,255,836,logic block,1,
277,ML,4,304011,311,roman-to-integer,Roman to Integer,easy,lookahead condition,1,syntax,missing_statement_ending,CODE_HIGHLIGHT,First syntax error should be localized before giving a concept explanation.,200,CODE_HIGHLIGHT,true,SYNTAX_ERROR,False,0,0,53,1037,statement ending,1,
278,ML,4,304011,311,roman-to-integer,Roman to Integer,easy,lookahead condition,2,planning,unfinished_implementation,GUIDING_QUESTION,Unfinished code should prompt the student to state the next step.,200,GUIDING_QUESTION,true,STUCK_NO_PROGRESS,True,0,3,264,1411,unfinished implementation,2,
279,ML,4,304011,311,roman-to-integer,Roman to Integer,easy,lookahead condition,3,first_conceptual_error,off_by_one_first,CODE_HIGHLIGHT,First substantial mistake should receive the least sufficient intervention.,200,CODE_HIGHLIGHT,true,OFF_BY_ONE,True,1,2,280,1496,for loop condition,1,
280,ML,4,304011,311,roman-to-integer,Roman to Integer,easy,lookahead condition,4,repeated_conceptual_error,off_by_one_repeat,CONCEPTUAL_HINT,Repeated mistake should move from location cue to conceptual support.,200,CONCEPTUAL_HINT,true,OFF_BY_ONE,True,1,2,259,1206,for loop condition,1,
281,ML,4,304011,311,roman-to-integer,Roman to Integer,easy,lookahead condition,5,partial_logic,partial_but_compiling,CONCEPTUAL_HINT,Compiling but incomplete logic should receive a compact conceptual nudge.,200,CONCEPTUAL_HINT,true,UNKNOWN,True,1,2,269,1264,logic block,1,
282,ML,4,304011,311,roman-to-integer,Roman to Integer,easy,lookahead condition,6,local_completion,locally_complete,NO_FEEDBACK,Locally complete state should not be interrupted.,200,NO_FEEDBACK,true,UNKNOWN,True,3,0,269,1385,logic block,1,
283,ML,4,304012,312,climbing-stairs,Climbing Stairs,easy,base cases and recurrence,1,syntax,missing_statement_ending,CODE_HIGHLIGHT,First syntax error should be localized before giving a concept explanation.,200,CODE_HIGHLIGHT,true,SYNTAX_ERROR,False,0,0,51,974,statement ending,1,
284,ML,4,304012,312,climbing-stairs,Climbing Stairs,easy,base cases and recurrence,2,planning,unfinished_implementation,GUIDING_QUESTION,Unfinished code should prompt the student to state the next step.,200,GUIDING_QUESTION,true,STUCK_NO_PROGRESS,True,0,3,261,1350,unfinished implementation,2,
285,ML,4,304012,312,climbing-stairs,Climbing Stairs,easy,base cases and recurrence,3,first_conceptual_error,wrong_condition_first,CONCEPTUAL_HINT,First substantial mistake should receive the least sufficient intervention.,200,CONCEPTUAL_HINT,true,WRONG_CONDITION,True,1,2,261,1234,while condition,1,
286,ML,4,304012,312,climbing-stairs,Climbing Stairs,easy,base cases and recurrence,4,repeated_conceptual_error,wrong_condition_repeat,CONCEPTUAL_HINT,Repeated mistake should move from location cue to conceptual support.,200,CONCEPTUAL_HINT,true,WRONG_CONDITION,True,1,2,261,2656,while condition,1,
287,ML,4,304012,312,climbing-stairs,Climbing Stairs,easy,base cases and recurrence,5,partial_logic,partial_but_compiling,CONCEPTUAL_HINT,Compiling but incomplete logic should receive a compact conceptual nudge.,200,CONCEPTUAL_HINT,true,UNKNOWN,True,1,2,271,1251,logic block,1,
288,ML,4,304012,312,climbing-stairs,Climbing Stairs,easy,base cases and recurrence,6,local_completion,locally_complete,NO_FEEDBACK,Locally complete state should not be interrupted.,200,CODE_HIGHLIGHT,false,OFF_BY_ONE,True,1,2,260,9344,for loop condition,1,
289,ML,5,305001,301,palindrome,Valid Palindrome,easy,two pointers and string normalization,1,syntax,missing_statement_ending,CODE_HIGHLIGHT,First syntax error should be localized before giving a concept explanation.,200,CODE_HIGHLIGHT,true,SYNTAX_ERROR,False,0,0,50,2311,statement ending,1,
290,ML,5,305001,301,palindrome,Valid Palindrome,easy,two pointers and string normalization,2,planning,unfinished_implementation,GUIDING_QUESTION,Unfinished code should prompt the student to state the next step.,200,GUIDING_QUESTION,true,STUCK_NO_PROGRESS,True,0,3,261,1404,unfinished implementation,2,
291,ML,5,305001,301,palindrome,Valid Palindrome,easy,two pointers and string normalization,3,first_conceptual_error,possible_null_access_first,CODE_HIGHLIGHT,First substantial mistake should receive the least sufficient intervention.,200,CODE_HIGHLIGHT,true,POSSIBLE_NULL_ACCESS,True,3,0,277,1317,missing null or empty guard,1,
292,ML,5,305001,301,palindrome,Valid Palindrome,easy,two pointers and string normalization,4,repeated_conceptual_error,possible_null_access_repeat,CONCEPTUAL_HINT,Repeated mistake should move from location cue to conceptual support.,200,CONCEPTUAL_HINT,true,POSSIBLE_NULL_ACCESS,True,3,0,304,2189,missing null or empty guard,1,
293,ML,5,305001,301,palindrome,Valid Palindrome,easy,two pointers and string normalization,5,partial_logic,partial_but_compiling,CONCEPTUAL_HINT,Compiling but incomplete logic should receive a compact conceptual nudge.,200,CONCEPTUAL_HINT,true,UNKNOWN,True,1,2,262,1387,logic block,1,
294,ML,5,305001,301,palindrome,Valid Palindrome,easy,two pointers and string normalization,6,local_completion,locally_complete,NO_FEEDBACK,Locally complete state should not be interrupted.,200,NO_FEEDBACK,true,WRONG_CONDITION,True,3,0,276,1173,while condition,1,
295,ML,5,305002,302,two-sum,Two Sum,easy,hash map lookup and pair search,1,syntax,missing_statement_ending,CODE_HIGHLIGHT,First syntax error should be localized before giving a concept explanation.,200,CODE_HIGHLIGHT,true,SYNTAX_ERROR,False,0,0,51,1427,statement ending,1,
296,ML,5,305002,302,two-sum,Two Sum,easy,hash map lookup and pair search,2,planning,unfinished_implementation,GUIDING_QUESTION,Unfinished code should prompt the student to state the next step.,200,GUIDING_QUESTION,true,STUCK_NO_PROGRESS,True,0,3,293,1154,unfinished implementation,2,
297,ML,5,305002,302,two-sum,Two Sum,easy,hash map lookup and pair search,3,first_conceptual_error,off_by_one_first,CODE_HIGHLIGHT,First substantial mistake should receive the least sufficient intervention.,200,CODE_HIGHLIGHT,true,OFF_BY_ONE,True,1,2,268,1044,for loop condition,1,
298,ML,5,305002,302,two-sum,Two Sum,easy,hash map lookup and pair search,4,repeated_conceptual_error,off_by_one_repeat,CONCEPTUAL_HINT,Repeated mistake should move from location cue to conceptual support.,200,CONCEPTUAL_HINT,true,OFF_BY_ONE,True,1,2,284,1122,for loop condition,1,
299,ML,5,305002,302,two-sum,Two Sum,easy,hash map lookup and pair search,5,partial_logic,partial_but_compiling,CONCEPTUAL_HINT,Compiling but incomplete logic should receive a compact conceptual nudge.,200,CONCEPTUAL_HINT,true,UNKNOWN,True,1,2,266,1365,logic block,1,
300,ML,5,305002,302,two-sum,Two Sum,easy,hash map lookup and pair search,6,local_completion,locally_complete,NO_FEEDBACK,Locally complete state should not be interrupted.,200,NO_FEEDBACK,true,UNKNOWN,True,3,0,254,1149,logic block,1,
301,ML,5,305003,303,valid-parentheses,Valid Parentheses,easy,stack state and matching brackets,1,syntax,missing_statement_ending,CODE_HIGHLIGHT,First syntax error should be localized before giving a concept explanation.,200,CODE_HIGHLIGHT,true,SYNTAX_ERROR,False,0,0,50,970,statement ending,1,
302,ML,5,305003,303,valid-parentheses,Valid Parentheses,easy,stack state and matching brackets,2,planning,unfinished_implementation,GUIDING_QUESTION,Unfinished code should prompt the student to state the next step.,200,GUIDING_QUESTION,true,STUCK_NO_PROGRESS,True,0,3,266,1507,unfinished implementation,2,
303,ML,5,305003,303,valid-parentheses,Valid Parentheses,easy,stack state and matching brackets,3,first_conceptual_error,possible_null_access_first,CODE_HIGHLIGHT,First substantial mistake should receive the least sufficient intervention.,200,NO_FEEDBACK,false,UNKNOWN,True,3,0,256,1290,logic block,1,
304,ML,5,305003,303,valid-parentheses,Valid Parentheses,easy,stack state and matching brackets,4,repeated_conceptual_error,possible_null_access_repeat,CONCEPTUAL_HINT,Repeated mistake should move from location cue to conceptual support.,200,NO_FEEDBACK,false,UNKNOWN,True,3,0,259,1725,logic block,1,
305,ML,5,305003,303,valid-parentheses,Valid Parentheses,easy,stack state and matching brackets,5,partial_logic,partial_but_compiling,CONCEPTUAL_HINT,Compiling but incomplete logic should receive a compact conceptual nudge.,200,CONCEPTUAL_HINT,true,UNKNOWN,True,1,2,261,1149,logic block,1,
306,ML,5,305003,303,valid-parentheses,Valid Parentheses,easy,stack state and matching brackets,6,local_completion,locally_complete,NO_FEEDBACK,Locally complete state should not be interrupted.,200,CONCEPTUAL_HINT,false,UNKNOWN,True,3,0,253,1230,logic block,1,
307,ML,5,305004,304,binary-search,Binary Search,easy,search interval invariant,1,syntax,missing_statement_ending,CODE_HIGHLIGHT,First syntax error should be localized before giving a concept explanation.,200,CODE_HIGHLIGHT,true,SYNTAX_ERROR,False,0,0,52,2966,statement ending,1,
308,ML,5,305004,304,binary-search,Binary Search,easy,search interval invariant,2,planning,unfinished_implementation,GUIDING_QUESTION,Unfinished code should prompt the student to state the next step.,200,GUIDING_QUESTION,true,STUCK_NO_PROGRESS,True,0,3,262,2047,unfinished implementation,2,
309,ML,5,305004,304,binary-search,Binary Search,easy,search interval invariant,3,first_conceptual_error,wrong_loop_boundary_first,CODE_HIGHLIGHT,First substantial mistake should receive the least sufficient intervention.,200,CODE_HIGHLIGHT,true,WRONG_LOOP_BOUNDARY,True,1,2,270,1038,binary search loop boundary,1,
310,ML,5,305004,304,binary-search,Binary Search,easy,search interval invariant,4,repeated_conceptual_error,wrong_loop_boundary_repeat,CONCEPTUAL_HINT,Repeated mistake should move from location cue to conceptual support.,200,CONCEPTUAL_HINT,true,WRONG_LOOP_BOUNDARY,True,1,2,264,1029,binary search loop boundary,1,
311,ML,5,305004,304,binary-search,Binary Search,easy,search interval invariant,5,partial_logic,partial_but_compiling,CONCEPTUAL_HINT,Compiling but incomplete logic should receive a compact conceptual nudge.,200,CONCEPTUAL_HINT,true,UNKNOWN,True,1,2,270,1955,logic block,1,
312,ML,5,305004,304,binary-search,Binary Search,easy,search interval invariant,6,local_completion,locally_complete,NO_FEEDBACK,Locally complete state should not be interrupted.,200,NO_FEEDBACK,true,UNKNOWN,True,3,0,263,1442,logic block,1,
313,ML,5,305005,305,merge-sorted-array,Merge Sorted Array,easy,array index management,1,syntax,missing_statement_ending,CODE_HIGHLIGHT,First syntax error should be localized before giving a concept explanation.,0,,false,,,,,,30032,,1,timed out
314,ML,5,305005,305,merge-sorted-array,Merge Sorted Array,easy,array index management,2,planning,unfinished_implementation,GUIDING_QUESTION,Unfinished code should prompt the student to state the next step.,200,GUIDING_QUESTION,true,STUCK_NO_PROGRESS,True,0,3,273,1541,unfinished implementation,2,
315,ML,5,305005,305,merge-sorted-array,Merge Sorted Array,easy,array index management,3,first_conceptual_error,off_by_one_first,CODE_HIGHLIGHT,First substantial mistake should receive the least sufficient intervention.,200,CODE_HIGHLIGHT,true,OFF_BY_ONE,True,1,2,266,1047,for loop condition,1,
316,ML,5,305005,305,merge-sorted-array,Merge Sorted Array,easy,array index management,4,repeated_conceptual_error,off_by_one_repeat,CONCEPTUAL_HINT,Repeated mistake should move from location cue to conceptual support.,200,CONCEPTUAL_HINT,true,OFF_BY_ONE,True,1,2,267,1833,for loop condition,1,
317,ML,5,305005,305,merge-sorted-array,Merge Sorted Array,easy,array index management,5,partial_logic,partial_but_compiling,CONCEPTUAL_HINT,Compiling but incomplete logic should receive a compact conceptual nudge.,200,CONCEPTUAL_HINT,true,UNKNOWN,True,1,2,258,1173,logic block,1,
318,ML,5,305005,305,merge-sorted-array,Merge Sorted Array,easy,array index management,6,local_completion,locally_complete,NO_FEEDBACK,Locally complete state should not be interrupted.,200,NO_FEEDBACK,true,UNKNOWN,True,3,0,253,1032,logic block,1,
319,ML,5,305006,306,trapping-rain-water,Trapping Rain Water,hard,two pointers and running maxima,1,syntax,missing_statement_ending,CODE_HIGHLIGHT,First syntax error should be localized before giving a concept explanation.,200,CODE_HIGHLIGHT,true,SYNTAX_ERROR,False,0,0,50,975,statement ending,1,
320,ML,5,305006,306,trapping-rain-water,Trapping Rain Water,hard,two pointers and running maxima,2,planning,unfinished_implementation,GUIDING_QUESTION,Unfinished code should prompt the student to state the next step.,200,GUIDING_QUESTION,true,STUCK_NO_PROGRESS,True,0,3,260,1279,unfinished implementation,2,
321,ML,5,305006,306,trapping-rain-water,Trapping Rain Water,hard,two pointers and running maxima,3,first_conceptual_error,wrong_condition_first,CONCEPTUAL_HINT,First substantial mistake should receive the least sufficient intervention.,200,CONCEPTUAL_HINT,true,WRONG_CONDITION,True,1,2,258,1180,while condition,1,
322,ML,5,305006,306,trapping-rain-water,Trapping Rain Water,hard,two pointers and running maxima,4,repeated_conceptual_error,wrong_condition_repeat,CONCEPTUAL_HINT,Repeated mistake should move from location cue to conceptual support.,200,CONCEPTUAL_HINT,true,WRONG_CONDITION,True,1,2,263,1165,while condition,1,
323,ML,5,305006,306,trapping-rain-water,Trapping Rain Water,hard,two pointers and running maxima,5,partial_logic,partial_but_compiling,CONCEPTUAL_HINT,Compiling but incomplete logic should receive a compact conceptual nudge.,200,CONCEPTUAL_HINT,true,UNKNOWN,True,1,2,263,1179,logic block,1,
324,ML,5,305006,306,trapping-rain-water,Trapping Rain Water,hard,two pointers and running maxima,6,local_completion,locally_complete,NO_FEEDBACK,Locally complete state should not be interrupted.,200,NO_FEEDBACK,true,UNKNOWN,True,3,0,272,1182,logic block,1,
325,ML,5,305007,307,lru-cache,LRU Cache,medium,state update and eviction policy,1,syntax,missing_statement_ending,CODE_HIGHLIGHT,First syntax error should be localized before giving a concept explanation.,200,CODE_HIGHLIGHT,true,SYNTAX_ERROR,False,0,0,54,877,statement ending,1,
326,ML,5,305007,307,lru-cache,LRU Cache,medium,state update and eviction policy,2,planning,unfinished_implementation,GUIDING_QUESTION,Unfinished code should prompt the student to state the next step.,200,GUIDING_QUESTION,true,STUCK_NO_PROGRESS,True,0,3,266,1271,unfinished implementation,2,
327,ML,5,305007,307,lru-cache,LRU Cache,medium,state update and eviction policy,3,first_conceptual_error,unknown_logic_first,CONCEPTUAL_HINT,First substantial mistake should receive the least sufficient intervention.,200,NO_FEEDBACK,false,UNKNOWN,True,3,0,345,1218,logic block,1,
328,ML,5,305007,307,lru-cache,LRU Cache,medium,state update and eviction policy,4,repeated_conceptual_error,unknown_logic_repeat,CONCEPTUAL_HINT,Repeated mistake should move from location cue to conceptual support.,200,NO_FEEDBACK,false,UNKNOWN,True,3,0,263,1171,logic block,1,
329,ML,5,305007,307,lru-cache,LRU Cache,medium,state update and eviction policy,5,partial_logic,partial_but_compiling,CONCEPTUAL_HINT,Compiling but incomplete logic should receive a compact conceptual nudge.,200,CONCEPTUAL_HINT,true,UNKNOWN,True,1,2,270,1328,logic block,1,
330,ML,5,305007,307,lru-cache,LRU Cache,medium,state update and eviction policy,6,local_completion,locally_complete,NO_FEEDBACK,Locally complete state should not be interrupted.,200,CONCEPTUAL_HINT,false,UNKNOWN,True,3,0,271,1230,logic block,1,
331,ML,5,305008,308,longest-substring,Longest Substring Without Repeating Characters,medium,sliding window invariant,1,syntax,missing_statement_ending,CODE_HIGHLIGHT,First syntax error should be localized before giving a concept explanation.,0,,false,,,,,,30027,,1,timed out
332,ML,5,305008,308,longest-substring,Longest Substring Without Repeating Characters,medium,sliding window invariant,2,planning,unfinished_implementation,GUIDING_QUESTION,Unfinished code should prompt the student to state the next step.,200,GUIDING_QUESTION,true,STUCK_NO_PROGRESS,True,0,3,271,1279,unfinished implementation,2,
333,ML,5,305008,308,longest-substring,Longest Substring Without Repeating Characters,medium,sliding window invariant,3,first_conceptual_error,off_by_one_first,CODE_HIGHLIGHT,First substantial mistake should receive the least sufficient intervention.,200,CODE_HIGHLIGHT,true,OFF_BY_ONE,True,1,2,265,1310,for loop condition,1,
334,ML,5,305008,308,longest-substring,Longest Substring Without Repeating Characters,medium,sliding window invariant,4,repeated_conceptual_error,off_by_one_repeat,CONCEPTUAL_HINT,Repeated mistake should move from location cue to conceptual support.,200,CONCEPTUAL_HINT,true,OFF_BY_ONE,True,1,2,261,1265,for loop condition,1,
335,ML,5,305008,308,longest-substring,Longest Substring Without Repeating Characters,medium,sliding window invariant,5,partial_logic,partial_but_compiling,CONCEPTUAL_HINT,Compiling but incomplete logic should receive a compact conceptual nudge.,200,CONCEPTUAL_HINT,true,UNKNOWN,True,1,2,256,1826,logic block,1,
336,ML,5,305008,308,longest-substring,Longest Substring Without Repeating Characters,medium,sliding window invariant,6,local_completion,locally_complete,NO_FEEDBACK,Locally complete state should not be interrupted.,200,NO_FEEDBACK,true,UNKNOWN,True,3,0,259,1044,logic block,1,
337,ML,5,305009,309,reverse-linked-list,Reverse Linked List,easy,pointer update order,1,syntax,missing_statement_ending,CODE_HIGHLIGHT,First syntax error should be localized before giving a concept explanation.,200,CODE_HIGHLIGHT,true,SYNTAX_ERROR,False,0,0,59,936,statement ending,1,
338,ML,5,305009,309,reverse-linked-list,Reverse Linked List,easy,pointer update order,2,planning,unfinished_implementation,GUIDING_QUESTION,Unfinished code should prompt the student to state the next step.,0,,false,,,,,,30018,,2,timed out
339,ML,5,305009,309,reverse-linked-list,Reverse Linked List,easy,pointer update order,3,first_conceptual_error,wrong_condition_first,CONCEPTUAL_HINT,First substantial mistake should receive the least sufficient intervention.,200,CONCEPTUAL_HINT,true,WRONG_CONDITION,True,1,2,267,1639,while condition,1,
340,ML,5,305009,309,reverse-linked-list,Reverse Linked List,easy,pointer update order,4,repeated_conceptual_error,wrong_condition_repeat,CONCEPTUAL_HINT,Repeated mistake should move from location cue to conceptual support.,200,CONCEPTUAL_HINT,true,WRONG_CONDITION,True,1,2,281,2507,while condition,1,
341,ML,5,305009,309,reverse-linked-list,Reverse Linked List,easy,pointer update order,5,partial_logic,partial_but_compiling,CONCEPTUAL_HINT,Compiling but incomplete logic should receive a compact conceptual nudge.,200,CONCEPTUAL_HINT,true,UNKNOWN,True,1,2,269,1234,logic block,1,
342,ML,5,305009,309,reverse-linked-list,Reverse Linked List,easy,pointer update order,6,local_completion,locally_complete,NO_FEEDBACK,Locally complete state should not be interrupted.,200,NO_FEEDBACK,true,UNKNOWN,True,3,0,256,2429,logic block,1,
343,ML,5,305010,310,matrix-diagonal-sum,Matrix Diagonal Sum,easy,nested indexing and double counting,1,syntax,missing_statement_ending,CODE_HIGHLIGHT,First syntax error should be localized before giving a concept explanation.,200,CODE_HIGHLIGHT,true,SYNTAX_ERROR,False,0,0,50,3476,statement ending,1,
344,ML,5,305010,310,matrix-diagonal-sum,Matrix Diagonal Sum,easy,nested indexing and double counting,2,planning,unfinished_implementation,GUIDING_QUESTION,Unfinished code should prompt the student to state the next step.,0,,false,,,,,,30018,,2,timed out
345,ML,5,305010,310,matrix-diagonal-sum,Matrix Diagonal Sum,easy,nested indexing and double counting,3,first_conceptual_error,off_by_one_first,CODE_HIGHLIGHT,First substantial mistake should receive the least sufficient intervention.,200,CODE_HIGHLIGHT,true,OFF_BY_ONE,True,1,2,370,1358,for loop condition,1,
346,ML,5,305010,310,matrix-diagonal-sum,Matrix Diagonal Sum,easy,nested indexing and double counting,4,repeated_conceptual_error,off_by_one_repeat,CONCEPTUAL_HINT,Repeated mistake should move from location cue to conceptual support.,200,CONCEPTUAL_HINT,true,OFF_BY_ONE,True,1,2,271,1253,for loop condition,1,
347,ML,5,305010,310,matrix-diagonal-sum,Matrix Diagonal Sum,easy,nested indexing and double counting,5,partial_logic,partial_but_compiling,CONCEPTUAL_HINT,Compiling but incomplete logic should receive a compact conceptual nudge.,200,CONCEPTUAL_HINT,true,UNKNOWN,True,1,2,279,1270,logic block,1,
348,ML,5,305010,310,matrix-diagonal-sum,Matrix Diagonal Sum,easy,nested indexing and double counting,6,local_completion,locally_complete,NO_FEEDBACK,Locally complete state should not be interrupted.,200,NO_FEEDBACK,true,UNKNOWN,True,3,0,269,915,logic block,1,
349,ML,5,305011,311,roman-to-integer,Roman to Integer,easy,lookahead condition,1,syntax,missing_statement_ending,CODE_HIGHLIGHT,First syntax error should be localized before giving a concept explanation.,200,CODE_HIGHLIGHT,true,SYNTAX_ERROR,False,0,0,53,762,statement ending,1,
350,ML,5,305011,311,roman-to-integer,Roman to Integer,easy,lookahead condition,2,planning,unfinished_implementation,GUIDING_QUESTION,Unfinished code should prompt the student to state the next step.,200,GUIDING_QUESTION,true,STUCK_NO_PROGRESS,True,0,3,287,1122,unfinished implementation,2,
351,ML,5,305011,311,roman-to-integer,Roman to Integer,easy,lookahead condition,3,first_conceptual_error,off_by_one_first,CODE_HIGHLIGHT,First substantial mistake should receive the least sufficient intervention.,200,CODE_HIGHLIGHT,true,OFF_BY_ONE,True,1,2,285,1280,for loop condition,1,
352,ML,5,305011,311,roman-to-integer,Roman to Integer,easy,lookahead condition,4,repeated_conceptual_error,off_by_one_repeat,CONCEPTUAL_HINT,Repeated mistake should move from location cue to conceptual support.,200,CONCEPTUAL_HINT,true,OFF_BY_ONE,True,1,2,266,963,for loop condition,1,
353,ML,5,305011,311,roman-to-integer,Roman to Integer,easy,lookahead condition,5,partial_logic,partial_but_compiling,CONCEPTUAL_HINT,Compiling but incomplete logic should receive a compact conceptual nudge.,200,CONCEPTUAL_HINT,true,UNKNOWN,True,1,2,271,1257,logic block,1,
354,ML,5,305011,311,roman-to-integer,Roman to Integer,easy,lookahead condition,6,local_completion,locally_complete,NO_FEEDBACK,Locally complete state should not be interrupted.,200,NO_FEEDBACK,true,UNKNOWN,True,3,0,458,1539,logic block,1,
355,ML,5,305012,312,climbing-stairs,Climbing Stairs,easy,base cases and recurrence,1,syntax,missing_statement_ending,CODE_HIGHLIGHT,First syntax error should be localized before giving a concept explanation.,200,CODE_HIGHLIGHT,true,SYNTAX_ERROR,False,0,0,53,924,statement ending,1,
356,ML,5,305012,312,climbing-stairs,Climbing Stairs,easy,base cases and recurrence,2,planning,unfinished_implementation,GUIDING_QUESTION,Unfinished code should prompt the student to state the next step.,200,GUIDING_QUESTION,true,STUCK_NO_PROGRESS,True,0,3,352,1185,unfinished implementation,2,
357,ML,5,305012,312,climbing-stairs,Climbing Stairs,easy,base cases and recurrence,3,first_conceptual_error,wrong_condition_first,CONCEPTUAL_HINT,First substantial mistake should receive the least sufficient intervention.,200,CONCEPTUAL_HINT,true,WRONG_CONDITION,True,1,2,268,1034,while condition,1,
358,ML,5,305012,312,climbing-stairs,Climbing Stairs,easy,base cases and recurrence,4,repeated_conceptual_error,wrong_condition_repeat,CONCEPTUAL_HINT,Repeated mistake should move from location cue to conceptual support.,200,CONCEPTUAL_HINT,true,WRONG_CONDITION,True,1,2,275,1098,while condition,1,
359,ML,5,305012,312,climbing-stairs,Climbing Stairs,easy,base cases and recurrence,5,partial_logic,partial_but_compiling,CONCEPTUAL_HINT,Compiling but incomplete logic should receive a compact conceptual nudge.,200,CONCEPTUAL_HINT,true,UNKNOWN,True,1,2,268,1203,logic block,1,
360,ML,5,305012,312,climbing-stairs,Climbing Stairs,easy,base cases and recurrence,6,local_completion,locally_complete,NO_FEEDBACK,Locally complete state should not be interrupted.,200,CODE_HIGHLIGHT,false,OFF_BY_ONE,True,1,2,282,1280,for loop condition,1,
361,ML,6,306001,301,palindrome,Valid Palindrome,easy,two pointers and string normalization,1,syntax,missing_statement_ending,CODE_HIGHLIGHT,First syntax error should be localized before giving a concept explanation.,200,CODE_HIGHLIGHT,true,SYNTAX_ERROR,False,0,0,55,1481,statement ending,1,
362,ML,6,306001,301,palindrome,Valid Palindrome,easy,two pointers and string normalization,2,planning,unfinished_implementation,GUIDING_QUESTION,Unfinished code should prompt the student to state the next step.,200,GUIDING_QUESTION,true,STUCK_NO_PROGRESS,True,0,3,293,1515,unfinished implementation,2,
363,ML,6,306001,301,palindrome,Valid Palindrome,easy,two pointers and string normalization,3,first_conceptual_error,possible_null_access_first,CODE_HIGHLIGHT,First substantial mistake should receive the least sufficient intervention.,200,CODE_HIGHLIGHT,true,POSSIBLE_NULL_ACCESS,True,3,0,271,3451,missing null or empty guard,1,
364,ML,6,306001,301,palindrome,Valid Palindrome,easy,two pointers and string normalization,4,repeated_conceptual_error,possible_null_access_repeat,CONCEPTUAL_HINT,Repeated mistake should move from location cue to conceptual support.,200,CONCEPTUAL_HINT,true,POSSIBLE_NULL_ACCESS,True,3,0,258,866,missing null or empty guard,1,
365,ML,6,306001,301,palindrome,Valid Palindrome,easy,two pointers and string normalization,5,partial_logic,partial_but_compiling,CONCEPTUAL_HINT,Compiling but incomplete logic should receive a compact conceptual nudge.,200,CONCEPTUAL_HINT,true,UNKNOWN,True,1,2,253,1099,logic block,1,
366,ML,6,306001,301,palindrome,Valid Palindrome,easy,two pointers and string normalization,6,local_completion,locally_complete,NO_FEEDBACK,Locally complete state should not be interrupted.,200,NO_FEEDBACK,true,WRONG_CONDITION,True,3,0,260,1111,while condition,1,
367,ML,6,306002,302,two-sum,Two Sum,easy,hash map lookup and pair search,1,syntax,missing_statement_ending,CODE_HIGHLIGHT,First syntax error should be localized before giving a concept explanation.,200,CODE_HIGHLIGHT,true,SYNTAX_ERROR,False,0,0,53,1094,statement ending,1,
368,ML,6,306002,302,two-sum,Two Sum,easy,hash map lookup and pair search,2,planning,unfinished_implementation,GUIDING_QUESTION,Unfinished code should prompt the student to state the next step.,200,GUIDING_QUESTION,true,STUCK_NO_PROGRESS,True,0,3,261,1150,unfinished implementation,2,
369,ML,6,306002,302,two-sum,Two Sum,easy,hash map lookup and pair search,3,first_conceptual_error,off_by_one_first,CODE_HIGHLIGHT,First substantial mistake should receive the least sufficient intervention.,200,CODE_HIGHLIGHT,true,OFF_BY_ONE,True,1,2,301,1127,for loop condition,1,
370,ML,6,306002,302,two-sum,Two Sum,easy,hash map lookup and pair search,4,repeated_conceptual_error,off_by_one_repeat,CONCEPTUAL_HINT,Repeated mistake should move from location cue to conceptual support.,200,CONCEPTUAL_HINT,true,OFF_BY_ONE,True,1,2,263,1083,for loop condition,1,
371,ML,6,306002,302,two-sum,Two Sum,easy,hash map lookup and pair search,5,partial_logic,partial_but_compiling,CONCEPTUAL_HINT,Compiling but incomplete logic should receive a compact conceptual nudge.,200,CONCEPTUAL_HINT,true,UNKNOWN,True,1,2,252,1250,logic block,1,
372,ML,6,306002,302,two-sum,Two Sum,easy,hash map lookup and pair search,6,local_completion,locally_complete,NO_FEEDBACK,Locally complete state should not be interrupted.,200,NO_FEEDBACK,true,UNKNOWN,True,3,0,258,1201,logic block,1,
373,ML,6,306003,303,valid-parentheses,Valid Parentheses,easy,stack state and matching brackets,1,syntax,missing_statement_ending,CODE_HIGHLIGHT,First syntax error should be localized before giving a concept explanation.,200,CODE_HIGHLIGHT,true,SYNTAX_ERROR,False,0,0,50,1022,statement ending,1,
374,ML,6,306003,303,valid-parentheses,Valid Parentheses,easy,stack state and matching brackets,2,planning,unfinished_implementation,GUIDING_QUESTION,Unfinished code should prompt the student to state the next step.,200,GUIDING_QUESTION,true,STUCK_NO_PROGRESS,True,0,3,260,987,unfinished implementation,2,
375,ML,6,306003,303,valid-parentheses,Valid Parentheses,easy,stack state and matching brackets,3,first_conceptual_error,possible_null_access_first,CODE_HIGHLIGHT,First substantial mistake should receive the least sufficient intervention.,200,NO_FEEDBACK,false,UNKNOWN,True,3,0,257,1607,logic block,1,
376,ML,6,306003,303,valid-parentheses,Valid Parentheses,easy,stack state and matching brackets,4,repeated_conceptual_error,possible_null_access_repeat,CONCEPTUAL_HINT,Repeated mistake should move from location cue to conceptual support.,200,NO_FEEDBACK,false,UNKNOWN,True,3,0,257,1057,logic block,1,
377,ML,6,306003,303,valid-parentheses,Valid Parentheses,easy,stack state and matching brackets,5,partial_logic,partial_but_compiling,CONCEPTUAL_HINT,Compiling but incomplete logic should receive a compact conceptual nudge.,200,CONCEPTUAL_HINT,true,UNKNOWN,True,1,2,273,1211,logic block,1,
378,ML,6,306003,303,valid-parentheses,Valid Parentheses,easy,stack state and matching brackets,6,local_completion,locally_complete,NO_FEEDBACK,Locally complete state should not be interrupted.,200,CONCEPTUAL_HINT,false,UNKNOWN,True,3,0,266,1179,logic block,1,
379,ML,6,306004,304,binary-search,Binary Search,easy,search interval invariant,1,syntax,missing_statement_ending,CODE_HIGHLIGHT,First syntax error should be localized before giving a concept explanation.,200,CODE_HIGHLIGHT,true,SYNTAX_ERROR,False,0,0,50,957,statement ending,1,
380,ML,6,306004,304,binary-search,Binary Search,easy,search interval invariant,2,planning,unfinished_implementation,GUIDING_QUESTION,Unfinished code should prompt the student to state the next step.,200,GUIDING_QUESTION,true,STUCK_NO_PROGRESS,True,0,3,271,826,unfinished implementation,2,
381,ML,6,306004,304,binary-search,Binary Search,easy,search interval invariant,3,first_conceptual_error,wrong_loop_boundary_first,CODE_HIGHLIGHT,First substantial mistake should receive the least sufficient intervention.,200,CODE_HIGHLIGHT,true,WRONG_LOOP_BOUNDARY,True,1,2,272,1491,binary search loop boundary,1,
382,ML,6,306004,304,binary-search,Binary Search,easy,search interval invariant,4,repeated_conceptual_error,wrong_loop_boundary_repeat,CONCEPTUAL_HINT,Repeated mistake should move from location cue to conceptual support.,200,CONCEPTUAL_HINT,true,WRONG_LOOP_BOUNDARY,True,1,2,266,954,binary search loop boundary,1,
383,ML,6,306004,304,binary-search,Binary Search,easy,search interval invariant,5,partial_logic,partial_but_compiling,CONCEPTUAL_HINT,Compiling but incomplete logic should receive a compact conceptual nudge.,200,CONCEPTUAL_HINT,true,UNKNOWN,True,1,2,260,1367,logic block,1,
384,ML,6,306004,304,binary-search,Binary Search,easy,search interval invariant,6,local_completion,locally_complete,NO_FEEDBACK,Locally complete state should not be interrupted.,200,NO_FEEDBACK,true,UNKNOWN,True,3,0,260,1215,logic block,1,
385,ML,6,306005,305,merge-sorted-array,Merge Sorted Array,easy,array index management,1,syntax,missing_statement_ending,CODE_HIGHLIGHT,First syntax error should be localized before giving a concept explanation.,200,CODE_HIGHLIGHT,true,SYNTAX_ERROR,False,0,0,50,1390,statement ending,1,
386,ML,6,306005,305,merge-sorted-array,Merge Sorted Array,easy,array index management,2,planning,unfinished_implementation,GUIDING_QUESTION,Unfinished code should prompt the student to state the next step.,200,GUIDING_QUESTION,true,STUCK_NO_PROGRESS,True,0,3,305,1323,unfinished implementation,2,
387,ML,6,306005,305,merge-sorted-array,Merge Sorted Array,easy,array index management,3,first_conceptual_error,off_by_one_first,CODE_HIGHLIGHT,First substantial mistake should receive the least sufficient intervention.,200,CODE_HIGHLIGHT,true,OFF_BY_ONE,True,1,2,267,1314,for loop condition,1,
388,ML,6,306005,305,merge-sorted-array,Merge Sorted Array,easy,array index management,4,repeated_conceptual_error,off_by_one_repeat,CONCEPTUAL_HINT,Repeated mistake should move from location cue to conceptual support.,200,CONCEPTUAL_HINT,true,OFF_BY_ONE,True,1,2,266,1001,for loop condition,1,
389,ML,6,306005,305,merge-sorted-array,Merge Sorted Array,easy,array index management,5,partial_logic,partial_but_compiling,CONCEPTUAL_HINT,Compiling but incomplete logic should receive a compact conceptual nudge.,200,CONCEPTUAL_HINT,true,UNKNOWN,True,1,2,279,2944,logic block,1,
390,ML,6,306005,305,merge-sorted-array,Merge Sorted Array,easy,array index management,6,local_completion,locally_complete,NO_FEEDBACK,Locally complete state should not be interrupted.,200,NO_FEEDBACK,true,UNKNOWN,True,3,0,254,1268,logic block,1,
391,ML,6,306006,306,trapping-rain-water,Trapping Rain Water,hard,two pointers and running maxima,1,syntax,missing_statement_ending,CODE_HIGHLIGHT,First syntax error should be localized before giving a concept explanation.,200,CODE_HIGHLIGHT,true,SYNTAX_ERROR,False,0,0,50,8403,statement ending,1,
392,ML,6,306006,306,trapping-rain-water,Trapping Rain Water,hard,two pointers and running maxima,2,planning,unfinished_implementation,GUIDING_QUESTION,Unfinished code should prompt the student to state the next step.,200,GUIDING_QUESTION,true,STUCK_NO_PROGRESS,True,0,3,257,11067,unfinished implementation,2,
393,ML,6,306006,306,trapping-rain-water,Trapping Rain Water,hard,two pointers and running maxima,3,first_conceptual_error,wrong_condition_first,CONCEPTUAL_HINT,First substantial mistake should receive the least sufficient intervention.,200,CONCEPTUAL_HINT,true,WRONG_CONDITION,True,1,2,276,1968,while condition,1,
394,ML,6,306006,306,trapping-rain-water,Trapping Rain Water,hard,two pointers and running maxima,4,repeated_conceptual_error,wrong_condition_repeat,CONCEPTUAL_HINT,Repeated mistake should move from location cue to conceptual support.,200,CONCEPTUAL_HINT,true,WRONG_CONDITION,True,1,2,255,1418,while condition,1,
395,ML,6,306006,306,trapping-rain-water,Trapping Rain Water,hard,two pointers and running maxima,5,partial_logic,partial_but_compiling,CONCEPTUAL_HINT,Compiling but incomplete logic should receive a compact conceptual nudge.,200,CONCEPTUAL_HINT,true,UNKNOWN,True,1,2,253,1116,logic block,1,
396,ML,6,306006,306,trapping-rain-water,Trapping Rain Water,hard,two pointers and running maxima,6,local_completion,locally_complete,NO_FEEDBACK,Locally complete state should not be interrupted.,200,NO_FEEDBACK,true,UNKNOWN,True,3,0,258,1298,logic block,1,
397,ML,6,306007,307,lru-cache,LRU Cache,medium,state update and eviction policy,1,syntax,missing_statement_ending,CODE_HIGHLIGHT,First syntax error should be localized before giving a concept explanation.,200,CODE_HIGHLIGHT,true,SYNTAX_ERROR,False,0,0,51,1190,statement ending,1,
398,ML,6,306007,307,lru-cache,LRU Cache,medium,state update and eviction policy,2,planning,unfinished_implementation,GUIDING_QUESTION,Unfinished code should prompt the student to state the next step.,200,GUIDING_QUESTION,true,STUCK_NO_PROGRESS,True,0,3,272,1104,unfinished implementation,2,
399,ML,6,306007,307,lru-cache,LRU Cache,medium,state update and eviction policy,3,first_conceptual_error,unknown_logic_first,CONCEPTUAL_HINT,First substantial mistake should receive the least sufficient intervention.,200,NO_FEEDBACK,false,UNKNOWN,True,3,0,265,1037,logic block,1,
400,ML,6,306007,307,lru-cache,LRU Cache,medium,state update and eviction policy,4,repeated_conceptual_error,unknown_logic_repeat,CONCEPTUAL_HINT,Repeated mistake should move from location cue to conceptual support.,200,NO_FEEDBACK,false,UNKNOWN,True,3,0,268,1144,logic block,1,
401,ML,6,306007,307,lru-cache,LRU Cache,medium,state update and eviction policy,5,partial_logic,partial_but_compiling,CONCEPTUAL_HINT,Compiling but incomplete logic should receive a compact conceptual nudge.,200,CONCEPTUAL_HINT,true,UNKNOWN,True,1,2,266,1035,logic block,1,
402,ML,6,306007,307,lru-cache,LRU Cache,medium,state update and eviction policy,6,local_completion,locally_complete,NO_FEEDBACK,Locally complete state should not be interrupted.,200,CONCEPTUAL_HINT,false,UNKNOWN,True,3,0,265,2365,logic block,1,
403,ML,6,306008,308,longest-substring,Longest Substring Without Repeating Characters,medium,sliding window invariant,1,syntax,missing_statement_ending,CODE_HIGHLIGHT,First syntax error should be localized before giving a concept explanation.,200,CODE_HIGHLIGHT,true,SYNTAX_ERROR,False,0,0,49,767,statement ending,1,
404,ML,6,306008,308,longest-substring,Longest Substring Without Repeating Characters,medium,sliding window invariant,2,planning,unfinished_implementation,GUIDING_QUESTION,Unfinished code should prompt the student to state the next step.,200,GUIDING_QUESTION,true,STUCK_NO_PROGRESS,True,0,3,265,1123,unfinished implementation,2,
405,ML,6,306008,308,longest-substring,Longest Substring Without Repeating Characters,medium,sliding window invariant,3,first_conceptual_error,off_by_one_first,CODE_HIGHLIGHT,First substantial mistake should receive the least sufficient intervention.,200,CODE_HIGHLIGHT,true,OFF_BY_ONE,True,1,2,267,1260,for loop condition,1,
406,ML,6,306008,308,longest-substring,Longest Substring Without Repeating Characters,medium,sliding window invariant,4,repeated_conceptual_error,off_by_one_repeat,CONCEPTUAL_HINT,Repeated mistake should move from location cue to conceptual support.,200,CONCEPTUAL_HINT,true,OFF_BY_ONE,True,1,2,266,1231,for loop condition,1,
407,ML,6,306008,308,longest-substring,Longest Substring Without Repeating Characters,medium,sliding window invariant,5,partial_logic,partial_but_compiling,CONCEPTUAL_HINT,Compiling but incomplete logic should receive a compact conceptual nudge.,200,CONCEPTUAL_HINT,true,UNKNOWN,True,1,2,262,1760,logic block,1,
408,ML,6,306008,308,longest-substring,Longest Substring Without Repeating Characters,medium,sliding window invariant,6,local_completion,locally_complete,NO_FEEDBACK,Locally complete state should not be interrupted.,200,NO_FEEDBACK,true,UNKNOWN,True,3,0,254,1326,logic block,1,
409,ML,6,306009,309,reverse-linked-list,Reverse Linked List,easy,pointer update order,1,syntax,missing_statement_ending,CODE_HIGHLIGHT,First syntax error should be localized before giving a concept explanation.,200,CODE_HIGHLIGHT,true,SYNTAX_ERROR,False,0,0,50,932,statement ending,1,
410,ML,6,306009,309,reverse-linked-list,Reverse Linked List,easy,pointer update order,2,planning,unfinished_implementation,GUIDING_QUESTION,Unfinished code should prompt the student to state the next step.,200,GUIDING_QUESTION,true,STUCK_NO_PROGRESS,True,0,3,266,1416,unfinished implementation,2,
411,ML,6,306009,309,reverse-linked-list,Reverse Linked List,easy,pointer update order,3,first_conceptual_error,wrong_condition_first,CONCEPTUAL_HINT,First substantial mistake should receive the least sufficient intervention.,200,CONCEPTUAL_HINT,true,WRONG_CONDITION,True,1,2,280,3180,while condition,1,
412,ML,6,306009,309,reverse-linked-list,Reverse Linked List,easy,pointer update order,4,repeated_conceptual_error,wrong_condition_repeat,CONCEPTUAL_HINT,Repeated mistake should move from location cue to conceptual support.,200,CONCEPTUAL_HINT,true,WRONG_CONDITION,True,1,2,262,1247,while condition,1,
413,ML,6,306009,309,reverse-linked-list,Reverse Linked List,easy,pointer update order,5,partial_logic,partial_but_compiling,CONCEPTUAL_HINT,Compiling but incomplete logic should receive a compact conceptual nudge.,200,CONCEPTUAL_HINT,true,UNKNOWN,True,1,2,260,1134,logic block,1,
414,ML,6,306009,309,reverse-linked-list,Reverse Linked List,easy,pointer update order,6,local_completion,locally_complete,NO_FEEDBACK,Locally complete state should not be interrupted.,200,NO_FEEDBACK,true,UNKNOWN,True,3,0,259,2793,logic block,1,
415,ML,6,306010,310,matrix-diagonal-sum,Matrix Diagonal Sum,easy,nested indexing and double counting,1,syntax,missing_statement_ending,CODE_HIGHLIGHT,First syntax error should be localized before giving a concept explanation.,200,CODE_HIGHLIGHT,true,SYNTAX_ERROR,False,0,0,50,920,statement ending,1,
416,ML,6,306010,310,matrix-diagonal-sum,Matrix Diagonal Sum,easy,nested indexing and double counting,2,planning,unfinished_implementation,GUIDING_QUESTION,Unfinished code should prompt the student to state the next step.,200,GUIDING_QUESTION,true,STUCK_NO_PROGRESS,True,0,3,301,1526,unfinished implementation,2,
417,ML,6,306010,310,matrix-diagonal-sum,Matrix Diagonal Sum,easy,nested indexing and double counting,3,first_conceptual_error,off_by_one_first,CODE_HIGHLIGHT,First substantial mistake should receive the least sufficient intervention.,200,CODE_HIGHLIGHT,true,OFF_BY_ONE,True,1,2,268,1543,for loop condition,1,
418,ML,6,306010,310,matrix-diagonal-sum,Matrix Diagonal Sum,easy,nested indexing and double counting,4,repeated_conceptual_error,off_by_one_repeat,CONCEPTUAL_HINT,Repeated mistake should move from location cue to conceptual support.,200,CONCEPTUAL_HINT,true,OFF_BY_ONE,True,1,2,258,1312,for loop condition,1,
419,ML,6,306010,310,matrix-diagonal-sum,Matrix Diagonal Sum,easy,nested indexing and double counting,5,partial_logic,partial_but_compiling,CONCEPTUAL_HINT,Compiling but incomplete logic should receive a compact conceptual nudge.,200,CONCEPTUAL_HINT,true,UNKNOWN,True,1,2,258,1192,logic block,1,
420,ML,6,306010,310,matrix-diagonal-sum,Matrix Diagonal Sum,easy,nested indexing and double counting,6,local_completion,locally_complete,NO_FEEDBACK,Locally complete state should not be interrupted.,0,,false,,,,,,30021,,1,timed out
421,ML,6,306011,311,roman-to-integer,Roman to Integer,easy,lookahead condition,1,syntax,missing_statement_ending,CODE_HIGHLIGHT,First syntax error should be localized before giving a concept explanation.,200,CODE_HIGHLIGHT,true,SYNTAX_ERROR,False,0,0,56,963,statement ending,1,
422,ML,6,306011,311,roman-to-integer,Roman to Integer,easy,lookahead condition,2,planning,unfinished_implementation,GUIDING_QUESTION,Unfinished code should prompt the student to state the next step.,200,GUIDING_QUESTION,true,STUCK_NO_PROGRESS,True,0,3,260,1082,unfinished implementation,2,
423,ML,6,306011,311,roman-to-integer,Roman to Integer,easy,lookahead condition,3,first_conceptual_error,off_by_one_first,CODE_HIGHLIGHT,First substantial mistake should receive the least sufficient intervention.,200,CODE_HIGHLIGHT,true,OFF_BY_ONE,True,1,2,265,1240,for loop condition,1,
424,ML,6,306011,311,roman-to-integer,Roman to Integer,easy,lookahead condition,4,repeated_conceptual_error,off_by_one_repeat,CONCEPTUAL_HINT,Repeated mistake should move from location cue to conceptual support.,200,CONCEPTUAL_HINT,true,OFF_BY_ONE,True,1,2,267,998,for loop condition,1,
425,ML,6,306011,311,roman-to-integer,Roman to Integer,easy,lookahead condition,5,partial_logic,partial_but_compiling,CONCEPTUAL_HINT,Compiling but incomplete logic should receive a compact conceptual nudge.,200,CONCEPTUAL_HINT,true,UNKNOWN,True,1,2,289,1533,logic block,1,
426,ML,6,306011,311,roman-to-integer,Roman to Integer,easy,lookahead condition,6,local_completion,locally_complete,NO_FEEDBACK,Locally complete state should not be interrupted.,200,NO_FEEDBACK,true,UNKNOWN,True,3,0,259,1726,logic block,1,
427,ML,6,306012,312,climbing-stairs,Climbing Stairs,easy,base cases and recurrence,1,syntax,missing_statement_ending,CODE_HIGHLIGHT,First syntax error should be localized before giving a concept explanation.,200,CODE_HIGHLIGHT,true,SYNTAX_ERROR,False,0,0,51,926,statement ending,1,
428,ML,6,306012,312,climbing-stairs,Climbing Stairs,easy,base cases and recurrence,2,planning,unfinished_implementation,GUIDING_QUESTION,Unfinished code should prompt the student to state the next step.,200,GUIDING_QUESTION,true,STUCK_NO_PROGRESS,True,0,3,263,857,unfinished implementation,2,
429,ML,6,306012,312,climbing-stairs,Climbing Stairs,easy,base cases and recurrence,3,first_conceptual_error,wrong_condition_first,CONCEPTUAL_HINT,First substantial mistake should receive the least sufficient intervention.,200,CONCEPTUAL_HINT,true,WRONG_CONDITION,True,1,2,253,1025,while condition,1,
430,ML,6,306012,312,climbing-stairs,Climbing Stairs,easy,base cases and recurrence,4,repeated_conceptual_error,wrong_condition_repeat,CONCEPTUAL_HINT,Repeated mistake should move from location cue to conceptual support.,200,CONCEPTUAL_HINT,true,WRONG_CONDITION,True,1,2,271,5051,while condition,1,
431,ML,6,306012,312,climbing-stairs,Climbing Stairs,easy,base cases and recurrence,5,partial_logic,partial_but_compiling,CONCEPTUAL_HINT,Compiling but incomplete logic should receive a compact conceptual nudge.,200,CONCEPTUAL_HINT,true,UNKNOWN,True,1,2,266,1746,logic block,1,
432,ML,6,306012,312,climbing-stairs,Climbing Stairs,easy,base cases and recurrence,6,local_completion,locally_complete,NO_FEEDBACK,Locally complete state should not be interrupted.,200,CODE_HIGHLIGHT,false,OFF_BY_ONE,True,1,2,268,2261,for loop condition,1,
433,ML,7,307001,301,palindrome,Valid Palindrome,easy,two pointers and string normalization,1,syntax,missing_statement_ending,CODE_HIGHLIGHT,First syntax error should be localized before giving a concept explanation.,200,CODE_HIGHLIGHT,true,SYNTAX_ERROR,False,0,0,49,1069,statement ending,1,
434,ML,7,307001,301,palindrome,Valid Palindrome,easy,two pointers and string normalization,2,planning,unfinished_implementation,GUIDING_QUESTION,Unfinished code should prompt the student to state the next step.,200,GUIDING_QUESTION,true,STUCK_NO_PROGRESS,True,0,3,258,1208,unfinished implementation,2,
435,ML,7,307001,301,palindrome,Valid Palindrome,easy,two pointers and string normalization,3,first_conceptual_error,possible_null_access_first,CODE_HIGHLIGHT,First substantial mistake should receive the least sufficient intervention.,200,CODE_HIGHLIGHT,true,POSSIBLE_NULL_ACCESS,True,3,0,264,1151,missing null or empty guard,1,
436,ML,7,307001,301,palindrome,Valid Palindrome,easy,two pointers and string normalization,4,repeated_conceptual_error,possible_null_access_repeat,CONCEPTUAL_HINT,Repeated mistake should move from location cue to conceptual support.,200,CONCEPTUAL_HINT,true,POSSIBLE_NULL_ACCESS,True,3,0,266,1373,missing null or empty guard,1,
437,ML,7,307001,301,palindrome,Valid Palindrome,easy,two pointers and string normalization,5,partial_logic,partial_but_compiling,CONCEPTUAL_HINT,Compiling but incomplete logic should receive a compact conceptual nudge.,200,CONCEPTUAL_HINT,true,UNKNOWN,True,1,2,279,1106,logic block,1,
438,ML,7,307001,301,palindrome,Valid Palindrome,easy,two pointers and string normalization,6,local_completion,locally_complete,NO_FEEDBACK,Locally complete state should not be interrupted.,200,NO_FEEDBACK,true,WRONG_CONDITION,True,3,0,258,2797,while condition,1,
439,ML,7,307002,302,two-sum,Two Sum,easy,hash map lookup and pair search,1,syntax,missing_statement_ending,CODE_HIGHLIGHT,First syntax error should be localized before giving a concept explanation.,200,CODE_HIGHLIGHT,true,SYNTAX_ERROR,False,0,0,50,971,statement ending,1,
440,ML,7,307002,302,two-sum,Two Sum,easy,hash map lookup and pair search,2,planning,unfinished_implementation,GUIDING_QUESTION,Unfinished code should prompt the student to state the next step.,200,GUIDING_QUESTION,true,STUCK_NO_PROGRESS,True,0,3,252,2199,unfinished implementation,2,
441,ML,7,307002,302,two-sum,Two Sum,easy,hash map lookup and pair search,3,first_conceptual_error,off_by_one_first,CODE_HIGHLIGHT,First substantial mistake should receive the least sufficient intervention.,200,CODE_HIGHLIGHT,true,OFF_BY_ONE,True,1,2,259,968,for loop condition,1,
442,ML,7,307002,302,two-sum,Two Sum,easy,hash map lookup and pair search,4,repeated_conceptual_error,off_by_one_repeat,CONCEPTUAL_HINT,Repeated mistake should move from location cue to conceptual support.,200,CONCEPTUAL_HINT,true,OFF_BY_ONE,True,1,2,254,1111,for loop condition,1,
443,ML,7,307002,302,two-sum,Two Sum,easy,hash map lookup and pair search,5,partial_logic,partial_but_compiling,CONCEPTUAL_HINT,Compiling but incomplete logic should receive a compact conceptual nudge.,200,CONCEPTUAL_HINT,true,UNKNOWN,True,1,2,263,1068,logic block,1,
444,ML,7,307002,302,two-sum,Two Sum,easy,hash map lookup and pair search,6,local_completion,locally_complete,NO_FEEDBACK,Locally complete state should not be interrupted.,200,NO_FEEDBACK,true,UNKNOWN,True,3,0,297,1081,logic block,1,
445,ML,7,307003,303,valid-parentheses,Valid Parentheses,easy,stack state and matching brackets,1,syntax,missing_statement_ending,CODE_HIGHLIGHT,First syntax error should be localized before giving a concept explanation.,200,CODE_HIGHLIGHT,true,SYNTAX_ERROR,False,0,0,58,12830,statement ending,1,
446,ML,7,307003,303,valid-parentheses,Valid Parentheses,easy,stack state and matching brackets,2,planning,unfinished_implementation,GUIDING_QUESTION,Unfinished code should prompt the student to state the next step.,200,GUIDING_QUESTION,true,STUCK_NO_PROGRESS,True,0,3,253,1469,unfinished implementation,2,
447,ML,7,307003,303,valid-parentheses,Valid Parentheses,easy,stack state and matching brackets,3,first_conceptual_error,possible_null_access_first,CODE_HIGHLIGHT,First substantial mistake should receive the least sufficient intervention.,200,NO_FEEDBACK,false,UNKNOWN,True,3,0,262,3570,logic block,1,
448,ML,7,307003,303,valid-parentheses,Valid Parentheses,easy,stack state and matching brackets,4,repeated_conceptual_error,possible_null_access_repeat,CONCEPTUAL_HINT,Repeated mistake should move from location cue to conceptual support.,200,NO_FEEDBACK,false,UNKNOWN,True,3,0,264,1146,logic block,1,
449,ML,7,307003,303,valid-parentheses,Valid Parentheses,easy,stack state and matching brackets,5,partial_logic,partial_but_compiling,CONCEPTUAL_HINT,Compiling but incomplete logic should receive a compact conceptual nudge.,200,CONCEPTUAL_HINT,true,UNKNOWN,True,1,2,301,1356,logic block,1,
450,ML,7,307003,303,valid-parentheses,Valid Parentheses,easy,stack state and matching brackets,6,local_completion,locally_complete,NO_FEEDBACK,Locally complete state should not be interrupted.,200,CONCEPTUAL_HINT,false,UNKNOWN,True,3,0,255,1038,logic block,1,
451,ML,7,307004,304,binary-search,Binary Search,easy,search interval invariant,1,syntax,missing_statement_ending,CODE_HIGHLIGHT,First syntax error should be localized before giving a concept explanation.,200,CODE_HIGHLIGHT,true,SYNTAX_ERROR,False,0,0,58,3151,statement ending,1,
452,ML,7,307004,304,binary-search,Binary Search,easy,search interval invariant,2,planning,unfinished_implementation,GUIDING_QUESTION,Unfinished code should prompt the student to state the next step.,200,GUIDING_QUESTION,true,STUCK_NO_PROGRESS,True,0,3,267,2154,unfinished implementation,2,
453,ML,7,307004,304,binary-search,Binary Search,easy,search interval invariant,3,first_conceptual_error,wrong_loop_boundary_first,CODE_HIGHLIGHT,First substantial mistake should receive the least sufficient intervention.,200,CODE_HIGHLIGHT,true,WRONG_LOOP_BOUNDARY,True,1,2,262,969,binary search loop boundary,1,
454,ML,7,307004,304,binary-search,Binary Search,easy,search interval invariant,4,repeated_conceptual_error,wrong_loop_boundary_repeat,CONCEPTUAL_HINT,Repeated mistake should move from location cue to conceptual support.,200,CONCEPTUAL_HINT,true,WRONG_LOOP_BOUNDARY,True,1,2,255,1114,binary search loop boundary,1,
455,ML,7,307004,304,binary-search,Binary Search,easy,search interval invariant,5,partial_logic,partial_but_compiling,CONCEPTUAL_HINT,Compiling but incomplete logic should receive a compact conceptual nudge.,200,CONCEPTUAL_HINT,true,UNKNOWN,True,1,2,293,1027,logic block,1,
456,ML,7,307004,304,binary-search,Binary Search,easy,search interval invariant,6,local_completion,locally_complete,NO_FEEDBACK,Locally complete state should not be interrupted.,200,NO_FEEDBACK,true,UNKNOWN,True,3,0,256,1695,logic block,1,
457,ML,7,307005,305,merge-sorted-array,Merge Sorted Array,easy,array index management,1,syntax,missing_statement_ending,CODE_HIGHLIGHT,First syntax error should be localized before giving a concept explanation.,200,CODE_HIGHLIGHT,true,SYNTAX_ERROR,False,0,0,50,817,statement ending,1,
458,ML,7,307005,305,merge-sorted-array,Merge Sorted Array,easy,array index management,2,planning,unfinished_implementation,GUIDING_QUESTION,Unfinished code should prompt the student to state the next step.,200,GUIDING_QUESTION,true,STUCK_NO_PROGRESS,True,0,3,276,1067,unfinished implementation,2,
459,ML,7,307005,305,merge-sorted-array,Merge Sorted Array,easy,array index management,3,first_conceptual_error,off_by_one_first,CODE_HIGHLIGHT,First substantial mistake should receive the least sufficient intervention.,200,CODE_HIGHLIGHT,true,OFF_BY_ONE,True,1,2,270,999,for loop condition,1,
460,ML,7,307005,305,merge-sorted-array,Merge Sorted Array,easy,array index management,4,repeated_conceptual_error,off_by_one_repeat,CONCEPTUAL_HINT,Repeated mistake should move from location cue to conceptual support.,200,CONCEPTUAL_HINT,true,OFF_BY_ONE,True,1,2,268,1275,for loop condition,1,
461,ML,7,307005,305,merge-sorted-array,Merge Sorted Array,easy,array index management,5,partial_logic,partial_but_compiling,CONCEPTUAL_HINT,Compiling but incomplete logic should receive a compact conceptual nudge.,200,CONCEPTUAL_HINT,true,UNKNOWN,True,1,2,256,1128,logic block,1,
462,ML,7,307005,305,merge-sorted-array,Merge Sorted Array,easy,array index management,6,local_completion,locally_complete,NO_FEEDBACK,Locally complete state should not be interrupted.,200,NO_FEEDBACK,true,UNKNOWN,True,3,0,258,1033,logic block,1,
463,ML,7,307006,306,trapping-rain-water,Trapping Rain Water,hard,two pointers and running maxima,1,syntax,missing_statement_ending,CODE_HIGHLIGHT,First syntax error should be localized before giving a concept explanation.,200,CODE_HIGHLIGHT,true,SYNTAX_ERROR,False,0,0,58,1095,statement ending,1,
464,ML,7,307006,306,trapping-rain-water,Trapping Rain Water,hard,two pointers and running maxima,2,planning,unfinished_implementation,GUIDING_QUESTION,Unfinished code should prompt the student to state the next step.,200,GUIDING_QUESTION,true,STUCK_NO_PROGRESS,True,0,3,320,1095,unfinished implementation,2,
465,ML,7,307006,306,trapping-rain-water,Trapping Rain Water,hard,two pointers and running maxima,3,first_conceptual_error,wrong_condition_first,CONCEPTUAL_HINT,First substantial mistake should receive the least sufficient intervention.,200,CONCEPTUAL_HINT,true,WRONG_CONDITION,True,1,2,275,1284,while condition,1,
466,ML,7,307006,306,trapping-rain-water,Trapping Rain Water,hard,two pointers and running maxima,4,repeated_conceptual_error,wrong_condition_repeat,CONCEPTUAL_HINT,Repeated mistake should move from location cue to conceptual support.,0,,false,,,,,,30022,,1,timed out
467,ML,7,307006,306,trapping-rain-water,Trapping Rain Water,hard,two pointers and running maxima,5,partial_logic,partial_but_compiling,CONCEPTUAL_HINT,Compiling but incomplete logic should receive a compact conceptual nudge.,200,CONCEPTUAL_HINT,true,UNKNOWN,True,1,2,261,15264,logic block,1,
468,ML,7,307006,306,trapping-rain-water,Trapping Rain Water,hard,two pointers and running maxima,6,local_completion,locally_complete,NO_FEEDBACK,Locally complete state should not be interrupted.,200,NO_FEEDBACK,true,UNKNOWN,True,3,0,258,1324,logic block,1,
469,ML,7,307007,307,lru-cache,LRU Cache,medium,state update and eviction policy,1,syntax,missing_statement_ending,CODE_HIGHLIGHT,First syntax error should be localized before giving a concept explanation.,200,CODE_HIGHLIGHT,true,SYNTAX_ERROR,False,0,0,51,956,statement ending,1,
470,ML,7,307007,307,lru-cache,LRU Cache,medium,state update and eviction policy,2,planning,unfinished_implementation,GUIDING_QUESTION,Unfinished code should prompt the student to state the next step.,200,GUIDING_QUESTION,true,STUCK_NO_PROGRESS,True,0,3,290,1135,unfinished implementation,2,
471,ML,7,307007,307,lru-cache,LRU Cache,medium,state update and eviction policy,3,first_conceptual_error,unknown_logic_first,CONCEPTUAL_HINT,First substantial mistake should receive the least sufficient intervention.,200,NO_FEEDBACK,false,UNKNOWN,True,3,0,267,1197,logic block,1,
472,ML,7,307007,307,lru-cache,LRU Cache,medium,state update and eviction policy,4,repeated_conceptual_error,unknown_logic_repeat,CONCEPTUAL_HINT,Repeated mistake should move from location cue to conceptual support.,200,NO_FEEDBACK,false,UNKNOWN,True,3,0,259,1663,logic block,1,
473,ML,7,307007,307,lru-cache,LRU Cache,medium,state update and eviction policy,5,partial_logic,partial_but_compiling,CONCEPTUAL_HINT,Compiling but incomplete logic should receive a compact conceptual nudge.,200,CONCEPTUAL_HINT,true,UNKNOWN,True,1,2,261,1091,logic block,1,
474,ML,7,307007,307,lru-cache,LRU Cache,medium,state update and eviction policy,6,local_completion,locally_complete,NO_FEEDBACK,Locally complete state should not be interrupted.,200,CONCEPTUAL_HINT,false,UNKNOWN,True,3,0,256,4849,logic block,1,
475,ML,7,307008,308,longest-substring,Longest Substring Without Repeating Characters,medium,sliding window invariant,1,syntax,missing_statement_ending,CODE_HIGHLIGHT,First syntax error should be localized before giving a concept explanation.,200,CODE_HIGHLIGHT,true,SYNTAX_ERROR,False,0,0,50,1665,statement ending,1,
476,ML,7,307008,308,longest-substring,Longest Substring Without Repeating Characters,medium,sliding window invariant,2,planning,unfinished_implementation,GUIDING_QUESTION,Unfinished code should prompt the student to state the next step.,200,GUIDING_QUESTION,true,STUCK_NO_PROGRESS,True,0,3,267,2192,unfinished implementation,2,
477,ML,7,307008,308,longest-substring,Longest Substring Without Repeating Characters,medium,sliding window invariant,3,first_conceptual_error,off_by_one_first,CODE_HIGHLIGHT,First substantial mistake should receive the least sufficient intervention.,200,CODE_HIGHLIGHT,true,OFF_BY_ONE,True,1,2,259,1171,for loop condition,1,
478,ML,7,307008,308,longest-substring,Longest Substring Without Repeating Characters,medium,sliding window invariant,4,repeated_conceptual_error,off_by_one_repeat,CONCEPTUAL_HINT,Repeated mistake should move from location cue to conceptual support.,200,CONCEPTUAL_HINT,true,OFF_BY_ONE,True,1,2,252,1194,for loop condition,1,
479,ML,7,307008,308,longest-substring,Longest Substring Without Repeating Characters,medium,sliding window invariant,5,partial_logic,partial_but_compiling,CONCEPTUAL_HINT,Compiling but incomplete logic should receive a compact conceptual nudge.,200,CONCEPTUAL_HINT,true,UNKNOWN,True,1,2,261,3802,logic block,1,
480,ML,7,307008,308,longest-substring,Longest Substring Without Repeating Characters,medium,sliding window invariant,6,local_completion,locally_complete,NO_FEEDBACK,Locally complete state should not be interrupted.,200,NO_FEEDBACK,true,UNKNOWN,True,3,0,276,1150,logic block,1,
481,ML,7,307009,309,reverse-linked-list,Reverse Linked List,easy,pointer update order,1,syntax,missing_statement_ending,CODE_HIGHLIGHT,First syntax error should be localized before giving a concept explanation.,200,CODE_HIGHLIGHT,true,SYNTAX_ERROR,False,0,0,50,847,statement ending,1,
482,ML,7,307009,309,reverse-linked-list,Reverse Linked List,easy,pointer update order,2,planning,unfinished_implementation,GUIDING_QUESTION,Unfinished code should prompt the student to state the next step.,200,GUIDING_QUESTION,true,STUCK_NO_PROGRESS,True,0,3,253,1128,unfinished implementation,2,
483,ML,7,307009,309,reverse-linked-list,Reverse Linked List,easy,pointer update order,3,first_conceptual_error,wrong_condition_first,CONCEPTUAL_HINT,First substantial mistake should receive the least sufficient intervention.,200,CONCEPTUAL_HINT,true,WRONG_CONDITION,True,1,2,261,1213,while condition,1,
484,ML,7,307009,309,reverse-linked-list,Reverse Linked List,easy,pointer update order,4,repeated_conceptual_error,wrong_condition_repeat,CONCEPTUAL_HINT,Repeated mistake should move from location cue to conceptual support.,200,CONCEPTUAL_HINT,true,WRONG_CONDITION,True,1,2,264,4193,while condition,1,
485,ML,7,307009,309,reverse-linked-list,Reverse Linked List,easy,pointer update order,5,partial_logic,partial_but_compiling,CONCEPTUAL_HINT,Compiling but incomplete logic should receive a compact conceptual nudge.,200,CONCEPTUAL_HINT,true,UNKNOWN,True,1,2,259,1014,logic block,1,
486,ML,7,307009,309,reverse-linked-list,Reverse Linked List,easy,pointer update order,6,local_completion,locally_complete,NO_FEEDBACK,Locally complete state should not be interrupted.,200,NO_FEEDBACK,true,UNKNOWN,True,3,0,257,4551,logic block,1,
487,ML,7,307010,310,matrix-diagonal-sum,Matrix Diagonal Sum,easy,nested indexing and double counting,1,syntax,missing_statement_ending,CODE_HIGHLIGHT,First syntax error should be localized before giving a concept explanation.,200,CODE_HIGHLIGHT,true,SYNTAX_ERROR,False,0,0,50,3874,statement ending,1,
488,ML,7,307010,310,matrix-diagonal-sum,Matrix Diagonal Sum,easy,nested indexing and double counting,2,planning,unfinished_implementation,GUIDING_QUESTION,Unfinished code should prompt the student to state the next step.,200,GUIDING_QUESTION,true,STUCK_NO_PROGRESS,True,0,3,302,1163,unfinished implementation,2,
489,ML,7,307010,310,matrix-diagonal-sum,Matrix Diagonal Sum,easy,nested indexing and double counting,3,first_conceptual_error,off_by_one_first,CODE_HIGHLIGHT,First substantial mistake should receive the least sufficient intervention.,200,CODE_HIGHLIGHT,true,OFF_BY_ONE,True,1,2,270,1066,for loop condition,1,
490,ML,7,307010,310,matrix-diagonal-sum,Matrix Diagonal Sum,easy,nested indexing and double counting,4,repeated_conceptual_error,off_by_one_repeat,CONCEPTUAL_HINT,Repeated mistake should move from location cue to conceptual support.,200,CONCEPTUAL_HINT,true,OFF_BY_ONE,True,1,2,351,1261,for loop condition,1,
491,ML,7,307010,310,matrix-diagonal-sum,Matrix Diagonal Sum,easy,nested indexing and double counting,5,partial_logic,partial_but_compiling,CONCEPTUAL_HINT,Compiling but incomplete logic should receive a compact conceptual nudge.,200,CONCEPTUAL_HINT,true,UNKNOWN,True,1,2,261,1385,logic block,1,
492,ML,7,307010,310,matrix-diagonal-sum,Matrix Diagonal Sum,easy,nested indexing and double counting,6,local_completion,locally_complete,NO_FEEDBACK,Locally complete state should not be interrupted.,200,NO_FEEDBACK,true,UNKNOWN,True,3,0,266,1126,logic block,1,
493,ML,7,307011,311,roman-to-integer,Roman to Integer,easy,lookahead condition,1,syntax,missing_statement_ending,CODE_HIGHLIGHT,First syntax error should be localized before giving a concept explanation.,200,CODE_HIGHLIGHT,true,SYNTAX_ERROR,False,0,0,51,1115,statement ending,1,
494,ML,7,307011,311,roman-to-integer,Roman to Integer,easy,lookahead condition,2,planning,unfinished_implementation,GUIDING_QUESTION,Unfinished code should prompt the student to state the next step.,200,GUIDING_QUESTION,true,STUCK_NO_PROGRESS,True,0,3,289,1248,unfinished implementation,2,
495,ML,7,307011,311,roman-to-integer,Roman to Integer,easy,lookahead condition,3,first_conceptual_error,off_by_one_first,CODE_HIGHLIGHT,First substantial mistake should receive the least sufficient intervention.,200,CODE_HIGHLIGHT,true,OFF_BY_ONE,True,1,2,263,1351,for loop condition,1,
496,ML,7,307011,311,roman-to-integer,Roman to Integer,easy,lookahead condition,4,repeated_conceptual_error,off_by_one_repeat,CONCEPTUAL_HINT,Repeated mistake should move from location cue to conceptual support.,200,CONCEPTUAL_HINT,true,OFF_BY_ONE,True,1,2,268,1124,for loop condition,1,
497,ML,7,307011,311,roman-to-integer,Roman to Integer,easy,lookahead condition,5,partial_logic,partial_but_compiling,CONCEPTUAL_HINT,Compiling but incomplete logic should receive a compact conceptual nudge.,200,CONCEPTUAL_HINT,true,UNKNOWN,True,1,2,260,2873,logic block,1,
498,ML,7,307011,311,roman-to-integer,Roman to Integer,easy,lookahead condition,6,local_completion,locally_complete,NO_FEEDBACK,Locally complete state should not be interrupted.,200,NO_FEEDBACK,true,UNKNOWN,True,3,0,263,1180,logic block,1,
499,ML,7,307012,312,climbing-stairs,Climbing Stairs,easy,base cases and recurrence,1,syntax,missing_statement_ending,CODE_HIGHLIGHT,First syntax error should be localized before giving a concept explanation.,200,CODE_HIGHLIGHT,true,SYNTAX_ERROR,False,0,0,55,807,statement ending,1,
500,ML,7,307012,312,climbing-stairs,Climbing Stairs,easy,base cases and recurrence,2,planning,unfinished_implementation,GUIDING_QUESTION,Unfinished code should prompt the student to state the next step.,200,GUIDING_QUESTION,true,STUCK_NO_PROGRESS,True,0,3,251,1233,unfinished implementation,2,
501,ML,7,307012,312,climbing-stairs,Climbing Stairs,easy,base cases and recurrence,3,first_conceptual_error,wrong_condition_first,CONCEPTUAL_HINT,First substantial mistake should receive the least sufficient intervention.,200,CONCEPTUAL_HINT,true,WRONG_CONDITION,True,1,2,253,1137,while condition,1,
502,ML,7,307012,312,climbing-stairs,Climbing Stairs,easy,base cases and recurrence,4,repeated_conceptual_error,wrong_condition_repeat,CONCEPTUAL_HINT,Repeated mistake should move from location cue to conceptual support.,200,CONCEPTUAL_HINT,true,WRONG_CONDITION,True,1,2,255,1575,while condition,1,
503,ML,7,307012,312,climbing-stairs,Climbing Stairs,easy,base cases and recurrence,5,partial_logic,partial_but_compiling,CONCEPTUAL_HINT,Compiling but incomplete logic should receive a compact conceptual nudge.,200,CONCEPTUAL_HINT,true,UNKNOWN,True,1,2,277,1100,logic block,1,
504,ML,7,307012,312,climbing-stairs,Climbing Stairs,easy,base cases and recurrence,6,local_completion,locally_complete,NO_FEEDBACK,Locally complete state should not be interrupted.,200,CODE_HIGHLIGHT,false,OFF_BY_ONE,True,1,2,277,1233,for loop condition,1,
505,ML,8,308001,301,palindrome,Valid Palindrome,easy,two pointers and string normalization,1,syntax,missing_statement_ending,CODE_HIGHLIGHT,First syntax error should be localized before giving a concept explanation.,200,CODE_HIGHLIGHT,true,SYNTAX_ERROR,False,0,0,50,977,statement ending,1,
506,ML,8,308001,301,palindrome,Valid Palindrome,easy,two pointers and string normalization,2,planning,unfinished_implementation,GUIDING_QUESTION,Unfinished code should prompt the student to state the next step.,200,GUIDING_QUESTION,true,STUCK_NO_PROGRESS,True,0,3,271,1533,unfinished implementation,2,
507,ML,8,308001,301,palindrome,Valid Palindrome,easy,two pointers and string normalization,3,first_conceptual_error,possible_null_access_first,CODE_HIGHLIGHT,First substantial mistake should receive the least sufficient intervention.,200,CODE_HIGHLIGHT,true,POSSIBLE_NULL_ACCESS,True,3,0,257,1148,missing null or empty guard,1,
508,ML,8,308001,301,palindrome,Valid Palindrome,easy,two pointers and string normalization,4,repeated_conceptual_error,possible_null_access_repeat,CONCEPTUAL_HINT,Repeated mistake should move from location cue to conceptual support.,200,CONCEPTUAL_HINT,true,POSSIBLE_NULL_ACCESS,True,3,0,264,1158,missing null or empty guard,1,
509,ML,8,308001,301,palindrome,Valid Palindrome,easy,two pointers and string normalization,5,partial_logic,partial_but_compiling,CONCEPTUAL_HINT,Compiling but incomplete logic should receive a compact conceptual nudge.,200,CONCEPTUAL_HINT,true,UNKNOWN,True,1,2,258,1319,logic block,1,
510,ML,8,308001,301,palindrome,Valid Palindrome,easy,two pointers and string normalization,6,local_completion,locally_complete,NO_FEEDBACK,Locally complete state should not be interrupted.,200,NO_FEEDBACK,true,WRONG_CONDITION,True,3,0,252,1309,while condition,1,
511,ML,8,308002,302,two-sum,Two Sum,easy,hash map lookup and pair search,1,syntax,missing_statement_ending,CODE_HIGHLIGHT,First syntax error should be localized before giving a concept explanation.,200,CODE_HIGHLIGHT,true,SYNTAX_ERROR,False,0,0,49,1003,statement ending,1,
512,ML,8,308002,302,two-sum,Two Sum,easy,hash map lookup and pair search,2,planning,unfinished_implementation,GUIDING_QUESTION,Unfinished code should prompt the student to state the next step.,200,GUIDING_QUESTION,true,STUCK_NO_PROGRESS,True,0,3,268,1166,unfinished implementation,2,
513,ML,8,308002,302,two-sum,Two Sum,easy,hash map lookup and pair search,3,first_conceptual_error,off_by_one_first,CODE_HIGHLIGHT,First substantial mistake should receive the least sufficient intervention.,200,CODE_HIGHLIGHT,true,OFF_BY_ONE,True,1,2,275,1349,for loop condition,1,
514,ML,8,308002,302,two-sum,Two Sum,easy,hash map lookup and pair search,4,repeated_conceptual_error,off_by_one_repeat,CONCEPTUAL_HINT,Repeated mistake should move from location cue to conceptual support.,200,CONCEPTUAL_HINT,true,OFF_BY_ONE,True,1,2,260,1222,for loop condition,1,
515,ML,8,308002,302,two-sum,Two Sum,easy,hash map lookup and pair search,5,partial_logic,partial_but_compiling,CONCEPTUAL_HINT,Compiling but incomplete logic should receive a compact conceptual nudge.,200,CONCEPTUAL_HINT,true,UNKNOWN,True,1,2,255,1584,logic block,1,
516,ML,8,308002,302,two-sum,Two Sum,easy,hash map lookup and pair search,6,local_completion,locally_complete,NO_FEEDBACK,Locally complete state should not be interrupted.,200,NO_FEEDBACK,true,UNKNOWN,True,3,0,263,988,logic block,1,
517,ML,8,308003,303,valid-parentheses,Valid Parentheses,easy,stack state and matching brackets,1,syntax,missing_statement_ending,CODE_HIGHLIGHT,First syntax error should be localized before giving a concept explanation.,200,CODE_HIGHLIGHT,true,SYNTAX_ERROR,False,0,0,49,830,statement ending,1,
518,ML,8,308003,303,valid-parentheses,Valid Parentheses,easy,stack state and matching brackets,2,planning,unfinished_implementation,GUIDING_QUESTION,Unfinished code should prompt the student to state the next step.,200,GUIDING_QUESTION,true,STUCK_NO_PROGRESS,True,0,3,260,1037,unfinished implementation,2,
519,ML,8,308003,303,valid-parentheses,Valid Parentheses,easy,stack state and matching brackets,3,first_conceptual_error,possible_null_access_first,CODE_HIGHLIGHT,First substantial mistake should receive the least sufficient intervention.,200,NO_FEEDBACK,false,UNKNOWN,True,3,0,259,1149,logic block,1,
520,ML,8,308003,303,valid-parentheses,Valid Parentheses,easy,stack state and matching brackets,4,repeated_conceptual_error,possible_null_access_repeat,CONCEPTUAL_HINT,Repeated mistake should move from location cue to conceptual support.,200,NO_FEEDBACK,false,UNKNOWN,True,3,0,261,1078,logic block,1,
521,ML,8,308003,303,valid-parentheses,Valid Parentheses,easy,stack state and matching brackets,5,partial_logic,partial_but_compiling,CONCEPTUAL_HINT,Compiling but incomplete logic should receive a compact conceptual nudge.,200,CONCEPTUAL_HINT,true,UNKNOWN,True,1,2,258,1216,logic block,1,
522,ML,8,308003,303,valid-parentheses,Valid Parentheses,easy,stack state and matching brackets,6,local_completion,locally_complete,NO_FEEDBACK,Locally complete state should not be interrupted.,200,CONCEPTUAL_HINT,false,UNKNOWN,True,3,0,271,999,logic block,1,
523,ML,8,308004,304,binary-search,Binary Search,easy,search interval invariant,1,syntax,missing_statement_ending,CODE_HIGHLIGHT,First syntax error should be localized before giving a concept explanation.,200,CODE_HIGHLIGHT,true,SYNTAX_ERROR,False,0,0,49,812,statement ending,1,
524,ML,8,308004,304,binary-search,Binary Search,easy,search interval invariant,2,planning,unfinished_implementation,GUIDING_QUESTION,Unfinished code should prompt the student to state the next step.,200,GUIDING_QUESTION,true,STUCK_NO_PROGRESS,True,0,3,266,1141,unfinished implementation,2,
525,ML,8,308004,304,binary-search,Binary Search,easy,search interval invariant,3,first_conceptual_error,wrong_loop_boundary_first,CODE_HIGHLIGHT,First substantial mistake should receive the least sufficient intervention.,200,CODE_HIGHLIGHT,true,WRONG_LOOP_BOUNDARY,True,1,2,259,1161,binary search loop boundary,1,
526,ML,8,308004,304,binary-search,Binary Search,easy,search interval invariant,4,repeated_conceptual_error,wrong_loop_boundary_repeat,CONCEPTUAL_HINT,Repeated mistake should move from location cue to conceptual support.,200,CONCEPTUAL_HINT,true,WRONG_LOOP_BOUNDARY,True,1,2,257,1066,binary search loop boundary,1,
527,ML,8,308004,304,binary-search,Binary Search,easy,search interval invariant,5,partial_logic,partial_but_compiling,CONCEPTUAL_HINT,Compiling but incomplete logic should receive a compact conceptual nudge.,200,CONCEPTUAL_HINT,true,UNKNOWN,True,1,2,258,1144,logic block,1,
528,ML,8,308004,304,binary-search,Binary Search,easy,search interval invariant,6,local_completion,locally_complete,NO_FEEDBACK,Locally complete state should not be interrupted.,200,NO_FEEDBACK,true,UNKNOWN,True,3,0,264,1055,logic block,1,
529,ML,8,308005,305,merge-sorted-array,Merge Sorted Array,easy,array index management,1,syntax,missing_statement_ending,CODE_HIGHLIGHT,First syntax error should be localized before giving a concept explanation.,200,CODE_HIGHLIGHT,true,SYNTAX_ERROR,False,0,0,50,1041,statement ending,1,
530,ML,8,308005,305,merge-sorted-array,Merge Sorted Array,easy,array index management,2,planning,unfinished_implementation,GUIDING_QUESTION,Unfinished code should prompt the student to state the next step.,200,GUIDING_QUESTION,true,STUCK_NO_PROGRESS,True,0,3,254,6996,unfinished implementation,2,
531,ML,8,308005,305,merge-sorted-array,Merge Sorted Array,easy,array index management,3,first_conceptual_error,off_by_one_first,CODE_HIGHLIGHT,First substantial mistake should receive the least sufficient intervention.,200,CODE_HIGHLIGHT,true,OFF_BY_ONE,True,1,2,267,1445,for loop condition,1,
532,ML,8,308005,305,merge-sorted-array,Merge Sorted Array,easy,array index management,4,repeated_conceptual_error,off_by_one_repeat,CONCEPTUAL_HINT,Repeated mistake should move from location cue to conceptual support.,200,CONCEPTUAL_HINT,true,OFF_BY_ONE,True,1,2,273,1215,for loop condition,1,
533,ML,8,308005,305,merge-sorted-array,Merge Sorted Array,easy,array index management,5,partial_logic,partial_but_compiling,CONCEPTUAL_HINT,Compiling but incomplete logic should receive a compact conceptual nudge.,200,CONCEPTUAL_HINT,true,UNKNOWN,True,1,2,263,2797,logic block,1,
534,ML,8,308005,305,merge-sorted-array,Merge Sorted Array,easy,array index management,6,local_completion,locally_complete,NO_FEEDBACK,Locally complete state should not be interrupted.,200,NO_FEEDBACK,true,UNKNOWN,True,3,0,251,2186,logic block,1,
535,ML,8,308006,306,trapping-rain-water,Trapping Rain Water,hard,two pointers and running maxima,1,syntax,missing_statement_ending,CODE_HIGHLIGHT,First syntax error should be localized before giving a concept explanation.,200,CODE_HIGHLIGHT,true,SYNTAX_ERROR,False,0,0,52,1426,statement ending,1,
536,ML,8,308006,306,trapping-rain-water,Trapping Rain Water,hard,two pointers and running maxima,2,planning,unfinished_implementation,GUIDING_QUESTION,Unfinished code should prompt the student to state the next step.,200,GUIDING_QUESTION,true,STUCK_NO_PROGRESS,True,0,3,294,1411,unfinished implementation,2,
537,ML,8,308006,306,trapping-rain-water,Trapping Rain Water,hard,two pointers and running maxima,3,first_conceptual_error,wrong_condition_first,CONCEPTUAL_HINT,First substantial mistake should receive the least sufficient intervention.,200,CONCEPTUAL_HINT,true,WRONG_CONDITION,True,1,2,264,1478,while condition,1,
538,ML,8,308006,306,trapping-rain-water,Trapping Rain Water,hard,two pointers and running maxima,4,repeated_conceptual_error,wrong_condition_repeat,CONCEPTUAL_HINT,Repeated mistake should move from location cue to conceptual support.,200,CONCEPTUAL_HINT,true,WRONG_CONDITION,True,1,2,260,1290,while condition,1,
539,ML,8,308006,306,trapping-rain-water,Trapping Rain Water,hard,two pointers and running maxima,5,partial_logic,partial_but_compiling,CONCEPTUAL_HINT,Compiling but incomplete logic should receive a compact conceptual nudge.,200,CONCEPTUAL_HINT,true,UNKNOWN,True,1,2,257,1243,logic block,1,
540,ML,8,308006,306,trapping-rain-water,Trapping Rain Water,hard,two pointers and running maxima,6,local_completion,locally_complete,NO_FEEDBACK,Locally complete state should not be interrupted.,200,NO_FEEDBACK,true,UNKNOWN,True,3,0,257,1079,logic block,1,
541,ML,8,308007,307,lru-cache,LRU Cache,medium,state update and eviction policy,1,syntax,missing_statement_ending,CODE_HIGHLIGHT,First syntax error should be localized before giving a concept explanation.,200,CODE_HIGHLIGHT,true,SYNTAX_ERROR,False,0,0,50,1133,statement ending,1,
542,ML,8,308007,307,lru-cache,LRU Cache,medium,state update and eviction policy,2,planning,unfinished_implementation,GUIDING_QUESTION,Unfinished code should prompt the student to state the next step.,200,GUIDING_QUESTION,true,STUCK_NO_PROGRESS,True,0,3,258,1202,unfinished implementation,2,
543,ML,8,308007,307,lru-cache,LRU Cache,medium,state update and eviction policy,3,first_conceptual_error,unknown_logic_first,CONCEPTUAL_HINT,First substantial mistake should receive the least sufficient intervention.,200,NO_FEEDBACK,false,UNKNOWN,True,3,0,267,1190,logic block,1,
544,ML,8,308007,307,lru-cache,LRU Cache,medium,state update and eviction policy,4,repeated_conceptual_error,unknown_logic_repeat,CONCEPTUAL_HINT,Repeated mistake should move from location cue to conceptual support.,200,NO_FEEDBACK,false,UNKNOWN,True,3,0,268,1368,logic block,1,
545,ML,8,308007,307,lru-cache,LRU Cache,medium,state update and eviction policy,5,partial_logic,partial_but_compiling,CONCEPTUAL_HINT,Compiling but incomplete logic should receive a compact conceptual nudge.,200,CONCEPTUAL_HINT,true,UNKNOWN,True,1,2,251,1104,logic block,1,
546,ML,8,308007,307,lru-cache,LRU Cache,medium,state update and eviction policy,6,local_completion,locally_complete,NO_FEEDBACK,Locally complete state should not be interrupted.,200,CONCEPTUAL_HINT,false,UNKNOWN,True,3,0,256,1289,logic block,1,
547,ML,8,308008,308,longest-substring,Longest Substring Without Repeating Characters,medium,sliding window invariant,1,syntax,missing_statement_ending,CODE_HIGHLIGHT,First syntax error should be localized before giving a concept explanation.,200,CODE_HIGHLIGHT,true,SYNTAX_ERROR,False,0,0,54,1087,statement ending,1,
548,ML,8,308008,308,longest-substring,Longest Substring Without Repeating Characters,medium,sliding window invariant,2,planning,unfinished_implementation,GUIDING_QUESTION,Unfinished code should prompt the student to state the next step.,200,GUIDING_QUESTION,true,STUCK_NO_PROGRESS,True,0,3,260,1524,unfinished implementation,2,
549,ML,8,308008,308,longest-substring,Longest Substring Without Repeating Characters,medium,sliding window invariant,3,first_conceptual_error,off_by_one_first,CODE_HIGHLIGHT,First substantial mistake should receive the least sufficient intervention.,200,CODE_HIGHLIGHT,true,OFF_BY_ONE,True,1,2,264,1914,for loop condition,1,
550,ML,8,308008,308,longest-substring,Longest Substring Without Repeating Characters,medium,sliding window invariant,4,repeated_conceptual_error,off_by_one_repeat,CONCEPTUAL_HINT,Repeated mistake should move from location cue to conceptual support.,200,CONCEPTUAL_HINT,true,OFF_BY_ONE,True,1,2,262,1370,for loop condition,1,
551,ML,8,308008,308,longest-substring,Longest Substring Without Repeating Characters,medium,sliding window invariant,5,partial_logic,partial_but_compiling,CONCEPTUAL_HINT,Compiling but incomplete logic should receive a compact conceptual nudge.,200,CONCEPTUAL_HINT,true,UNKNOWN,True,1,2,259,1057,logic block,1,
552,ML,8,308008,308,longest-substring,Longest Substring Without Repeating Characters,medium,sliding window invariant,6,local_completion,locally_complete,NO_FEEDBACK,Locally complete state should not be interrupted.,200,NO_FEEDBACK,true,UNKNOWN,True,3,0,253,2056,logic block,1,
553,ML,8,308009,309,reverse-linked-list,Reverse Linked List,easy,pointer update order,1,syntax,missing_statement_ending,CODE_HIGHLIGHT,First syntax error should be localized before giving a concept explanation.,200,CODE_HIGHLIGHT,true,SYNTAX_ERROR,False,0,0,48,1281,statement ending,1,
554,ML,8,308009,309,reverse-linked-list,Reverse Linked List,easy,pointer update order,2,planning,unfinished_implementation,GUIDING_QUESTION,Unfinished code should prompt the student to state the next step.,200,GUIDING_QUESTION,true,STUCK_NO_PROGRESS,True,0,3,267,1125,unfinished implementation,2,
555,ML,8,308009,309,reverse-linked-list,Reverse Linked List,easy,pointer update order,3,first_conceptual_error,wrong_condition_first,CONCEPTUAL_HINT,First substantial mistake should receive the least sufficient intervention.,200,CONCEPTUAL_HINT,true,WRONG_CONDITION,True,1,2,277,2182,while condition,1,
556,ML,8,308009,309,reverse-linked-list,Reverse Linked List,easy,pointer update order,4,repeated_conceptual_error,wrong_condition_repeat,CONCEPTUAL_HINT,Repeated mistake should move from location cue to conceptual support.,200,CONCEPTUAL_HINT,true,WRONG_CONDITION,True,1,2,261,2639,while condition,1,
557,ML,8,308009,309,reverse-linked-list,Reverse Linked List,easy,pointer update order,5,partial_logic,partial_but_compiling,CONCEPTUAL_HINT,Compiling but incomplete logic should receive a compact conceptual nudge.,200,CONCEPTUAL_HINT,true,UNKNOWN,True,1,2,262,2207,logic block,1,
558,ML,8,308009,309,reverse-linked-list,Reverse Linked List,easy,pointer update order,6,local_completion,locally_complete,NO_FEEDBACK,Locally complete state should not be interrupted.,200,NO_FEEDBACK,true,UNKNOWN,True,3,0,256,2007,logic block,1,
559,ML,8,308010,310,matrix-diagonal-sum,Matrix Diagonal Sum,easy,nested indexing and double counting,1,syntax,missing_statement_ending,CODE_HIGHLIGHT,First syntax error should be localized before giving a concept explanation.,200,CODE_HIGHLIGHT,true,SYNTAX_ERROR,False,0,0,51,895,statement ending,1,
560,ML,8,308010,310,matrix-diagonal-sum,Matrix Diagonal Sum,easy,nested indexing and double counting,2,planning,unfinished_implementation,GUIDING_QUESTION,Unfinished code should prompt the student to state the next step.,200,GUIDING_QUESTION,true,STUCK_NO_PROGRESS,True,0,3,264,1318,unfinished implementation,2,
561,ML,8,308010,310,matrix-diagonal-sum,Matrix Diagonal Sum,easy,nested indexing and double counting,3,first_conceptual_error,off_by_one_first,CODE_HIGHLIGHT,First substantial mistake should receive the least sufficient intervention.,200,CODE_HIGHLIGHT,true,OFF_BY_ONE,True,1,2,264,1207,for loop condition,1,
562,ML,8,308010,310,matrix-diagonal-sum,Matrix Diagonal Sum,easy,nested indexing and double counting,4,repeated_conceptual_error,off_by_one_repeat,CONCEPTUAL_HINT,Repeated mistake should move from location cue to conceptual support.,200,CONCEPTUAL_HINT,true,OFF_BY_ONE,True,1,2,260,1029,for loop condition,1,
563,ML,8,308010,310,matrix-diagonal-sum,Matrix Diagonal Sum,easy,nested indexing and double counting,5,partial_logic,partial_but_compiling,CONCEPTUAL_HINT,Compiling but incomplete logic should receive a compact conceptual nudge.,200,CONCEPTUAL_HINT,true,UNKNOWN,True,1,2,254,1045,logic block,1,
564,ML,8,308010,310,matrix-diagonal-sum,Matrix Diagonal Sum,easy,nested indexing and double counting,6,local_completion,locally_complete,NO_FEEDBACK,Locally complete state should not be interrupted.,200,NO_FEEDBACK,true,UNKNOWN,True,3,0,259,833,logic block,1,
565,ML,8,308011,311,roman-to-integer,Roman to Integer,easy,lookahead condition,1,syntax,missing_statement_ending,CODE_HIGHLIGHT,First syntax error should be localized before giving a concept explanation.,200,CODE_HIGHLIGHT,true,SYNTAX_ERROR,False,0,0,50,1182,statement ending,1,
566,ML,8,308011,311,roman-to-integer,Roman to Integer,easy,lookahead condition,2,planning,unfinished_implementation,GUIDING_QUESTION,Unfinished code should prompt the student to state the next step.,200,GUIDING_QUESTION,true,STUCK_NO_PROGRESS,True,0,3,265,1092,unfinished implementation,2,
567,ML,8,308011,311,roman-to-integer,Roman to Integer,easy,lookahead condition,3,first_conceptual_error,off_by_one_first,CODE_HIGHLIGHT,First substantial mistake should receive the least sufficient intervention.,200,CODE_HIGHLIGHT,true,OFF_BY_ONE,True,1,2,263,1003,for loop condition,1,
568,ML,8,308011,311,roman-to-integer,Roman to Integer,easy,lookahead condition,4,repeated_conceptual_error,off_by_one_repeat,CONCEPTUAL_HINT,Repeated mistake should move from location cue to conceptual support.,200,CONCEPTUAL_HINT,true,OFF_BY_ONE,True,1,2,268,1197,for loop condition,1,
569,ML,8,308011,311,roman-to-integer,Roman to Integer,easy,lookahead condition,5,partial_logic,partial_but_compiling,CONCEPTUAL_HINT,Compiling but incomplete logic should receive a compact conceptual nudge.,200,CONCEPTUAL_HINT,true,UNKNOWN,True,1,2,267,1332,logic block,1,
570,ML,8,308011,311,roman-to-integer,Roman to Integer,easy,lookahead condition,6,local_completion,locally_complete,NO_FEEDBACK,Locally complete state should not be interrupted.,200,NO_FEEDBACK,true,UNKNOWN,True,3,0,260,1414,logic block,1,
571,ML,8,308012,312,climbing-stairs,Climbing Stairs,easy,base cases and recurrence,1,syntax,missing_statement_ending,CODE_HIGHLIGHT,First syntax error should be localized before giving a concept explanation.,200,CODE_HIGHLIGHT,true,SYNTAX_ERROR,False,0,0,49,781,statement ending,1,
572,ML,8,308012,312,climbing-stairs,Climbing Stairs,easy,base cases and recurrence,2,planning,unfinished_implementation,GUIDING_QUESTION,Unfinished code should prompt the student to state the next step.,200,GUIDING_QUESTION,true,STUCK_NO_PROGRESS,True,0,3,257,2685,unfinished implementation,2,
573,ML,8,308012,312,climbing-stairs,Climbing Stairs,easy,base cases and recurrence,3,first_conceptual_error,wrong_condition_first,CONCEPTUAL_HINT,First substantial mistake should receive the least sufficient intervention.,200,CONCEPTUAL_HINT,true,WRONG_CONDITION,True,1,2,264,1057,while condition,1,
574,ML,8,308012,312,climbing-stairs,Climbing Stairs,easy,base cases and recurrence,4,repeated_conceptual_error,wrong_condition_repeat,CONCEPTUAL_HINT,Repeated mistake should move from location cue to conceptual support.,200,CONCEPTUAL_HINT,true,WRONG_CONDITION,True,1,2,259,1174,while condition,1,
575,ML,8,308012,312,climbing-stairs,Climbing Stairs,easy,base cases and recurrence,5,partial_logic,partial_but_compiling,CONCEPTUAL_HINT,Compiling but incomplete logic should receive a compact conceptual nudge.,200,CONCEPTUAL_HINT,true,UNKNOWN,True,1,2,260,1534,logic block,1,
576,ML,8,308012,312,climbing-stairs,Climbing Stairs,easy,base cases and recurrence,6,local_completion,locally_complete,NO_FEEDBACK,Locally complete state should not be interrupted.,200,CODE_HIGHLIGHT,false,OFF_BY_ONE,True,1,2,287,1486,for loop condition,1,
577,ML,9,309001,301,palindrome,Valid Palindrome,easy,two pointers and string normalization,1,syntax,missing_statement_ending,CODE_HIGHLIGHT,First syntax error should be localized before giving a concept explanation.,200,CODE_HIGHLIGHT,true,SYNTAX_ERROR,False,0,0,51,1174,statement ending,1,
578,ML,9,309001,301,palindrome,Valid Palindrome,easy,two pointers and string normalization,2,planning,unfinished_implementation,GUIDING_QUESTION,Unfinished code should prompt the student to state the next step.,200,GUIDING_QUESTION,true,STUCK_NO_PROGRESS,True,0,3,254,1194,unfinished implementation,2,
579,ML,9,309001,301,palindrome,Valid Palindrome,easy,two pointers and string normalization,3,first_conceptual_error,possible_null_access_first,CODE_HIGHLIGHT,First substantial mistake should receive the least sufficient intervention.,200,CODE_HIGHLIGHT,true,POSSIBLE_NULL_ACCESS,True,3,0,265,1034,missing null or empty guard,1,
580,ML,9,309001,301,palindrome,Valid Palindrome,easy,two pointers and string normalization,4,repeated_conceptual_error,possible_null_access_repeat,CONCEPTUAL_HINT,Repeated mistake should move from location cue to conceptual support.,200,CONCEPTUAL_HINT,true,POSSIBLE_NULL_ACCESS,True,3,0,322,1138,missing null or empty guard,1,
581,ML,9,309001,301,palindrome,Valid Palindrome,easy,two pointers and string normalization,5,partial_logic,partial_but_compiling,CONCEPTUAL_HINT,Compiling but incomplete logic should receive a compact conceptual nudge.,200,CONCEPTUAL_HINT,true,UNKNOWN,True,1,2,253,1157,logic block,1,
582,ML,9,309001,301,palindrome,Valid Palindrome,easy,two pointers and string normalization,6,local_completion,locally_complete,NO_FEEDBACK,Locally complete state should not be interrupted.,200,NO_FEEDBACK,true,WRONG_CONDITION,True,3,0,263,1183,while condition,1,
583,ML,9,309002,302,two-sum,Two Sum,easy,hash map lookup and pair search,1,syntax,missing_statement_ending,CODE_HIGHLIGHT,First syntax error should be localized before giving a concept explanation.,200,CODE_HIGHLIGHT,true,SYNTAX_ERROR,False,0,0,50,903,statement ending,1,
584,ML,9,309002,302,two-sum,Two Sum,easy,hash map lookup and pair search,2,planning,unfinished_implementation,GUIDING_QUESTION,Unfinished code should prompt the student to state the next step.,200,GUIDING_QUESTION,true,STUCK_NO_PROGRESS,True,0,3,256,1294,unfinished implementation,2,
585,ML,9,309002,302,two-sum,Two Sum,easy,hash map lookup and pair search,3,first_conceptual_error,off_by_one_first,CODE_HIGHLIGHT,First substantial mistake should receive the least sufficient intervention.,200,CODE_HIGHLIGHT,true,OFF_BY_ONE,True,1,2,273,1251,for loop condition,1,
586,ML,9,309002,302,two-sum,Two Sum,easy,hash map lookup and pair search,4,repeated_conceptual_error,off_by_one_repeat,CONCEPTUAL_HINT,Repeated mistake should move from location cue to conceptual support.,200,CONCEPTUAL_HINT,true,OFF_BY_ONE,True,1,2,267,1156,for loop condition,1,
587,ML,9,309002,302,two-sum,Two Sum,easy,hash map lookup and pair search,5,partial_logic,partial_but_compiling,CONCEPTUAL_HINT,Compiling but incomplete logic should receive a compact conceptual nudge.,200,CONCEPTUAL_HINT,true,UNKNOWN,True,1,2,265,1244,logic block,1,
588,ML,9,309002,302,two-sum,Two Sum,easy,hash map lookup and pair search,6,local_completion,locally_complete,NO_FEEDBACK,Locally complete state should not be interrupted.,200,NO_FEEDBACK,true,UNKNOWN,True,3,0,266,1230,logic block,1,
589,ML,9,309003,303,valid-parentheses,Valid Parentheses,easy,stack state and matching brackets,1,syntax,missing_statement_ending,CODE_HIGHLIGHT,First syntax error should be localized before giving a concept explanation.,200,CODE_HIGHLIGHT,true,SYNTAX_ERROR,False,0,0,49,978,statement ending,1,
590,ML,9,309003,303,valid-parentheses,Valid Parentheses,easy,stack state and matching brackets,2,planning,unfinished_implementation,GUIDING_QUESTION,Unfinished code should prompt the student to state the next step.,200,GUIDING_QUESTION,true,STUCK_NO_PROGRESS,True,0,3,263,1316,unfinished implementation,2,
591,ML,9,309003,303,valid-parentheses,Valid Parentheses,easy,stack state and matching brackets,3,first_conceptual_error,possible_null_access_first,CODE_HIGHLIGHT,First substantial mistake should receive the least sufficient intervention.,200,NO_FEEDBACK,false,UNKNOWN,True,3,0,257,1060,logic block,1,
592,ML,9,309003,303,valid-parentheses,Valid Parentheses,easy,stack state and matching brackets,4,repeated_conceptual_error,possible_null_access_repeat,CONCEPTUAL_HINT,Repeated mistake should move from location cue to conceptual support.,200,NO_FEEDBACK,false,UNKNOWN,True,3,0,263,936,logic block,1,
593,ML,9,309003,303,valid-parentheses,Valid Parentheses,easy,stack state and matching brackets,5,partial_logic,partial_but_compiling,CONCEPTUAL_HINT,Compiling but incomplete logic should receive a compact conceptual nudge.,200,CONCEPTUAL_HINT,true,UNKNOWN,True,1,2,259,1048,logic block,1,
594,ML,9,309003,303,valid-parentheses,Valid Parentheses,easy,stack state and matching brackets,6,local_completion,locally_complete,NO_FEEDBACK,Locally complete state should not be interrupted.,200,CONCEPTUAL_HINT,false,UNKNOWN,True,3,0,308,1263,logic block,1,
595,ML,9,309004,304,binary-search,Binary Search,easy,search interval invariant,1,syntax,missing_statement_ending,CODE_HIGHLIGHT,First syntax error should be localized before giving a concept explanation.,200,CODE_HIGHLIGHT,true,SYNTAX_ERROR,False,0,0,49,841,statement ending,1,
596,ML,9,309004,304,binary-search,Binary Search,easy,search interval invariant,2,planning,unfinished_implementation,GUIDING_QUESTION,Unfinished code should prompt the student to state the next step.,200,GUIDING_QUESTION,true,STUCK_NO_PROGRESS,True,0,3,265,1194,unfinished implementation,2,
597,ML,9,309004,304,binary-search,Binary Search,easy,search interval invariant,3,first_conceptual_error,wrong_loop_boundary_first,CODE_HIGHLIGHT,First substantial mistake should receive the least sufficient intervention.,200,CODE_HIGHLIGHT,true,WRONG_LOOP_BOUNDARY,True,1,2,270,1308,binary search loop boundary,1,
598,ML,9,309004,304,binary-search,Binary Search,easy,search interval invariant,4,repeated_conceptual_error,wrong_loop_boundary_repeat,CONCEPTUAL_HINT,Repeated mistake should move from location cue to conceptual support.,200,CONCEPTUAL_HINT,true,WRONG_LOOP_BOUNDARY,True,1,2,262,1265,binary search loop boundary,1,
599,ML,9,309004,304,binary-search,Binary Search,easy,search interval invariant,5,partial_logic,partial_but_compiling,CONCEPTUAL_HINT,Compiling but incomplete logic should receive a compact conceptual nudge.,200,CONCEPTUAL_HINT,true,UNKNOWN,True,1,2,260,1277,logic block,1,
600,ML,9,309004,304,binary-search,Binary Search,easy,search interval invariant,6,local_completion,locally_complete,NO_FEEDBACK,Locally complete state should not be interrupted.,200,NO_FEEDBACK,true,UNKNOWN,True,3,0,260,907,logic block,1,
601,ML,9,309005,305,merge-sorted-array,Merge Sorted Array,easy,array index management,1,syntax,missing_statement_ending,CODE_HIGHLIGHT,First syntax error should be localized before giving a concept explanation.,200,CODE_HIGHLIGHT,true,SYNTAX_ERROR,False,0,0,50,1234,statement ending,1,
602,ML,9,309005,305,merge-sorted-array,Merge Sorted Array,easy,array index management,2,planning,unfinished_implementation,GUIDING_QUESTION,Unfinished code should prompt the student to state the next step.,200,GUIDING_QUESTION,true,STUCK_NO_PROGRESS,True,0,3,258,1195,unfinished implementation,2,
603,ML,9,309005,305,merge-sorted-array,Merge Sorted Array,easy,array index management,3,first_conceptual_error,off_by_one_first,CODE_HIGHLIGHT,First substantial mistake should receive the least sufficient intervention.,200,CODE_HIGHLIGHT,true,OFF_BY_ONE,True,1,2,262,993,for loop condition,1,
604,ML,9,309005,305,merge-sorted-array,Merge Sorted Array,easy,array index management,4,repeated_conceptual_error,off_by_one_repeat,CONCEPTUAL_HINT,Repeated mistake should move from location cue to conceptual support.,200,CONCEPTUAL_HINT,true,OFF_BY_ONE,True,1,2,258,1116,for loop condition,1,
605,ML,9,309005,305,merge-sorted-array,Merge Sorted Array,easy,array index management,5,partial_logic,partial_but_compiling,CONCEPTUAL_HINT,Compiling but incomplete logic should receive a compact conceptual nudge.,200,CONCEPTUAL_HINT,true,UNKNOWN,True,1,2,256,1338,logic block,1,
606,ML,9,309005,305,merge-sorted-array,Merge Sorted Array,easy,array index management,6,local_completion,locally_complete,NO_FEEDBACK,Locally complete state should not be interrupted.,200,NO_FEEDBACK,true,UNKNOWN,True,3,0,257,1289,logic block,1,
607,ML,9,309006,306,trapping-rain-water,Trapping Rain Water,hard,two pointers and running maxima,1,syntax,missing_statement_ending,CODE_HIGHLIGHT,First syntax error should be localized before giving a concept explanation.,200,CODE_HIGHLIGHT,true,SYNTAX_ERROR,False,0,0,49,814,statement ending,1,
608,ML,9,309006,306,trapping-rain-water,Trapping Rain Water,hard,two pointers and running maxima,2,planning,unfinished_implementation,GUIDING_QUESTION,Unfinished code should prompt the student to state the next step.,200,GUIDING_QUESTION,true,STUCK_NO_PROGRESS,True,0,3,263,1186,unfinished implementation,2,
609,ML,9,309006,306,trapping-rain-water,Trapping Rain Water,hard,two pointers and running maxima,3,first_conceptual_error,wrong_condition_first,CONCEPTUAL_HINT,First substantial mistake should receive the least sufficient intervention.,200,CONCEPTUAL_HINT,true,WRONG_CONDITION,True,1,2,250,1284,while condition,1,
610,ML,9,309006,306,trapping-rain-water,Trapping Rain Water,hard,two pointers and running maxima,4,repeated_conceptual_error,wrong_condition_repeat,CONCEPTUAL_HINT,Repeated mistake should move from location cue to conceptual support.,200,CONCEPTUAL_HINT,true,WRONG_CONDITION,True,1,2,272,1232,while condition,1,
611,ML,9,309006,306,trapping-rain-water,Trapping Rain Water,hard,two pointers and running maxima,5,partial_logic,partial_but_compiling,CONCEPTUAL_HINT,Compiling but incomplete logic should receive a compact conceptual nudge.,200,CONCEPTUAL_HINT,true,UNKNOWN,True,1,2,271,1031,logic block,1,
612,ML,9,309006,306,trapping-rain-water,Trapping Rain Water,hard,two pointers and running maxima,6,local_completion,locally_complete,NO_FEEDBACK,Locally complete state should not be interrupted.,200,NO_FEEDBACK,true,UNKNOWN,True,3,0,273,1295,logic block,1,
613,ML,9,309007,307,lru-cache,LRU Cache,medium,state update and eviction policy,1,syntax,missing_statement_ending,CODE_HIGHLIGHT,First syntax error should be localized before giving a concept explanation.,200,CODE_HIGHLIGHT,true,SYNTAX_ERROR,False,0,0,50,1368,statement ending,1,
614,ML,9,309007,307,lru-cache,LRU Cache,medium,state update and eviction policy,2,planning,unfinished_implementation,GUIDING_QUESTION,Unfinished code should prompt the student to state the next step.,200,GUIDING_QUESTION,true,STUCK_NO_PROGRESS,True,0,3,254,1190,unfinished implementation,2,
615,ML,9,309007,307,lru-cache,LRU Cache,medium,state update and eviction policy,3,first_conceptual_error,unknown_logic_first,CONCEPTUAL_HINT,First substantial mistake should receive the least sufficient intervention.,200,NO_FEEDBACK,false,UNKNOWN,True,3,0,280,1344,logic block,1,
616,ML,9,309007,307,lru-cache,LRU Cache,medium,state update and eviction policy,4,repeated_conceptual_error,unknown_logic_repeat,CONCEPTUAL_HINT,Repeated mistake should move from location cue to conceptual support.,200,NO_FEEDBACK,false,UNKNOWN,True,3,0,276,3279,logic block,1,
617,ML,9,309007,307,lru-cache,LRU Cache,medium,state update and eviction policy,5,partial_logic,partial_but_compiling,CONCEPTUAL_HINT,Compiling but incomplete logic should receive a compact conceptual nudge.,200,CONCEPTUAL_HINT,true,UNKNOWN,True,1,2,278,1106,logic block,1,
618,ML,9,309007,307,lru-cache,LRU Cache,medium,state update and eviction policy,6,local_completion,locally_complete,NO_FEEDBACK,Locally complete state should not be interrupted.,0,,false,,,,,,30030,,1,timed out
619,ML,9,309008,308,longest-substring,Longest Substring Without Repeating Characters,medium,sliding window invariant,1,syntax,missing_statement_ending,CODE_HIGHLIGHT,First syntax error should be localized before giving a concept explanation.,200,CODE_HIGHLIGHT,true,SYNTAX_ERROR,False,0,0,53,2052,statement ending,1,
620,ML,9,309008,308,longest-substring,Longest Substring Without Repeating Characters,medium,sliding window invariant,2,planning,unfinished_implementation,GUIDING_QUESTION,Unfinished code should prompt the student to state the next step.,200,GUIDING_QUESTION,true,STUCK_NO_PROGRESS,True,0,3,262,2472,unfinished implementation,2,
621,ML,9,309008,308,longest-substring,Longest Substring Without Repeating Characters,medium,sliding window invariant,3,first_conceptual_error,off_by_one_first,CODE_HIGHLIGHT,First substantial mistake should receive the least sufficient intervention.,200,CODE_HIGHLIGHT,true,OFF_BY_ONE,True,1,2,255,2126,for loop condition,1,
622,ML,9,309008,308,longest-substring,Longest Substring Without Repeating Characters,medium,sliding window invariant,4,repeated_conceptual_error,off_by_one_repeat,CONCEPTUAL_HINT,Repeated mistake should move from location cue to conceptual support.,200,CONCEPTUAL_HINT,true,OFF_BY_ONE,True,1,2,264,1506,for loop condition,1,
623,ML,9,309008,308,longest-substring,Longest Substring Without Repeating Characters,medium,sliding window invariant,5,partial_logic,partial_but_compiling,CONCEPTUAL_HINT,Compiling but incomplete logic should receive a compact conceptual nudge.,200,CONCEPTUAL_HINT,true,UNKNOWN,True,1,2,261,1152,logic block,1,
624,ML,9,309008,308,longest-substring,Longest Substring Without Repeating Characters,medium,sliding window invariant,6,local_completion,locally_complete,NO_FEEDBACK,Locally complete state should not be interrupted.,200,NO_FEEDBACK,true,UNKNOWN,True,3,0,253,872,logic block,1,
625,ML,9,309009,309,reverse-linked-list,Reverse Linked List,easy,pointer update order,1,syntax,missing_statement_ending,CODE_HIGHLIGHT,First syntax error should be localized before giving a concept explanation.,200,CODE_HIGHLIGHT,true,SYNTAX_ERROR,False,0,0,49,755,statement ending,1,
626,ML,9,309009,309,reverse-linked-list,Reverse Linked List,easy,pointer update order,2,planning,unfinished_implementation,GUIDING_QUESTION,Unfinished code should prompt the student to state the next step.,200,GUIDING_QUESTION,true,STUCK_NO_PROGRESS,True,0,3,257,1019,unfinished implementation,2,
627,ML,9,309009,309,reverse-linked-list,Reverse Linked List,easy,pointer update order,3,first_conceptual_error,wrong_condition_first,CONCEPTUAL_HINT,First substantial mistake should receive the least sufficient intervention.,200,CONCEPTUAL_HINT,true,WRONG_CONDITION,True,1,2,255,1049,while condition,1,
628,ML,9,309009,309,reverse-linked-list,Reverse Linked List,easy,pointer update order,4,repeated_conceptual_error,wrong_condition_repeat,CONCEPTUAL_HINT,Repeated mistake should move from location cue to conceptual support.,200,CONCEPTUAL_HINT,true,WRONG_CONDITION,True,1,2,255,933,while condition,1,
629,ML,9,309009,309,reverse-linked-list,Reverse Linked List,easy,pointer update order,5,partial_logic,partial_but_compiling,CONCEPTUAL_HINT,Compiling but incomplete logic should receive a compact conceptual nudge.,200,CONCEPTUAL_HINT,true,UNKNOWN,True,1,2,269,944,logic block,1,
630,ML,9,309009,309,reverse-linked-list,Reverse Linked List,easy,pointer update order,6,local_completion,locally_complete,NO_FEEDBACK,Locally complete state should not be interrupted.,200,NO_FEEDBACK,true,UNKNOWN,True,3,0,272,882,logic block,1,
631,ML,9,309010,310,matrix-diagonal-sum,Matrix Diagonal Sum,easy,nested indexing and double counting,1,syntax,missing_statement_ending,CODE_HIGHLIGHT,First syntax error should be localized before giving a concept explanation.,200,CODE_HIGHLIGHT,true,SYNTAX_ERROR,False,0,0,48,811,statement ending,1,
632,ML,9,309010,310,matrix-diagonal-sum,Matrix Diagonal Sum,easy,nested indexing and double counting,2,planning,unfinished_implementation,GUIDING_QUESTION,Unfinished code should prompt the student to state the next step.,200,GUIDING_QUESTION,true,STUCK_NO_PROGRESS,True,0,3,254,1018,unfinished implementation,2,
633,ML,9,309010,310,matrix-diagonal-sum,Matrix Diagonal Sum,easy,nested indexing and double counting,3,first_conceptual_error,off_by_one_first,CODE_HIGHLIGHT,First substantial mistake should receive the least sufficient intervention.,200,CODE_HIGHLIGHT,true,OFF_BY_ONE,True,1,2,254,1110,for loop condition,1,
634,ML,9,309010,310,matrix-diagonal-sum,Matrix Diagonal Sum,easy,nested indexing and double counting,4,repeated_conceptual_error,off_by_one_repeat,CONCEPTUAL_HINT,Repeated mistake should move from location cue to conceptual support.,200,CONCEPTUAL_HINT,true,OFF_BY_ONE,True,1,2,256,935,for loop condition,1,
635,ML,9,309010,310,matrix-diagonal-sum,Matrix Diagonal Sum,easy,nested indexing and double counting,5,partial_logic,partial_but_compiling,CONCEPTUAL_HINT,Compiling but incomplete logic should receive a compact conceptual nudge.,200,CONCEPTUAL_HINT,true,UNKNOWN,True,1,2,292,1020,logic block,1,
636,ML,9,309010,310,matrix-diagonal-sum,Matrix Diagonal Sum,easy,nested indexing and double counting,6,local_completion,locally_complete,NO_FEEDBACK,Locally complete state should not be interrupted.,200,NO_FEEDBACK,true,UNKNOWN,True,3,0,263,1077,logic block,1,
637,ML,9,309011,311,roman-to-integer,Roman to Integer,easy,lookahead condition,1,syntax,missing_statement_ending,CODE_HIGHLIGHT,First syntax error should be localized before giving a concept explanation.,200,CODE_HIGHLIGHT,true,SYNTAX_ERROR,False,0,0,49,681,statement ending,1,
638,ML,9,309011,311,roman-to-integer,Roman to Integer,easy,lookahead condition,2,planning,unfinished_implementation,GUIDING_QUESTION,Unfinished code should prompt the student to state the next step.,200,GUIDING_QUESTION,true,STUCK_NO_PROGRESS,True,0,3,264,981,unfinished implementation,2,
639,ML,9,309011,311,roman-to-integer,Roman to Integer,easy,lookahead condition,3,first_conceptual_error,off_by_one_first,CODE_HIGHLIGHT,First substantial mistake should receive the least sufficient intervention.,200,CODE_HIGHLIGHT,true,OFF_BY_ONE,True,1,2,251,1023,for loop condition,1,
640,ML,9,309011,311,roman-to-integer,Roman to Integer,easy,lookahead condition,4,repeated_conceptual_error,off_by_one_repeat,CONCEPTUAL_HINT,Repeated mistake should move from location cue to conceptual support.,200,CONCEPTUAL_HINT,true,OFF_BY_ONE,True,1,2,257,1132,for loop condition,1,
641,ML,9,309011,311,roman-to-integer,Roman to Integer,easy,lookahead condition,5,partial_logic,partial_but_compiling,CONCEPTUAL_HINT,Compiling but incomplete logic should receive a compact conceptual nudge.,200,CONCEPTUAL_HINT,true,UNKNOWN,True,1,2,255,1067,logic block,1,
642,ML,9,309011,311,roman-to-integer,Roman to Integer,easy,lookahead condition,6,local_completion,locally_complete,NO_FEEDBACK,Locally complete state should not be interrupted.,200,NO_FEEDBACK,true,UNKNOWN,True,3,0,262,974,logic block,1,
643,ML,9,309012,312,climbing-stairs,Climbing Stairs,easy,base cases and recurrence,1,syntax,missing_statement_ending,CODE_HIGHLIGHT,First syntax error should be localized before giving a concept explanation.,200,CODE_HIGHLIGHT,true,SYNTAX_ERROR,False,0,0,51,835,statement ending,1,
644,ML,9,309012,312,climbing-stairs,Climbing Stairs,easy,base cases and recurrence,2,planning,unfinished_implementation,GUIDING_QUESTION,Unfinished code should prompt the student to state the next step.,200,GUIDING_QUESTION,true,STUCK_NO_PROGRESS,True,0,3,295,1229,unfinished implementation,2,
645,ML,9,309012,312,climbing-stairs,Climbing Stairs,easy,base cases and recurrence,3,first_conceptual_error,wrong_condition_first,CONCEPTUAL_HINT,First substantial mistake should receive the least sufficient intervention.,200,CONCEPTUAL_HINT,true,WRONG_CONDITION,True,1,2,299,1130,while condition,1,
646,ML,9,309012,312,climbing-stairs,Climbing Stairs,easy,base cases and recurrence,4,repeated_conceptual_error,wrong_condition_repeat,CONCEPTUAL_HINT,Repeated mistake should move from location cue to conceptual support.,200,CONCEPTUAL_HINT,true,WRONG_CONDITION,True,1,2,268,904,while condition,1,
647,ML,9,309012,312,climbing-stairs,Climbing Stairs,easy,base cases and recurrence,5,partial_logic,partial_but_compiling,CONCEPTUAL_HINT,Compiling but incomplete logic should receive a compact conceptual nudge.,200,CONCEPTUAL_HINT,true,UNKNOWN,True,1,2,262,1121,logic block,1,
648,ML,9,309012,312,climbing-stairs,Climbing Stairs,easy,base cases and recurrence,6,local_completion,locally_complete,NO_FEEDBACK,Locally complete state should not be interrupted.,200,CODE_HIGHLIGHT,false,OFF_BY_ONE,True,1,2,270,967,for loop condition,1,
649,ML,10,310001,301,palindrome,Valid Palindrome,easy,two pointers and string normalization,1,syntax,missing_statement_ending,CODE_HIGHLIGHT,First syntax error should be localized before giving a concept explanation.,200,CODE_HIGHLIGHT,true,SYNTAX_ERROR,False,0,0,50,885,statement ending,1,
650,ML,10,310001,301,palindrome,Valid Palindrome,easy,two pointers and string normalization,2,planning,unfinished_implementation,GUIDING_QUESTION,Unfinished code should prompt the student to state the next step.,200,GUIDING_QUESTION,true,STUCK_NO_PROGRESS,True,0,3,269,914,unfinished implementation,2,
651,ML,10,310001,301,palindrome,Valid Palindrome,easy,two pointers and string normalization,3,first_conceptual_error,possible_null_access_first,CODE_HIGHLIGHT,First substantial mistake should receive the least sufficient intervention.,200,CODE_HIGHLIGHT,true,POSSIBLE_NULL_ACCESS,True,3,0,261,1046,missing null or empty guard,1,
652,ML,10,310001,301,palindrome,Valid Palindrome,easy,two pointers and string normalization,4,repeated_conceptual_error,possible_null_access_repeat,CONCEPTUAL_HINT,Repeated mistake should move from location cue to conceptual support.,200,CONCEPTUAL_HINT,true,POSSIBLE_NULL_ACCESS,True,3,0,257,1044,missing null or empty guard,1,
653,ML,10,310001,301,palindrome,Valid Palindrome,easy,two pointers and string normalization,5,partial_logic,partial_but_compiling,CONCEPTUAL_HINT,Compiling but incomplete logic should receive a compact conceptual nudge.,200,CONCEPTUAL_HINT,true,UNKNOWN,True,1,2,258,1211,logic block,1,
654,ML,10,310001,301,palindrome,Valid Palindrome,easy,two pointers and string normalization,6,local_completion,locally_complete,NO_FEEDBACK,Locally complete state should not be interrupted.,200,NO_FEEDBACK,true,WRONG_CONDITION,True,3,0,267,1142,while condition,1,
655,ML,10,310002,302,two-sum,Two Sum,easy,hash map lookup and pair search,1,syntax,missing_statement_ending,CODE_HIGHLIGHT,First syntax error should be localized before giving a concept explanation.,200,CODE_HIGHLIGHT,true,SYNTAX_ERROR,False,0,0,53,948,statement ending,1,
656,ML,10,310002,302,two-sum,Two Sum,easy,hash map lookup and pair search,2,planning,unfinished_implementation,GUIDING_QUESTION,Unfinished code should prompt the student to state the next step.,200,GUIDING_QUESTION,true,STUCK_NO_PROGRESS,True,0,3,256,1015,unfinished implementation,2,
657,ML,10,310002,302,two-sum,Two Sum,easy,hash map lookup and pair search,3,first_conceptual_error,off_by_one_first,CODE_HIGHLIGHT,First substantial mistake should receive the least sufficient intervention.,200,CODE_HIGHLIGHT,true,OFF_BY_ONE,True,1,2,258,1042,for loop condition,1,
658,ML,10,310002,302,two-sum,Two Sum,easy,hash map lookup and pair search,4,repeated_conceptual_error,off_by_one_repeat,CONCEPTUAL_HINT,Repeated mistake should move from location cue to conceptual support.,200,CONCEPTUAL_HINT,true,OFF_BY_ONE,True,1,2,255,1130,for loop condition,1,
659,ML,10,310002,302,two-sum,Two Sum,easy,hash map lookup and pair search,5,partial_logic,partial_but_compiling,CONCEPTUAL_HINT,Compiling but incomplete logic should receive a compact conceptual nudge.,200,CONCEPTUAL_HINT,true,UNKNOWN,True,1,2,258,894,logic block,1,
660,ML,10,310002,302,two-sum,Two Sum,easy,hash map lookup and pair search,6,local_completion,locally_complete,NO_FEEDBACK,Locally complete state should not be interrupted.,200,NO_FEEDBACK,true,UNKNOWN,True,3,0,256,962,logic block,1,
661,ML,10,310003,303,valid-parentheses,Valid Parentheses,easy,stack state and matching brackets,1,syntax,missing_statement_ending,CODE_HIGHLIGHT,First syntax error should be localized before giving a concept explanation.,200,CODE_HIGHLIGHT,true,SYNTAX_ERROR,False,0,0,49,776,statement ending,1,
662,ML,10,310003,303,valid-parentheses,Valid Parentheses,easy,stack state and matching brackets,2,planning,unfinished_implementation,GUIDING_QUESTION,Unfinished code should prompt the student to state the next step.,200,GUIDING_QUESTION,true,STUCK_NO_PROGRESS,True,0,3,263,962,unfinished implementation,2,
663,ML,10,310003,303,valid-parentheses,Valid Parentheses,easy,stack state and matching brackets,3,first_conceptual_error,possible_null_access_first,CODE_HIGHLIGHT,First substantial mistake should receive the least sufficient intervention.,200,NO_FEEDBACK,false,UNKNOWN,True,3,0,268,900,logic block,1,
664,ML,10,310003,303,valid-parentheses,Valid Parentheses,easy,stack state and matching brackets,4,repeated_conceptual_error,possible_null_access_repeat,CONCEPTUAL_HINT,Repeated mistake should move from location cue to conceptual support.,200,NO_FEEDBACK,false,UNKNOWN,True,3,0,256,834,logic block,1,
665,ML,10,310003,303,valid-parentheses,Valid Parentheses,easy,stack state and matching brackets,5,partial_logic,partial_but_compiling,CONCEPTUAL_HINT,Compiling but incomplete logic should receive a compact conceptual nudge.,200,CONCEPTUAL_HINT,true,UNKNOWN,True,1,2,269,1005,logic block,1,
666,ML,10,310003,303,valid-parentheses,Valid Parentheses,easy,stack state and matching brackets,6,local_completion,locally_complete,NO_FEEDBACK,Locally complete state should not be interrupted.,200,CONCEPTUAL_HINT,false,UNKNOWN,True,3,0,258,1292,logic block,1,
667,ML,10,310004,304,binary-search,Binary Search,easy,search interval invariant,1,syntax,missing_statement_ending,CODE_HIGHLIGHT,First syntax error should be localized before giving a concept explanation.,200,CODE_HIGHLIGHT,true,SYNTAX_ERROR,False,0,0,50,782,statement ending,1,
668,ML,10,310004,304,binary-search,Binary Search,easy,search interval invariant,2,planning,unfinished_implementation,GUIDING_QUESTION,Unfinished code should prompt the student to state the next step.,200,GUIDING_QUESTION,true,STUCK_NO_PROGRESS,True,0,3,254,1126,unfinished implementation,2,
669,ML,10,310004,304,binary-search,Binary Search,easy,search interval invariant,3,first_conceptual_error,wrong_loop_boundary_first,CODE_HIGHLIGHT,First substantial mistake should receive the least sufficient intervention.,200,CODE_HIGHLIGHT,true,WRONG_LOOP_BOUNDARY,True,1,2,258,2348,binary search loop boundary,1,
670,ML,10,310004,304,binary-search,Binary Search,easy,search interval invariant,4,repeated_conceptual_error,wrong_loop_boundary_repeat,CONCEPTUAL_HINT,Repeated mistake should move from location cue to conceptual support.,200,CONCEPTUAL_HINT,true,WRONG_LOOP_BOUNDARY,True,1,2,260,3032,binary search loop boundary,1,
671,ML,10,310004,304,binary-search,Binary Search,easy,search interval invariant,5,partial_logic,partial_but_compiling,CONCEPTUAL_HINT,Compiling but incomplete logic should receive a compact conceptual nudge.,200,CONCEPTUAL_HINT,true,UNKNOWN,True,1,2,258,2118,logic block,1,
672,ML,10,310004,304,binary-search,Binary Search,easy,search interval invariant,6,local_completion,locally_complete,NO_FEEDBACK,Locally complete state should not be interrupted.,200,NO_FEEDBACK,true,UNKNOWN,True,3,0,263,2288,logic block,1,
673,ML,10,310005,305,merge-sorted-array,Merge Sorted Array,easy,array index management,1,syntax,missing_statement_ending,CODE_HIGHLIGHT,First syntax error should be localized before giving a concept explanation.,200,CODE_HIGHLIGHT,true,SYNTAX_ERROR,False,0,0,50,879,statement ending,1,
674,ML,10,310005,305,merge-sorted-array,Merge Sorted Array,easy,array index management,2,planning,unfinished_implementation,GUIDING_QUESTION,Unfinished code should prompt the student to state the next step.,200,GUIDING_QUESTION,true,STUCK_NO_PROGRESS,True,0,3,261,984,unfinished implementation,2,
675,ML,10,310005,305,merge-sorted-array,Merge Sorted Array,easy,array index management,3,first_conceptual_error,off_by_one_first,CODE_HIGHLIGHT,First substantial mistake should receive the least sufficient intervention.,0,,false,,,,,,30025,,1,timed out
676,ML,10,310005,305,merge-sorted-array,Merge Sorted Array,easy,array index management,4,repeated_conceptual_error,off_by_one_repeat,CONCEPTUAL_HINT,Repeated mistake should move from location cue to conceptual support.,200,CODE_HIGHLIGHT,false,OFF_BY_ONE,True,1,2,259,1576,for loop condition,1,
677,ML,10,310005,305,merge-sorted-array,Merge Sorted Array,easy,array index management,5,partial_logic,partial_but_compiling,CONCEPTUAL_HINT,Compiling but incomplete logic should receive a compact conceptual nudge.,200,CONCEPTUAL_HINT,true,UNKNOWN,True,1,2,260,1329,logic block,1,
678,ML,10,310005,305,merge-sorted-array,Merge Sorted Array,easy,array index management,6,local_completion,locally_complete,NO_FEEDBACK,Locally complete state should not be interrupted.,200,NO_FEEDBACK,true,UNKNOWN,True,3,0,254,1230,logic block,1,
679,ML,10,310006,306,trapping-rain-water,Trapping Rain Water,hard,two pointers and running maxima,1,syntax,missing_statement_ending,CODE_HIGHLIGHT,First syntax error should be localized before giving a concept explanation.,200,CODE_HIGHLIGHT,true,SYNTAX_ERROR,False,0,0,51,872,statement ending,1,
680,ML,10,310006,306,trapping-rain-water,Trapping Rain Water,hard,two pointers and running maxima,2,planning,unfinished_implementation,GUIDING_QUESTION,Unfinished code should prompt the student to state the next step.,200,GUIDING_QUESTION,true,STUCK_NO_PROGRESS,True,0,3,255,972,unfinished implementation,2,
681,ML,10,310006,306,trapping-rain-water,Trapping Rain Water,hard,two pointers and running maxima,3,first_conceptual_error,wrong_condition_first,CONCEPTUAL_HINT,First substantial mistake should receive the least sufficient intervention.,200,CONCEPTUAL_HINT,true,WRONG_CONDITION,True,1,2,330,1295,while condition,1,
682,ML,10,310006,306,trapping-rain-water,Trapping Rain Water,hard,two pointers and running maxima,4,repeated_conceptual_error,wrong_condition_repeat,CONCEPTUAL_HINT,Repeated mistake should move from location cue to conceptual support.,200,CONCEPTUAL_HINT,true,WRONG_CONDITION,True,1,2,254,891,while condition,1,
683,ML,10,310006,306,trapping-rain-water,Trapping Rain Water,hard,two pointers and running maxima,5,partial_logic,partial_but_compiling,CONCEPTUAL_HINT,Compiling but incomplete logic should receive a compact conceptual nudge.,200,CONCEPTUAL_HINT,true,UNKNOWN,True,1,2,263,951,logic block,1,
684,ML,10,310006,306,trapping-rain-water,Trapping Rain Water,hard,two pointers and running maxima,6,local_completion,locally_complete,NO_FEEDBACK,Locally complete state should not be interrupted.,200,NO_FEEDBACK,true,UNKNOWN,True,3,0,257,1551,logic block,1,
685,ML,10,310007,307,lru-cache,LRU Cache,medium,state update and eviction policy,1,syntax,missing_statement_ending,CODE_HIGHLIGHT,First syntax error should be localized before giving a concept explanation.,200,CODE_HIGHLIGHT,true,SYNTAX_ERROR,False,0,0,50,1688,statement ending,1,
686,ML,10,310007,307,lru-cache,LRU Cache,medium,state update and eviction policy,2,planning,unfinished_implementation,GUIDING_QUESTION,Unfinished code should prompt the student to state the next step.,200,GUIDING_QUESTION,true,STUCK_NO_PROGRESS,True,0,3,260,829,unfinished implementation,2,
687,ML,10,310007,307,lru-cache,LRU Cache,medium,state update and eviction policy,3,first_conceptual_error,unknown_logic_first,CONCEPTUAL_HINT,First substantial mistake should receive the least sufficient intervention.,0,,false,,,,,,30027,,1,timed out
688,ML,10,310007,307,lru-cache,LRU Cache,medium,state update and eviction policy,4,repeated_conceptual_error,unknown_logic_repeat,CONCEPTUAL_HINT,Repeated mistake should move from location cue to conceptual support.,200,NO_FEEDBACK,false,UNKNOWN,True,3,0,262,1253,logic block,1,
689,ML,10,310007,307,lru-cache,LRU Cache,medium,state update and eviction policy,5,partial_logic,partial_but_compiling,CONCEPTUAL_HINT,Compiling but incomplete logic should receive a compact conceptual nudge.,200,CONCEPTUAL_HINT,true,UNKNOWN,True,1,2,288,1322,logic block,1,
690,ML,10,310007,307,lru-cache,LRU Cache,medium,state update and eviction policy,6,local_completion,locally_complete,NO_FEEDBACK,Locally complete state should not be interrupted.,200,CONCEPTUAL_HINT,false,UNKNOWN,True,3,0,260,1153,logic block,1,
691,ML,10,310008,308,longest-substring,Longest Substring Without Repeating Characters,medium,sliding window invariant,1,syntax,missing_statement_ending,CODE_HIGHLIGHT,First syntax error should be localized before giving a concept explanation.,200,CODE_HIGHLIGHT,true,SYNTAX_ERROR,False,0,0,50,936,statement ending,1,
692,ML,10,310008,308,longest-substring,Longest Substring Without Repeating Characters,medium,sliding window invariant,2,planning,unfinished_implementation,GUIDING_QUESTION,Unfinished code should prompt the student to state the next step.,200,GUIDING_QUESTION,true,STUCK_NO_PROGRESS,True,0,3,260,1109,unfinished implementation,2,
693,ML,10,310008,308,longest-substring,Longest Substring Without Repeating Characters,medium,sliding window invariant,3,first_conceptual_error,off_by_one_first,CODE_HIGHLIGHT,First substantial mistake should receive the least sufficient intervention.,200,CODE_HIGHLIGHT,true,OFF_BY_ONE,True,1,2,258,1087,for loop condition,1,
694,ML,10,310008,308,longest-substring,Longest Substring Without Repeating Characters,medium,sliding window invariant,4,repeated_conceptual_error,off_by_one_repeat,CONCEPTUAL_HINT,Repeated mistake should move from location cue to conceptual support.,200,CONCEPTUAL_HINT,true,OFF_BY_ONE,True,1,2,255,962,for loop condition,1,
695,ML,10,310008,308,longest-substring,Longest Substring Without Repeating Characters,medium,sliding window invariant,5,partial_logic,partial_but_compiling,CONCEPTUAL_HINT,Compiling but incomplete logic should receive a compact conceptual nudge.,200,CONCEPTUAL_HINT,true,UNKNOWN,True,1,2,256,1065,logic block,1,
696,ML,10,310008,308,longest-substring,Longest Substring Without Repeating Characters,medium,sliding window invariant,6,local_completion,locally_complete,NO_FEEDBACK,Locally complete state should not be interrupted.,200,NO_FEEDBACK,true,UNKNOWN,True,3,0,256,1027,logic block,1,
697,ML,10,310009,309,reverse-linked-list,Reverse Linked List,easy,pointer update order,1,syntax,missing_statement_ending,CODE_HIGHLIGHT,First syntax error should be localized before giving a concept explanation.,200,CODE_HIGHLIGHT,true,SYNTAX_ERROR,False,0,0,59,756,statement ending,1,
698,ML,10,310009,309,reverse-linked-list,Reverse Linked List,easy,pointer update order,2,planning,unfinished_implementation,GUIDING_QUESTION,Unfinished code should prompt the student to state the next step.,200,GUIDING_QUESTION,true,STUCK_NO_PROGRESS,True,0,3,263,1307,unfinished implementation,2,
699,ML,10,310009,309,reverse-linked-list,Reverse Linked List,easy,pointer update order,3,first_conceptual_error,wrong_condition_first,CONCEPTUAL_HINT,First substantial mistake should receive the least sufficient intervention.,200,CONCEPTUAL_HINT,true,WRONG_CONDITION,True,1,2,270,1042,while condition,1,
700,ML,10,310009,309,reverse-linked-list,Reverse Linked List,easy,pointer update order,4,repeated_conceptual_error,wrong_condition_repeat,CONCEPTUAL_HINT,Repeated mistake should move from location cue to conceptual support.,200,CONCEPTUAL_HINT,true,WRONG_CONDITION,True,1,2,268,1262,while condition,1,
701,ML,10,310009,309,reverse-linked-list,Reverse Linked List,easy,pointer update order,5,partial_logic,partial_but_compiling,CONCEPTUAL_HINT,Compiling but incomplete logic should receive a compact conceptual nudge.,200,CONCEPTUAL_HINT,true,UNKNOWN,True,1,2,269,1216,logic block,1,
702,ML,10,310009,309,reverse-linked-list,Reverse Linked List,easy,pointer update order,6,local_completion,locally_complete,NO_FEEDBACK,Locally complete state should not be interrupted.,200,NO_FEEDBACK,true,UNKNOWN,True,3,0,261,930,logic block,1,
703,ML,10,310010,310,matrix-diagonal-sum,Matrix Diagonal Sum,easy,nested indexing and double counting,1,syntax,missing_statement_ending,CODE_HIGHLIGHT,First syntax error should be localized before giving a concept explanation.,200,CODE_HIGHLIGHT,true,SYNTAX_ERROR,False,0,0,51,1089,statement ending,1,
704,ML,10,310010,310,matrix-diagonal-sum,Matrix Diagonal Sum,easy,nested indexing and double counting,2,planning,unfinished_implementation,GUIDING_QUESTION,Unfinished code should prompt the student to state the next step.,200,GUIDING_QUESTION,true,STUCK_NO_PROGRESS,True,0,3,259,1699,unfinished implementation,2,
705,ML,10,310010,310,matrix-diagonal-sum,Matrix Diagonal Sum,easy,nested indexing and double counting,3,first_conceptual_error,off_by_one_first,CODE_HIGHLIGHT,First substantial mistake should receive the least sufficient intervention.,200,CODE_HIGHLIGHT,true,OFF_BY_ONE,True,1,2,252,1088,for loop condition,1,
706,ML,10,310010,310,matrix-diagonal-sum,Matrix Diagonal Sum,easy,nested indexing and double counting,4,repeated_conceptual_error,off_by_one_repeat,CONCEPTUAL_HINT,Repeated mistake should move from location cue to conceptual support.,200,CONCEPTUAL_HINT,true,OFF_BY_ONE,True,1,2,272,1191,for loop condition,1,
707,ML,10,310010,310,matrix-diagonal-sum,Matrix Diagonal Sum,easy,nested indexing and double counting,5,partial_logic,partial_but_compiling,CONCEPTUAL_HINT,Compiling but incomplete logic should receive a compact conceptual nudge.,200,CONCEPTUAL_HINT,true,UNKNOWN,True,1,2,259,1145,logic block,1,
708,ML,10,310010,310,matrix-diagonal-sum,Matrix Diagonal Sum,easy,nested indexing and double counting,6,local_completion,locally_complete,NO_FEEDBACK,Locally complete state should not be interrupted.,200,NO_FEEDBACK,true,UNKNOWN,True,3,0,260,1000,logic block,1,
709,ML,10,310011,311,roman-to-integer,Roman to Integer,easy,lookahead condition,1,syntax,missing_statement_ending,CODE_HIGHLIGHT,First syntax error should be localized before giving a concept explanation.,200,CODE_HIGHLIGHT,true,SYNTAX_ERROR,False,0,0,49,663,statement ending,1,
710,ML,10,310011,311,roman-to-integer,Roman to Integer,easy,lookahead condition,2,planning,unfinished_implementation,GUIDING_QUESTION,Unfinished code should prompt the student to state the next step.,200,GUIDING_QUESTION,true,STUCK_NO_PROGRESS,True,0,3,257,989,unfinished implementation,2,
711,ML,10,310011,311,roman-to-integer,Roman to Integer,easy,lookahead condition,3,first_conceptual_error,off_by_one_first,CODE_HIGHLIGHT,First substantial mistake should receive the least sufficient intervention.,200,CODE_HIGHLIGHT,true,OFF_BY_ONE,True,1,2,306,1132,for loop condition,1,
712,ML,10,310011,311,roman-to-integer,Roman to Integer,easy,lookahead condition,4,repeated_conceptual_error,off_by_one_repeat,CONCEPTUAL_HINT,Repeated mistake should move from location cue to conceptual support.,200,CONCEPTUAL_HINT,true,OFF_BY_ONE,True,1,2,267,972,for loop condition,1,
713,ML,10,310011,311,roman-to-integer,Roman to Integer,easy,lookahead condition,5,partial_logic,partial_but_compiling,CONCEPTUAL_HINT,Compiling but incomplete logic should receive a compact conceptual nudge.,200,CONCEPTUAL_HINT,true,UNKNOWN,True,1,2,270,1244,logic block,1,
714,ML,10,310011,311,roman-to-integer,Roman to Integer,easy,lookahead condition,6,local_completion,locally_complete,NO_FEEDBACK,Locally complete state should not be interrupted.,200,NO_FEEDBACK,true,UNKNOWN,True,3,0,261,1159,logic block,1,
715,ML,10,310012,312,climbing-stairs,Climbing Stairs,easy,base cases and recurrence,1,syntax,missing_statement_ending,CODE_HIGHLIGHT,First syntax error should be localized before giving a concept explanation.,200,CODE_HIGHLIGHT,true,SYNTAX_ERROR,False,0,0,50,897,statement ending,1,
716,ML,10,310012,312,climbing-stairs,Climbing Stairs,easy,base cases and recurrence,2,planning,unfinished_implementation,GUIDING_QUESTION,Unfinished code should prompt the student to state the next step.,200,GUIDING_QUESTION,true,STUCK_NO_PROGRESS,True,0,3,266,1521,unfinished implementation,2,
717,ML,10,310012,312,climbing-stairs,Climbing Stairs,easy,base cases and recurrence,3,first_conceptual_error,wrong_condition_first,CONCEPTUAL_HINT,First substantial mistake should receive the least sufficient intervention.,200,CONCEPTUAL_HINT,true,WRONG_CONDITION,True,1,2,262,1307,while condition,1,
718,ML,10,310012,312,climbing-stairs,Climbing Stairs,easy,base cases and recurrence,4,repeated_conceptual_error,wrong_condition_repeat,CONCEPTUAL_HINT,Repeated mistake should move from location cue to conceptual support.,200,CONCEPTUAL_HINT,true,WRONG_CONDITION,True,1,2,269,1147,while condition,1,
719,ML,10,310012,312,climbing-stairs,Climbing Stairs,easy,base cases and recurrence,5,partial_logic,partial_but_compiling,CONCEPTUAL_HINT,Compiling but incomplete logic should receive a compact conceptual nudge.,200,CONCEPTUAL_HINT,true,UNKNOWN,True,1,2,256,1195,logic block,1,
720,ML,10,310012,312,climbing-stairs,Climbing Stairs,easy,base cases and recurrence,6,local_completion,locally_complete,NO_FEEDBACK,Locally complete state should not be interrupted.,200,CODE_HIGHLIGHT,false,OFF_BY_ONE,True,1,2,256,1437,for loop condition,1,
